Code Barang,Nama Barang,Month,Vendor,Stock,Harga,Subtotal,Keterangan,Nomor Rak,Kategori,Type,Unit,Saldo Awal,Saldo Akhir,Physical Stock,Difference,Remark,Petugas Opname,Status,Aksi
A1 ATAS,EXTRUSION LINE SML P3425 / LAYAR TOUCHSCREEN BESAR,December 2025,-,2.0,0.0,0.0,,,,,NIU,2.0,2.0,2.0,0.0,,,AMAN,
A1 ATAS,"INVERTER SHIHLIN PRESTRECH REWINDER SC3 2,2 KW 440V 3 PHASE",December 2025,-,0.0,0.0,0.0,,,,,PCE,0.0,0.0,0.0,0.0,,,STOK HABIS / RE-ORDER,
A1 ATAS,"INVERTER SHIHLIN SE3 5,5KW",December 2025,-,0.0,0.0,0.0,,,,,PCE,0.0,0.0,0.0,0.0,,,STOK HABIS / RE-ORDER,
A2 ATAS,SHOCK KAPILER DIAMETER DALAM 6MMX7MM,December 2025,-,0.0,0.0,0.0,,,,,PCE,0.0,0.0,0.0,0.0,,,STOK HABIS / RE-ORDER,
A2ATS,CAT PRIMER (DASAR) 1 KG,December 2025,-,0.0,0.0,0.0,,,,,PCE,0.0,0.0,0.0,0.0,,,STOK HABIS / RE-ORDER,
A2ATS,"CAT FINISING  NIPPON PAIN D-DEEP 2,5KG",December 2025,-,0.0,0.0,0.0,,,,,PCE,0.0,0.0,0.0,0.0,,,STOK HABIS / RE-ORDER,
A3ATAS,LCD PANEL 1 PK CN,December 2025,-,0.0,0.0,0.0,,,,,PCE,0.0,0.0,0.0,0.0,,,STOK HABIS / RE-ORDER,
A3ATAS,ENCODER DS/BC HS35F-62 R9-B9-1024-ABZC-28V-SM18-S,December 2025,-,0.0,0.0,0.0,,,,,PCE,0.0,0.0,0.0,0.0,,,STOK HABIS / RE-ORDER,
A3ATS,HEIDENHAIN ENCODER EQN1325 51262S12-78,December 2025,-,0.0,0.0,0.0,sudah terpasang di ds/bc kita sudah tidak ada spare perlu beli baru di karenakan sudah tidak ada stock yang tersedia untuk backup.,,,,PCE,0.0,0.0,0.0,0.0,,,URGENT/HARUS SEGERA ORDER,
A3ATS,SERVO PARKER 208.500 3 PH AC 50/60HZ (REPAIR),December 2025,-,0.0,0.0,0.0,,,,,NIU,0.0,0.0,0.0,0.0,,,STOK HABIS / RE-ORDER,
A3ATS,POWER SUPLY MC DS,December 2025,-,0.0,0.0,0.0,,,,,NIU,0.0,0.0,0.0,0.0,,,STOK HABIS / RE-ORDER,
A3ATS,LEM FIXOL SC 2000 HARDENER,December 2025,-,0.0,0.0,0.0,,,,,PCE,0.0,0.0,0.0,0.0,,,STOK HABIS / RE-ORDER,
A3 ATAS,INSULFLEX ,December 2025,-,0.0,0.0,0.0,,,,,PCE,0.0,0.0,0.0,0.0,,,STOK HABIS / RE-ORDER,
B5,LOCTITE 271 ,December 2025,-,0.0,0.0,0.0,,,,,PCE,0.0,0.0,0.0,0.0,,,STOK HABIS / RE-ORDER,
B5,GREASE ANTI SEIZE,December 2025,-,0.0,0.0,0.0,,,,,PCE,0.0,0.0,0.0,0.0,,,STOK HABIS / RE-ORDER,
A3 ATS,CAT DANEGOLES ORANGE,December 2025,-,0.0,0.0,0.0,,,,,PCE,0.0,0.0,0.0,0.0,,,STOK HABIS / RE-ORDER,
A3 ATS,CAT DANEGOLES ABU-ABU,December 2025,-,0.0,0.0,0.0,,,,,PCE,0.0,0.0,0.0,0.0,,,STOK HABIS / RE-ORDER,
A3ATS,CLEAR GROSS,December 2025,-,0.0,0.0,0.0,,,,,PCE,0.0,0.0,0.0,0.0,,,STOK HABIS / RE-ORDER,
A3ATS,SPRAY GUN STEM,December 2025,-,0.0,0.0,0.0,,,,,PCE,0.0,0.0,0.0,0.0,,,STOK HABIS / RE-ORDER,
A3ATS,CAT DANAPEN 6237 0RANGE,December 2025,-,0.0,0.0,0.0,,,,,PCE,0.0,0.0,0.0,0.0,,,STOK HABIS / RE-ORDER,
A3ATS,CAT DANAPEN GRAY 0020,December 2025,-,0.0,0.0,0.0,,,,,PCE,0.0,0.0,0.0,0.0,,,STOK HABIS / RE-ORDER,
A3ATS,CAT DANAPEN BLACK 222-0020,December 2025,-,0.0,0.0,0.0,,,,,PCE,0.0,0.0,0.0,0.0,,,STOK HABIS / RE-ORDER,
A3ATS,VIXAL,December 2025,-,0.0,0.0,0.0,,,,,PCE,0.0,0.0,0.0,0.0,,,STOK HABIS / RE-ORDER,
A3ATS,OBAT KAWAT LAS SILVER BRANZING FLUX,December 2025,-,0.0,0.0,0.0,,,,,PCE,0.0,0.0,0.0,0.0,,,STOK HABIS / RE-ORDER,
A3ATS,SILICONE GASKET RED RTV 650*F,December 2025,-,0.0,0.0,0.0,,,,,PCE,0.0,0.0,0.0,0.0,,,STOK HABIS / RE-ORDER,
A3ATAS,MANKIEWICHZ VERDUNNER/THINNER 53,December 2025,-,0.0,0.0,0.0,,,,,PCE,0.0,0.0,0.0,0.0,,,STOK HABIS / RE-ORDER,
A3ATS,CAT NIPPON PAINT 6237/ 492T GREY,December 2025,-,0.0,0.0,0.0,,,,,KG,0.0,0.0,0.0,0.0,,,STOK HABIS / RE-ORDER,
A3ATS,CAT ABU- ABU GRAY 0020 CAT EXCELENT WHITE 200,December 2025,-,0.0,0.0,0.0,,,,,KG,0.0,0.0,0.0,0.0,,,STOK HABIS / RE-ORDER,
A3ATAS,CAT EXCELENT WHITE 200,December 2025,-,0.0,0.0,0.0,,,,,KG,0.0,0.0,0.0,0.0,,,STOK HABIS / RE-ORDER,
A1,"Trafo Kipas Panel Mesin/capasitor 3,5 micro 450V,ac 50/60Hz",December 2025,-,4.0,0.0,0.0,,,,,PCE,4.0,4.0,4.0,0.0,,,AMAN,
A1,cpasitor 2 micro 400/450V AC 50/60Hz(A5),December 2025,-,0.0,0.0,0.0,,,,,PCE,0.0,0.0,0.0,0.0,,,STOK HABIS / RE-ORDER,
A1,Kapasitor/capasitor 400/450V AC 50/60Hz (Mesin NGR)9 micro,December 2025,-,2.0,0.0,0.0,,,,,PCE,2.0,2.0,2.0,0.0,,,AMAN,
A1,KAPASITOR 8 MICRON,December 2025,-,1.0,0.0,0.0,,,,,PCE,1.0,1.0,1.0,0.0,,,AMAN,
A1,Fuse 10A,December 2025,-,37.0,0.0,0.0,,,,,PCE,37.0,37.0,37.0,0.0,,,AMAN,
A1,Fuse 30A,December 2025,-,8.0,0.0,0.0,,,,,PCE,8.0,8.0,8.0,0.0,,,AMAN,
A1,Fuse 15A,December 2025,-,12.0,0.0,0.0,,,,,PCE,12.0,12.0,12.0,0.0,,,AMAN,
A1,Fuse 5A,December 2025,-,25.0,0.0,0.0,,,,,PCE,26.0,25.0,25.0,-1.0,,,AMAN,
A1,Fuse 4A,December 2025,-,7.0,0.0,0.0,,,,,PCE,7.0,7.0,7.0,0.0,,,AMAN,
A1,Fuse 12A,December 2025,-,11.0,0.0,0.0,,,,,PCE,11.0,11.0,11.0,0.0,,,AMAN,
A1,Fuse 25A,December 2025,-,7.0,0.0,0.0,,,,,PCE,13.0,7.0,7.0,-6.0,,,AMAN,
A1,Fuse 20A,December 2025,-,7.0,0.0,0.0,,,,,PCE,9.0,7.0,7.0,-2.0,,,AMAN,
A1,Fuse 8A,December 2025,-,11.0,0.0,0.0,,,,,PCE,11.0,11.0,11.0,0.0,,,AMAN,
A1,Fuse  1 A,December 2025,-,11.0,0.0,0.0,,,,,PCE,11.0,11.0,11.0,0.0,,,AMAN,
A1,Fuse 16 A,December 2025,-,15.0,0.0,0.0,,,,,PCE,7.0,15.0,15.0,8.0,,,AMAN,
A1,Fuse 3 A,December 2025,-,10.0,0.0,0.0,,,,,PCE,10.0,10.0,10.0,0.0,,,AMAN,
A1,Fuse 2A,December 2025,-,11.0,0.0,0.0,,,,,PCE,11.0,11.0,11.0,0.0,,,AMAN,
A1,FUSE LPJ-150 SP 150A POMPA CHILLER DS,December 2025,-,1.0,0.0,0.0,,,,,PCE,1.0,1.0,1.0,0.0,,,AMAN,
A1,FUSE LPJ-50 SP 50A POMPA CHILLER DS,December 2025,-,3.0,0.0,0.0,,,,,PCE,3.0,3.0,3.0,0.0,,,AMAN,
A1,FUSE LPJ-30 SP 30A POMPA CHILLER DS,December 2025,-,3.0,0.0,0.0,,,,,PCE,3.0,3.0,3.0,0.0,,,AMAN,
A1,"Fuse 0,5 A 250 w",December 2025,-,0.0,0.0,0.0,,,,,PCE,0.0,0.0,0.0,0.0,,,STOK HABIS / RE-ORDER,
A1,FUSE MDA 4A,December 2025,-,11.0,0.0,0.0,,,,,PCE,11.0,11.0,11.0,0.0,,,AMAN,
A1,FUSE KERAMIK 6X32MM 315 MA 500V (SIBA189140),December 2025,-,6.0,0.0,0.0,,,,,PCE,6.0,6.0,6.0,0.0,,,AMAN,
A1,FUSE KERAMIK 12A MDF WRAPING LANTECH,December 2025,-,17.0,0.0,0.0,,,,,PCE,17.0,17.0,17.0,0.0,,,AMAN,
A1,FUSE 2A 500V RS58 KERAMIK,December 2025,-,10.0,0.0,0.0,,,,,PCE,10.0,10.0,10.0,0.0,,,AMAN,
A1,FUSE 2A 250V KAPSUL,December 2025,-,6.0,0.0,0.0,,,,,PCE,6.0,6.0,6.0,0.0,,,AMAN,
A1,FUSE AC 13A,December 2025,-,11.0,0.0,0.0,,,,,PCE,11.0,11.0,11.0,0.0,,,AMAN,
A1,switch on/off untuk mc blow,December 2025,-,3.0,0.0,0.0,,,,,PCE,3.0,3.0,3.0,0.0,,,AMAN,
A1,VIUS EL-CO 500V 50 A,December 2025,-,15.0,0.0,0.0,,,,,PCE,15.0,15.0,15.0,0.0,,,AMAN,
A1,VIUS EL-CO 500V 35 A,December 2025,-,30.0,0.0,0.0,,,,,PCE,30.0,30.0,30.0,0.0,,,AMAN,
A1,VIUS EL-CO 500V 20 A,December 2025,-,14.0,0.0,0.0,,,,,PCE,14.0,14.0,14.0,0.0,,,AMAN,
A1,VIUS EL-CO 500V 6A,December 2025,-,14.0,0.0,0.0,,,,,PCE,14.0,14.0,14.0,0.0,,,AMAN,
A1,VIUS EL-CO 500V 16 A,December 2025,-,34.0,0.0,0.0,,,,,PCE,34.0,34.0,34.0,0.0,,,AMAN,
A1,Vius EL-CO 63A 500V c5770,December 2025,-,14.0,0.0,0.0,,,,,PCE,14.0,14.0,14.0,0.0,,,AMAN,
A1,VIUS EL-CO 500V 25 A,December 2025,-,44.0,0.0,0.0,,,,,PCE,44.0,44.0,44.0,0.0,,,AMAN,
A1,VIUS 25A 500V GL,December 2025,-,10.0,0.0,0.0,,,,,PCE,10.0,10.0,10.0,0.0,,,AMAN,
A1,TOGLE SWITCH,December 2025,-,5.0,0.0,0.0,,,,,PCE,5.0,5.0,5.0,0.0,,,AMAN,
A1,FIUS SIBA 80A 500V 120KA,December 2025,-,3.0,0.0,0.0,,,,,PCE,3.0,3.0,3.0,0.0,,,AMAN,
A1,FIUSE-LINKS 100A 500V SIBA,December 2025,-,4.0,0.0,0.0,,,,,PCE,4.0,4.0,4.0,0.0,,,AMAN,
A1,"FIUSE-LINKS 63A 500V SIBA, EATON",December 2025,-,8.0,0.0,0.0,,,,,PCE,8.0,8.0,8.0,0.0,,,AMAN,
A1,FIUSE-LINKS 125A 500V FERRAZ SHAWMUT M.SCHNEIDER,December 2025,-,0.0,0.0,0.0,,,,,PCE,0.0,0.0,0.0,0.0,,,STOK HABIS / RE-ORDER,
A1,FIUSE  EATON 125 NHG00B 125A 500VAC,December 2025,-,3.0,0.0,0.0,,,,,PCE,5.0,3.0,3.0,-2.0,,,AMAN,
A1,FIUS 125A EUROFUSE,December 2025,-,0.0,0.0,0.0,,,,,PCE,0.0,0.0,0.0,0.0,,,STOK HABIS / RE-ORDER,
A1,FIUSE SIEMENS 125A,December 2025,-,0.0,0.0,0.0,,,,,PCE,0.0,0.0,0.0,0.0,,,STOK HABIS / RE-ORDER,
A1,FIUSE-LINKS 35A 500V SIEMENS,December 2025,-,5.0,0.0,0.0,,,,,PCE,5.0,5.0,5.0,0.0,,,AMAN,
A1,FIUSE-LINKS 125A 400V JEAN MULLER,December 2025,-,0.0,0.0,0.0,,,,,PCE,0.0,0.0,0.0,0.0,,,STOK HABIS / RE-ORDER,
A1,FIUSE-LINKS 160A 500V M.SCHNEIDER,December 2025,-,3.0,0.0,0.0,,,,,PCE,3.0,3.0,3.0,0.0,,,AMAN,
A5,SOKET RELAY MY2N-GS 220 VAC,December 2025,-,0.0,0.0,0.0,,,,,PCE,0.0,0.0,0.0,0.0,,,STOK HABIS / RE-ORDER,
A1,EATON 170M4768  FUSE 800A 690V,December 2025,-,4.0,0.0,0.0,,,,,PCE,4.0,4.0,4.0,0.0,,,AMAN,
A1,"RUMAH FUSE ,SIKRING",December 2025,-,3.0,0.0,0.0,,,,,SET,3.0,3.0,3.0,0.0,,,AMAN,
A1,CAPASITOR UNION 4MICRON,December 2025,-,2.0,0.0,0.0,,,,,PCE,2.0,2.0,2.0,0.0,,,AMAN,
A1,FUSE 5A (KECIL)250V,December 2025,-,9.0,0.0,0.0,,,,,PCE,9.0,9.0,9.0,0.0,,,AMAN,
A1,FUSE 4A (KECIL) 250V,December 2025,-,5.0,0.0,0.0,,,,,PCE,5.0,5.0,5.0,0.0,,,AMAN,
A1,FUSE 2A (KECIL) 250V,December 2025,-,8.0,0.0,0.0,,,,,PCE,8.0,8.0,8.0,0.0,,,AMAN,
A1,"FUSE 63A 660V 4,46W",December 2025,-,3.0,0.0,0.0,,,,,PCE,3.0,3.0,3.0,0.0,,,AMAN,
A1,CAPASITOR 5 MIKRON untuk pompa,December 2025,-,2.0,0.0,0.0,,,,,PCE,2.0,2.0,2.0,0.0,,,AMAN,
A1,CAPASITOR 6 MIKRON,December 2025,-,2.0,0.0,0.0,,,,,PCE,2.0,2.0,2.0,0.0,,,AMAN,
A1,CPASITOR  UNICON 35 MICRO 400/450V,December 2025,-,2.0,0.0,0.0,,,,,PCE,2.0,2.0,2.0,0.0,,,AMAN,
A1,CAPASITOR MC 400/450V 6 MICRON,December 2025,-,0.0,0.0,0.0,,,,,PCE,0.0,0.0,0.0,0.0,,,STOK HABIS / RE-ORDER,
A1,FIUS EATON FWH-125B,December 2025,-,3.0,0.0,0.0,,,,,PCE,3.0,3.0,3.0,0.0,,,AMAN,
A1,FIUS EATON 100A 690 VAC,December 2025,-,2.0,0.0,0.0,,,,,PCE,2.0,2.0,2.0,0.0,,,AMAN,
A1,MICRO SWITCH HY-R704C HANYOUNG NUX,December 2025,-,1.0,0.0,0.0,,,,,PCE,1.0,1.0,1.0,0.0,,,AMAN,
A1,CAPASITOR 1 MICRON 400V 50/60HZ,December 2025,-,0.0,0.0,0.0,,,,,PCE,0.0,0.0,0.0,0.0,,,STOK HABIS / RE-ORDER,
A1,SWITCH ON-OFF SVGOCN,December 2025,-,0.0,0.0,0.0,,,,,PCE,0.0,0.0,0.0,0.0,,,STOK HABIS / RE-ORDER,
A1,POTENSIO 20K,December 2025,-,1.0,0.0,0.0,,,,,PCE,1.0,1.0,1.0,0.0,,,AMAN,
A1,"CAPASITOR 1,2 MICRON",December 2025,-,4.0,0.0,0.0,,,,,PCE,4.0,4.0,4.0,0.0,,,AMAN,
A1,"CAPASITOR 1,5 MICRON",December 2025,-,2.0,0.0,0.0,,,,,PCE,2.0,2.0,2.0,0.0,,,AMAN,
A1,"FUSE FORKLIFT 7,5A(PENDEK)",December 2025,-,13.0,0.0,0.0,,,,,PCE,13.0,13.0,13.0,0.0,,,AMAN,
A1,FUSE FORKLIFT 10A (PENDEK),December 2025,-,11.0,0.0,0.0,,,,,PCE,11.0,11.0,11.0,0.0,,,AMAN,
A1,FUSE FORKLIFT 10A (PANJANG),December 2025,-,7.0,0.0,0.0,,,,,PCE,7.0,7.0,7.0,0.0,,,AMAN,
A1,FUSE FORKLIFT 30A (PENDEK),December 2025,-,6.0,0.0,0.0,,,,,PCE,7.0,6.0,6.0,-1.0,,,AMAN,
A1,FUSE FORKLIFT 15A (PENDEK),December 2025,-,9.0,0.0,0.0,,,,,PCE,10.0,9.0,9.0,-1.0,,,AMAN,
A1,FUSE FORKLIFT 20A (PENDEK),December 2025,-,10.0,0.0,0.0,,,,,PCE,10.0,10.0,10.0,0.0,,,AMAN,
A1,KAPASITOR RT F3AA012E 12 VDC MC ARVOR,December 2025,-,14.0,0.0,0.0,,,,,PCE,14.0,14.0,14.0,0.0,,,AMAN,
A1,POTENSIO METER 1826 MEX10K+- 5% 534-11103,December 2025,-,2.0,0.0,0.0,,,,,PCE,2.0,2.0,2.0,0.0,,,AMAN,
A1,POTENSIO RV 24YN 20S,December 2025,-,2.0,0.0,0.0,,,,,PCE,2.0,2.0,2.0,0.0,,,AMAN,
A1,TURNS  COUNTING DIAL,December 2025,-,0.0,0.0,0.0,,,,,PCE,0.0,0.0,0.0,0.0,,,STOK HABIS / RE-ORDER,
A1,POTENSIO 50K,December 2025,-,3.0,0.0,0.0,,,,,PCE,3.0,3.0,3.0,0.0,,,AMAN,
A1,POTENSIO 10K,December 2025,-,2.0,0.0,0.0,,,,,PCE,2.0,2.0,2.0,0.0,,,AMAN,
A1,POTENSIO 250K,December 2025,-,3.0,0.0,0.0,,,,,PCE,3.0,3.0,3.0,0.0,,,AMAN,
A1,RESISTOR KERAMIK 5W 47 OM,December 2025,-,4.0,0.0,0.0,,,,,PCE,4.0,4.0,4.0,0.0,,,AMAN,
A1,RESISTOR KERAMIK 5W 330 OM,December 2025,-,0.0,0.0,0.0,,,,,PCE,0.0,0.0,0.0,0.0,,,STOK HABIS / RE-ORDER,
A1,RESISTOR KERAMIK 5W 100 OM,December 2025,-,1.0,0.0,0.0,,,,,PCE,1.0,1.0,1.0,0.0,,,AMAN,
A1,MICRO SWITCH 15A 250V,December 2025,-,4.0,0.0,0.0,,,,,PCE,4.0,4.0,4.0,0.0,,,AMAN,
A1,RESISTOR 2 OHM 1 WATT UNTUK CHARGER ACCU,December 2025,-,6.0,0.0,0.0,,,,,PCE,6.0,6.0,6.0,0.0,,,AMAN,
A1,IC 501265 RF=F05 (KAKI 5) CHARGER ACCU,December 2025,-,2.0,0.0,0.0,,,,,PCE,2.0,2.0,2.0,0.0,,,AMAN,
A1,IC 7815 CV,December 2025,-,0.0,0.0,0.0,,,,,PCE,0.0,0.0,0.0,0.0,,,STOK HABIS / RE-ORDER,
A1,RILAY 24 VDC+SOCKET GENSET,December 2025,-,0.0,0.0,0.0,,,,,SET,0.0,0.0,0.0,0.0,,,STOK HABIS / RE-ORDER,
A1,SWITCH OLI GENSET,December 2025,-,0.0,0.0,0.0,,,,,PCE,0.0,0.0,0.0,0.0,,,STOK HABIS / RE-ORDER,
A1,SOCKET KABEL,December 2025,-,0.0,0.0,0.0,,,,,KANTONG,0.0,0.0,0.0,0.0,,,STOK HABIS / RE-ORDER,
A1,SHUT OFF VALVE,December 2025,-,0.0,0.0,0.0,,,,,PCE,0.0,0.0,0.0,0.0,,,STOK HABIS / RE-ORDER,
A1,COMPACT FLASH 5CFCRD 0512-06,December 2025,-,0.0,0.0,0.0,,,,,PCE,0.0,0.0,0.0,0.0,,,STOK HABIS / RE-ORDER,
A1,TERMINAL TELPON 2 PORT,December 2025,-,0.0,0.0,0.0,,,,,PCE,0.0,0.0,0.0,0.0,,,STOK HABIS / RE-ORDER,
A1,KABEL TELPON  USB,December 2025,-,0.0,0.0,0.0,,,,,PCE,0.0,0.0,0.0,0.0,,,STOK HABIS / RE-ORDER,
(A2),Resolver TS 2650 Servo MOXKX 63893556  BRT tamagawa,December 2025,-,2.0,0.0,0.0,,,,63893556,PCE,2.0,2.0,2.0,0.0,,,AMAN,
(A2),HILFSSCHALTBLOCK GV AE20 1S+1S AUXILIARY CONTACT BLOCK 63215417,December 2025,-,2.0,0.0,0.0,,,,63215417,PCE,2.0,2.0,2.0,0.0,,,AMAN,
A4,"INSTRUMENT INC .USB Port 100 TO 120V AC,50/60HZ 40VA MAX",December 2025,-,2.0,0.0,0.0,,,,,PCE,2.0,2.0,2.0,0.0,,,AMAN,
(A2),CABLE EDGE PINNER SERIES CHARGING APLICATOR SIMCO 4008144C,December 2025,-,1.0,0.0,0.0,,,,,PCE,1.0,1.0,1.0,0.0,,,AMAN,
(A2),REMOTE GRAPHIC DISPLAY TERMINAL SCHNEIDER VW3A1101 CPU V2.5 IE21 FLASH V1.1 IE32,December 2025,-,1.0,0.0,0.0,,,,,PCE,1.0,1.0,1.0,0.0,,,AMAN,
(A2),LENZE USB DIAGNOSE ADAPTER SERVO DRIVES 9400 E94AZCUS ,December 2025,-,1.0,0.0,0.0,,,,E94AZCUS,PCE,1.0,1.0,1.0,0.0,,,AMAN,
A2,SAFETY SWITCH SICHERCH SENSOR BNS 120-02Z 100VA/DC M12,December 2025,-,0.0,0.0,0.0,,,,63270796,PCE,0.0,0.0,0.0,0.0,,,STOK HABIS / RE-ORDER,
A2,SENSOR SCHMERSAL D=12MM IDEC JS 121-3M,December 2025,-,2.0,0.0,0.0,,,,,PCE,2.0,2.0,2.0,0.0,,,AMAN,
A2,SENSOR PNP PULSO TRONIC 10-30VDC 200 Ma,December 2025,-,2.0,0.0,0.0,,,,,PCE,2.0,2.0,2.0,0.0,,,AMAN,
A2,"INITIATOR IND 10-30VDC PNP M5X0,5 BALLUFF INDUCTIVE SENSOR BES00H6",December 2025,-,0.0,0.0,0.0,,,,63271231,PCE,0.0,0.0,0.0,0.0,,,STOK HABIS / RE-ORDER,
A2,SENSOR PROXIMITY BALLUFF BES0068,December 2025,-,3.0,0.0,0.0,,,,,PCE,3.0,3.0,3.0,0.0,,,AMAN,
A2,AUTONICS PROXIMITY SENSOR CR18-8DP 113150020LE,December 2025,-,0.0,0.0,0.0,,,,,PCE,0.0,0.0,0.0,0.0,,,STOK HABIS / RE-ORDER,
A2,SENSOR PROXIMITY PEPPERL NBN8-18GM50-E2 MEJA WINDER DS,December 2025,-,3.0,0.0,0.0,,,,,PCE,3.0,3.0,3.0,0.0,,,AMAN,
A2,INITIATOR IND 24VDC PNPS 12X1X61 4mm M12  Sensor SICK D-79183 waldkirch IME12-02BPSZCOS CHUCK SML,December 2025,-,1.0,0.0,0.0,,,,,PCE,1.0,1.0,1.0,0.0,,,AMAN,
A2,SENSOR  MC NGR,December 2025,-,2.0,0.0,0.0,,,,,PCE,2.0,2.0,2.0,0.0,,,AMAN,
A2,LENZE ETHERNET CABLE EWL0071  13426815,December 2025,-,1.0,0.0,0.0,,,,,PCE,1.0,1.0,1.0,0.0,,,AMAN,
A2,SENSOR MELT PRESSURE P11171400.01. STD,December 2025,-,5.0,0.0,0.0,,,,,PCE,5.0,5.0,5.0,0.0,,,AMAN,
A2,SCHNEIDER USB - MODBUS SL UNIVERSAL CABLE JB-17-23 TCSMCNAM3M002P 007815,December 2025,-,1.0,0.0,0.0,,,,,PCE,1.0,1.0,1.0,0.0,,,AMAN,
A2,PHOENIX CONTACT CONNECTOR VS-08-RJ45-5-Q/IP20 SET 20,December 2025,-,11.0,0.0,0.0,,,,,PCE,11.0,11.0,11.0,0.0,,,AMAN,
A2,IMI NORGREN CONNECTOR V11570-E03  D18DPIP,December 2025,-,1.0,0.0,0.0,,,,,PCE,1.0,1.0,1.0,0.0,,,AMAN,
A1,FUSE 32A,December 2025,-,10.0,0.0,0.0,,,,,PCE,10.0,10.0,10.0,0.0,,,AMAN,
A2,sensor SICK WL18-3P430 10-30V 5313782,December 2025,-,4.0,0.0,0.0,,,,,PCE,4.0,4.0,4.0,0.0,,,AMAN,
A2,SENSOR SICK WL 100-P3439,December 2025,-,2.0,0.0,0.0,,,,,PCE,2.0,2.0,2.0,0.0,,,AMAN,
A2,SENSOR SICK L28S-3D2431,December 2025,-,2.0,0.0,0.0,,,,,PCE,2.0,2.0,2.0,0.0,,,AMAN,
A2,SENSOR SICK L28E-3P2431,December 2025,-,2.0,0.0,0.0,,,,,PCE,2.0,2.0,2.0,0.0,,,AMAN,
A2,SENSOR SICK WL100-P3230,December 2025,-,0.0,0.0,0.0,,,,,PCE,0.0,0.0,0.0,0.0,,,STOK HABIS / RE-ORDER,
A2,SENSOR WL23--2P2432S02,December 2025,-,2.0,0.0,0.0,,,,,PCE,2.0,2.0,2.0,0.0,,,AMAN,
A2,KABEL KONEKTOR 4 PIN D=8MM CHILLER,December 2025,-,1.0,0.0,0.0,,,,,PCE,1.0,1.0,1.0,0.0,,,AMAN,
A2,TEMPERATURE CONTROLLER TK4H-24CR(Autonics) 100-240VAC,December 2025,-,0.0,0.0,0.0,,,,,PCE,0.0,0.0,0.0,0.0,,,STOK HABIS / RE-ORDER,
A4,"Modul SML 1, communication module v1/v2 1xCAN 31f787-9-1",December 2025,-,3.0,0.0,0.0,,,,,PCE,3.0,3.0,3.0,0.0,,,AMAN,
A2,"HILTSSCHALTER 2B4 10 2BE 1025,F2 AUXILARY SWITCH 63263663",December 2025,-,1.0,0.0,0.0,,,,63263663,PCE       ,1.0,1.0,1.0,0.0,,,AMAN,
A2,LIMIT SWICH 300V 2.5KV  240-3A EMAS untuk NGR ,December 2025,-,0.0,0.0,0.0,,,,L5K23LUM321,PCE,0.0,0.0,0.0,0.0,,,STOK HABIS / RE-ORDER,
A2,LIMIT SWICT D4NS-2AF OMRON,December 2025,-,0.0,0.0,0.0,,,,,PCE,0.0,0.0,0.0,0.0,,,STOK HABIS / RE-ORDER,
A2,FORT POWER SUPPLY S-201- 24  115-230VAC ,December 2025,-,0.0,0.0,0.0,,,,,PCE,0.0,0.0,0.0,0.0,,,STOK HABIS / RE-ORDER,
A2,MW SWITCHING POWER SUPPLY NES-100-24  200-240VAC,December 2025,-,0.0,0.0,0.0,,,,,PCE,0.0,0.0,0.0,0.0,,,STOK HABIS / RE-ORDER,
A2,"MAGNETSCHALTER M/42/P STECKER D=8mm,3P SWITCH 62019943",December 2025,-,2.0,0.0,0.0,,,,62019943,PCE,2.0,2.0,2.0,0.0,,,AMAN,
A2,SCHNEIDER SCHLOSSEL 2BG 455 KEY,December 2025,-,2.0,0.0,0.0,,,,63263528,PCE,2.0,2.0,2.0,0.0,,,AMAN,
A2,INDUCTIVE POSITIONING SYSTEM,December 2025,-,2.0,4770200.0,9540400.0,,,,,PCE,2.0,2.0,2.0,0.0,,,AMAN,
A2,B159-167 SCHNEIDER ELECTRIC VW3A3202 ATV61/ATV71 I/O CARD,December 2025,-,0.0,0.0,0.0,,,,,PCE,0.0,0.0,0.0,0.0,,,STOK HABIS / RE-ORDER,
A2,MODUL VW3A3201 LOGIC,December 2025,-,0.0,0.0,0.0,,,,,PCE,0.0,0.0,0.0,0.0,,,STOK HABIS / RE-ORDER,
A2,INDUCTIVE SENSOR CONTRINEX 3 PIN 10-30 VDC DW-AD-623-M5,December 2025,-,4.0,0.0,0.0,,,,,PCE,4.0,4.0,4.0,0.0,,,AMAN,
A2,SENSOR AUTONICS PRCM12-4DP,December 2025,-,0.0,0.0,0.0,,,,,PCE,0.0,0.0,0.0,0.0,,,STOK HABIS / RE-ORDER,
A2,SENSOR PEPPERL NBB4-12GM50-E2-V1,December 2025,-,0.0,0.0,0.0,,,,,PCE,0.0,0.0,0.0,0.0,,,STOK HABIS / RE-ORDER,
A2,SENSOR PROXIMITY IFT 200 IFB3007-BPKG/M/V4A/US-104-DPS,December 2025,-,1.0,0.0,0.0,,,,,PCE,1.0,1.0,1.0,0.0,,,AMAN,
A2,HANYOUNG NUX SENSOR UP12RM-2NA 24,December 2025,-,1.0,0.0,0.0,,,,,PCE,1.0,1.0,1.0,0.0,,,AMAN,
A2,SENSOR PROXIMITY SWITCH 1927426 10 100 EN5710 10-30VDC (SPINDEL),December 2025,-,3.0,0.0,0.0,,,,,PCE,3.0,3.0,3.0,0.0,,,AMAN,
A2,OPTYCAR SOURCE FOR EP 1 SENSOR ART NO.CO28.009,December 2025,-,1.0,4070480.0,4070480.0,,,,,PCE,1.0,1.0,1.0,0.0,,,AMAN,
A2,ULTRASCHALL SENSOR UNAM 100-1000MM,December 2025,-,3.0,0.0,0.0,,,,,PCE       ,3.0,3.0,3.0,0.0,,,AMAN,
A2,PROXIMITY SWITCH SENSOR PNP D-M9P SMC AWM E41447 HITACHI DS/BC,December 2025,-,8.0,0.0,0.0,,,,,PCE,8.0,8.0,8.0,0.0,,,AMAN,
A2,SENSOR BAUMER UNAM 18P6903/S14,December 2025,-,2.0,0.0,0.0,,,,,PCE,2.0,2.0,2.0,0.0,,,AMAN,
A2,"SOCKET PROXIMITY SWICH SENSOR YCZX 3X0,3MM",December 2025,-,4.0,0.0,0.0,,,,,PCE,4.0,4.0,4.0,0.0,,,AMAN,
A2,METAL MODUL METAL MASHINE TOOL ACCESSORIES,December 2025,-,0.0,0.0,0.0,,,,,PCE,0.0,0.0,0.0,0.0,,,STOK HABIS / RE-ORDER,
A2,FLOAT SWITCH HANBEL LEVEL OIL CHILLER OUMAL,December 2025,-,2.0,0.0,0.0,,,,,PCE,2.0,2.0,2.0,0.0,,,AMAN,
A2,BATRAI  PLC SANYO OMRON CJ1W-BAT01,December 2025,-,2.0,0.0,0.0,,,,,PCE,2.0,2.0,2.0,0.0,,,AMAN,
A2,SOCKET TELEPON RG-48,December 2025,-,0.0,0.0,0.0,,,,,PCE,0.0,0.0,0.0,0.0,,,STOK HABIS / RE-ORDER,
A2,SOCKET SENSOR  SICK DE-79183  YF2A14-020VB3XLEAX 2096234,December 2025,-,2.0,0.0,0.0,,,,,PCE,2.0,2.0,2.0,0.0,,,AMAN,
A2,SENSOR SICK L4OS-2IMAIA 4 PIN,December 2025,-,1.0,0.0,0.0,,,,,PCE,1.0,1.0,1.0,0.0,,,AMAN,
A2,SENSOR SICK L4OE-2IMAIA 4 PIN,December 2025,-,1.0,0.0,0.0,,,,,PCE,1.0,1.0,1.0,0.0,,,AMAN,
A2,CARD DRIVE MC BC,December 2025,-,0.0,0.0,0.0,,,,,PCE,0.0,0.0,0.0,0.0,,,STOK HABIS / RE-ORDER,
A2,"SENSOR FESTO SME-8M-A-PS-24V-E-2,5-OE SWIPEL SPINDLE",December 2025,-,6.0,0.0,0.0,,,,,PCE,4.0,6.0,6.0,2.0,,,AMAN,
A2,SENSOR IMI NORGREN M/50/EAP/10V L6DSI,December 2025,-,0.0,0.0,0.0,,,,,PCE,0.0,0.0,0.0,0.0,,,STOK HABIS / RE-ORDER,
A2,POWER SUPPLAY FORT 110-220V,December 2025,-,2.0,0.0,0.0,,,,,PCE,2.0,2.0,2.0,0.0,,,AMAN,
A2,"POWER SUPPLY MW LRS-150-24 6,5A",December 2025,-,2.0,0.0,0.0,,,,,PCE,2.0,2.0,2.0,0.0,,,AMAN,
A2,POWER SUPPLAY S-480-48 48V 10A,December 2025,-,0.0,0.0,0.0,,,,,PCE,0.0,0.0,0.0,0.0,,,STOK HABIS / RE-ORDER,
A2,"POWER SUPPLAY SDR-480-48 100-240VAC 5,0A 48V 10A",December 2025,-,2.0,0.0,0.0,,,,,PCE,2.0,2.0,2.0,0.0,,,AMAN,
A2,METAL WORK SENSOR W095431/IFM MK5119/FESTO SME-DS-24V/SICK MZT8-2V8PS-KPDS26 CORE PUSHER AUXILARY,December 2025,-,3.0,0.0,0.0,,,,,PCE,3.0,3.0,3.0,0.0,,,AMAN,
A2,SENSOR PROXIMITY FESTO 150855 B613,December 2025,-,1.0,0.0,0.0,,,,,PCE,1.0,1.0,1.0,0.0,,,AMAN,
A2,SENSOR PROXIMITY SWITCH SICK IM18-10BNS-NC1,December 2025,-,1.0,0.0,0.0,,,,,PCE,1.0,1.0,1.0,0.0,,,AMAN,
A2,SENSOR C1D4-5,December 2025,-,2.0,0.0,0.0,,,,,PCE,2.0,2.0,2.0,0.0,,,AMAN,
A2,SENSOR PROXIMITY MC SIAT PNP NC N14-M12-RP6X-H1141 PIN 4,December 2025,-,1.0,0.0,0.0,,,,,PCE,1.0,1.0,1.0,0.0,,,AMAN,
A2,SHORT M12 8MM PNP NC12PROXY,December 2025,-,0.0,0.0,0.0,,,,,PCE,0.0,0.0,0.0,0.0,,,STOK HABIS / RE-ORDER,
A2,TEMP CONTROL CHILLER,December 2025,-,3.0,0.0,0.0,,,,,PCE,3.0,3.0,3.0,0.0,,,AMAN,
A2,SENSOR MTX STORE(IC),December 2025,-,4.0,0.0,0.0,,,,,PCE,4.0,4.0,4.0,0.0,,,AMAN,
A2,SOCKET DINAMO AMPER 3 PIN 162,December 2025,-,0.0,0.0,0.0,,,,,PCE,0.0,0.0,0.0,0.0,,,STOK HABIS / RE-ORDER,
A2,RELAY DENSO 12V 4 KAKI (FORKLIFT),December 2025,-,0.0,0.0,0.0,,,,,PCE,0.0,0.0,0.0,0.0,,,STOK HABIS / RE-ORDER,
A2,LCD CHILLER HEROTEKH (GW532A),December 2025,-,0.0,0.0,0.0,,,,,PCE,1.0,0.0,0.0,-1.0,,,STOK HABIS / RE-ORDER,
A3,Terminal Kabel 5A/6mm,December 2025,-,1.0,0.0,0.0,,,,,PCE,1.0,1.0,1.0,0.0,,,AMAN,
A3,EURO CHILLER ESPANSIONE p002002-0ct 2667,December 2025,-,0.0,0.0,0.0,,,,,PCE,0.0,0.0,0.0,0.0,,,STOK HABIS / RE-ORDER,
A3,EURO CHILLER ESPANSIONE P0020380-0 id 2660,December 2025,-,0.0,0.0,0.0,,,,,PCE,0.0,0.0,0.0,0.0,,,STOK HABIS / RE-ORDER,
A3,EURO CHILLER ESPANSIONE P0020380-sl 1261 ,December 2025,-,0.0,0.0,0.0,,,,,PCE,0.0,0.0,0.0,0.0,,,STOK HABIS / RE-ORDER,
A3,EURO CHILLER ESPANSIONE P0020378-0 dr 2598,December 2025,-,3.0,0.0,0.0,,,,,PCE,3.0,3.0,3.0,0.0,,,AMAN,
A3,EURO CHILLER ESPANSIONE P0020424-0 go 10002 Abf sml ECS1820224B,December 2025,-,0.0,0.0,0.0,,,,,PCE,0.0,0.0,0.0,0.0,,,STOK HABIS / RE-ORDER,
A3,EURO CHILLER ESPANSIONE P0020002-0 ga 0326 ECS27M96.1,December 2025,-,0.0,0.0,0.0,,,,,PCE,0.0,0.0,0.0,0.0,,,STOK HABIS / RE-ORDER,
A3,EURO CHILLER ESPANSIONE P0020380-0 ga 0332 ECS1820170B,December 2025,-,0.0,0.0,0.0,,,,,PCE,0.0,0.0,0.0,0.0,,,STOK HABIS / RE-ORDER,
A3,DENFOSS  ACB-2uA571w 6A 250v,December 2025,-,2.0,0.0,0.0,,,,,PCE,2.0,2.0,2.0,0.0,,,AMAN,
A3,DENFOSS ACB-2U B261W 061F7126 6A 250V,December 2025,-,1.0,0.0,0.0,,,,,PCE,1.0,1.0,1.0,0.0,,,AMAN,
A3,DENFOSS ACB-2uB813WW 6A 240v,December 2025,-,3.0,0.0,0.0,,,,,PCE,3.0,3.0,3.0,0.0,,,AMAN,
A3,PRESSURE SWITCH DANFOSS ACB 2UB327MW,December 2025,-,2.0,0.0,0.0,,,,,PCE,2.0,2.0,2.0,0.0,,,AMAN,
A3,ZLKSI-99-6-6 SERIAL BALLAST INPUT220V OUTPUT 99V UNTUK SML3,December 2025,-,2.0,0.0,0.0,,,,,PCE,2.0,2.0,2.0,0.0,,,AMAN,
A3,STATER LAMPU PHILIPS S10-P 4-65W,December 2025,-,43.0,0.0,0.0,,,,,PCE,44.0,43.0,43.0,-1.0,,,AMAN,
A3,STATER LAMPU SERANGGA FLYLIPS,December 2025,-,20.0,0.0,0.0,,,,,PCE,20.0,20.0,20.0,0.0,,,AMAN,
A3,RELAY OMRON MK 2P-I 250 VAC 7A,December 2025,-,0.0,0.0,0.0,,,,,PCE,0.0,0.0,0.0,0.0,,,STOK HABIS / RE-ORDER,
A3,RELAY OMRON LY4 10A 240 VAC/4P,December 2025,-,0.0,0.0,0.0,,,,,PCE,0.0,0.0,0.0,0.0,,,STOK HABIS / RE-ORDER,
A3,REFLEKTOR AUTONICS MS-2 ,December 2025,-,1.0,0.0,0.0,,,,,PCE,1.0,1.0,1.0,0.0,,,AMAN,
A3,BATU BATRAI ABC ALKALINE AA(A2),December 2025,-,5.0,0.0,0.0,,,,,PCE,5.0,5.0,5.0,0.0,,,AMAN,
A3,BATU BATRAI ALKALINE AAA(A3),December 2025,-,4.0,0.0,0.0,,,,,PCE,8.0,4.0,4.0,-4.0,,,AMAN,
A3,SOCKET SANJAC,December 2025,-,4.0,0.0,0.0,,,,,SET,4.0,4.0,4.0,0.0,,,AMAN,
A3,BATRAI PANASONIC NEO 9V,December 2025,-,0.0,0.0,0.0,,,,,PCE,0.0,0.0,0.0,0.0,,,STOK HABIS / RE-ORDER,
A3,TERMINAL KABEL 4A,December 2025,-,0.0,0.0,0.0,,,,,PCE,0.0,0.0,0.0,0.0,,,STOK HABIS / RE-ORDER,
A3,TERMINAL KABEL 3A,December 2025,-,0.0,0.0,0.0,,,,,PCE,0.0,0.0,0.0,0.0,,,STOK HABIS / RE-ORDER,
A3,TERMINAL KABEL 10A,December 2025,-,2.0,0.0,0.0,,,,,PCE,2.0,2.0,2.0,0.0,,,AMAN,
A3,TERMINAL KABEL 30A,December 2025,-,0.0,0.0,0.0,,,,,PCE,0.0,0.0,0.0,0.0,,,STOK HABIS / RE-ORDER,
A3,RELAY RELPOL RM699BV-3211-85-1.24 24VDC 6A/250VAC,December 2025,-,15.0,0.0,0.0,,,,,PCE,15.0,15.0,15.0,0.0,,,AMAN,
A3,SOCKET RELAY RELPOL RM699BV-3211-85-1.24 24VDC 6A/250VAC,December 2025,-,10.0,0.0,0.0,,,,,PCE,10.0,10.0,10.0,0.0,,,AMAN,
A3,LAMPU BOHLAM  110-140V,December 2025,-,20.0,0.0,0.0,,,,,PCE,20.0,20.0,20.0,0.0,,,AMAN,
A3,DIODA 6 AMP,December 2025,-,0.0,0.0,0.0,,,,,PCE,0.0,0.0,0.0,0.0,,,STOK HABIS / RE-ORDER,
A3,SOKET UNTUK TIMBANGAN 4 PIN,December 2025,-,3.0,0.0,0.0,,,,,PCE,3.0,3.0,3.0,0.0,,,AMAN,
A3,SOKET 5 PIN UNTUK TIMBANGAN,December 2025,-,4.0,0.0,0.0,,,,,PCE,4.0,4.0,4.0,0.0,,,AMAN,
A3,BATU BATRAI ABC ALKALINE POWER 9 VOLT,December 2025,-,4.0,0.0,0.0,,,,,PCE,4.0,4.0,4.0,0.0,,,AMAN,
A3,THERMISTOR 2A 250V,December 2025,-,2.0,0.0,0.0,,,,,PCE,2.0,2.0,2.0,0.0,,,AMAN,
A3,POTENSIO METER 5K-OHM (REWINDER),December 2025,-,0.0,0.0,0.0,,,,,PCE,0.0,0.0,0.0,0.0,,,STOK HABIS / RE-ORDER,
A3,SWITCH 16 A ( REWINDER),December 2025,-,0.0,0.0,0.0,,,,,PCE,0.0,0.0,0.0,0.0,,,STOK HABIS / RE-ORDER,
A3,BUTTON OFF MERAH (REWINDER),December 2025,-,0.0,0.0,0.0,,,,,PCE,0.0,0.0,0.0,0.0,,,STOK HABIS / RE-ORDER,
A3,BUTTON ON KUNING  (REWINDER),December 2025,-,0.0,0.0,0.0,,,,,PCE,0.0,0.0,0.0,0.0,,,STOK HABIS / RE-ORDER,
A3,BUTTON ON HIJAU  (REWINDER),December 2025,-,0.0,0.0,0.0,,,,,PCE,0.0,0.0,0.0,0.0,,,STOK HABIS / RE-ORDER,
A3,EMERGENCY TOMBOL PUSH BUTTON D=22,December 2025,-,2.0,0.0,0.0,,,,,PCE,2.0,2.0,2.0,0.0,,,AMAN,
A3,SENSOR FOTEK PL-05N (REWINDER),December 2025,-,0.0,0.0,0.0,,,,,PCE,0.0,0.0,0.0,0.0,,,STOK HABIS / RE-ORDER,
A3,TIMER H3YN-Z OMRON COIL 24V DC(REWINDER),December 2025,-,1.0,0.0,0.0,,,,,PCE,1.0,1.0,1.0,0.0,,,AMAN,
A3,SOKET TIMER H3YN-Z OMRON COIL 24V DC,December 2025,-,0.0,0.0,0.0,,,,,PCE,0.0,0.0,0.0,0.0,,,STOK HABIS / RE-ORDER,
A3,RELAY COIL 24V DC (REWINDER),December 2025,-,0.0,0.0,0.0,,,,,PCE,0.0,0.0,0.0,0.0,,,STOK HABIS / RE-ORDER,
A3,SOKET RELAY (REWINDER),December 2025,-,0.0,0.0,0.0,,,,,PCE,0.0,0.0,0.0,0.0,,,STOK HABIS / RE-ORDER,
A3,BOHLAM LAMPU KAKI 1 ,December 2025,-,14.0,0.0,0.0,,,,,PCE,14.0,14.0,14.0,0.0,,,AMAN,
A3,BOHLAM LAMPU KAKI 2,December 2025,-,12.0,0.0,0.0,,,,,PCE,12.0,12.0,12.0,0.0,,,AMAN,
A3,BATTERY ASSEMBLY 1756-BA2,December 2025,-,0.0,0.0,0.0,,,,,PCE,0.0,0.0,0.0,0.0,,,STOK HABIS / RE-ORDER,
A3,COUNTER/TIMER GF4-P4IN-SOCKET,December 2025,-,0.0,0.0,0.0,,,,,PCE,0.0,0.0,0.0,0.0,,,STOK HABIS / RE-ORDER,
A3,SOCKET LAMPU BYASA 2A 250 V,December 2025,-,18.0,0.0,0.0,,,,,PCE,18.0,18.0,18.0,0.0,,,AMAN,
A3,SOCKET LAMPU +STATER TY 501 3A 250V,December 2025,-,0.0,0.0,0.0,,,,,SET,0.0,0.0,0.0,0.0,,,STOK HABIS / RE-ORDER,
A3,LAYAR LCD TOUCHCREEN UNTUK NGR,December 2025,-,0.0,0.0,0.0,,,,,PCE,0.0,0.0,0.0,0.0,,,STOK HABIS / RE-ORDER,
A3,CARD CONTROL HAND SEALER,December 2025,-,0.0,0.0,0.0,,,,,PCE,0.0,0.0,0.0,0.0,,,STOK HABIS / RE-ORDER,
A3,"105/14594-01SA PCB ASSY,GAUGE PROCESSOR BOARD (710 e/s)001",December 2025,-,0.0,0.0,0.0,,,,,PCE,0.0,0.0,0.0,0.0,,,STOK HABIS / RE-ORDER,
A3,"105/12562-01SA PCB ASSY ,DETECTOR",December 2025,-,1.0,0.0,0.0,,,,,PCE,1.0,1.0,1.0,0.0,,,AMAN,
A3,"105/14307-01SA PCB ASSY ,EXT DETECTOR SIGNAL BOARD",December 2025,-,1.0,0.0,0.0,,,,,PCE,1.0,1.0,1.0,0.0,,,AMAN,
A3,"681372-1  PCB, D-BRIC II,PROGRAMED",December 2025,-,0.0,0.0,0.0,,,,,PCE,0.0,0.0,0.0,0.0,,,STOK HABIS / RE-ORDER,
A3,"681323-MTO-3725 ASSY ,CABLE,TDI,TRACK CBL CGC,MTO",December 2025,-,2.0,0.0,0.0,,,,,PCE,2.0,2.0,2.0,0.0,,,AMAN,
A3,120/16107-01SA LAMP ASSEMBLY (WIRES 180 MMLG),December 2025,-,0.0,0.0,0.0,,,,,PCE,0.0,0.0,0.0,0.0,,,STOK HABIS / RE-ORDER,
A3,KIT OF SPARE PARTS 1PC IF MULTIWAVE 1PC UNIT EMETT,December 2025,-,0.0,0.0,0.0,,,,,PCE,0.0,0.0,0.0,0.0,,,STOK HABIS / RE-ORDER,
A3,"Solid CCTV model:scc-728 system:pal 2,8-12mm 1/3"" SONY 700 tvl",December 2025,-,0.0,0.0,0.0,,,,,PCE       ,0.0,0.0,0.0,0.0,,,STOK HABIS / RE-ORDER,
A3,TC. THERMO CABLE CHILLER NGR,December 2025,-,2.0,0.0,0.0,,,,,PCE,2.0,2.0,2.0,0.0,,,AMAN,
A3,COUPLER PF 20,December 2025,-,6.0,0.0,0.0,,,,,PCE,6.0,6.0,6.0,0.0,,,AMAN,
A3,COUPLER SH 20,December 2025,-,3.0,0.0,0.0,,,,,PCE,3.0,3.0,3.0,0.0,,,AMAN,
A3,COUPLER PM20,December 2025,-,8.0,0.0,0.0,,,,,PCE,8.0,8.0,8.0,0.0,,,AMAN,
A3,COUPLER SM40,December 2025,-,4.0,0.0,0.0,,,,,PCE,4.0,4.0,4.0,0.0,,,AMAN,
A3,DOUBLE HANDLE GREAS GUN/COUPLER,December 2025,-,0.0,0.0,0.0,,,,,PCE,0.0,0.0,0.0,0.0,,,STOK HABIS / RE-ORDER,
A3,GREASE COUPLER ,December 2025,-,0.0,0.0,0.0,,,,,PCE,2.0,0.0,0.0,-2.0,,,STOK HABIS / RE-ORDER,
A3,LAMPU REM FORKLIFT,December 2025,-,0.0,0.0,0.0,,,,,PCE,0.0,0.0,0.0,0.0,,,STOK HABIS / RE-ORDER,
A3,EXTENSION ADAPTOR 10/100/1000 MBPS ETHERNET ADAPTER,December 2025,-,1.0,0.0,0.0,,,,,PCE,1.0,1.0,1.0,0.0,,,AMAN,
(A4),DIGITAL OUTPUT MODULE X20D09322 12DD 63256344,December 2025,-,0.0,0.0,0.0,,,,63256344,PCE,0.0,0.0,0.0,0.0,,,STOK HABIS / RE-ORDER,
(A4),TEMPERATURE INPUT MODULE X20AT4222 PT100 63256361,December 2025,-,1.0,0.0,0.0,,,,63256361,PCE,1.0,1.0,1.0,0.0,,,AMAN,
(A4),SAFETY CPU MODULE X20 FOR MAX 100 safe IO 63256627,December 2025,-,1.0,0.0,0.0,,,,63256627,PCE,1.0,1.0,1.0,0.0,,,AMAN,
(A4),MODULE CPU X20SL8100 SAFE LOGIC SAFETY MODULE 63256622,December 2025,-,1.0,0.0,0.0,,,,63256622,PCE,1.0,1.0,1.0,0.0,,,AMAN,
(A4),ANALOG INPUT MODULE X20AI4622  4 AI 63256352,December 2025,-,2.0,0.0,0.0,,,,63256352,PCE,2.0,2.0,2.0,0.0,,,AMAN,
(A4),ANALOG INPUT MODULE X20AI2622 2 AI 63256351,December 2025,-,1.0,0.0,0.0,,,,63256351,PCE,1.0,1.0,1.0,0.0,,,AMAN,
(A4),"SUPPLY MODULE X20PS9400 BC, I/O 63256311",December 2025,-,0.0,0.0,0.0,,,,63256311,PCE,0.0,0.0,0.0,0.0,,,STOK HABIS / RE-ORDER,
(A4),TEMPERATURE INPUT MODULE X20AT2222 PT 100 63256362,December 2025,-,0.0,0.0,0.0,,,,63256362,PCE,0.0,0.0,0.0,0.0,,,STOK HABIS / RE-ORDER,
(A4),"SUPPLY MODULE X20PS3300 I/O, X2X 63256313",December 2025,-,1.0,0.0,0.0,,,,63256313,PCE,1.0,1.0,1.0,0.0,,,AMAN,
(A4),DIGITAL INPUT MODULE X20DI12377 2 DI 63256343,December 2025,-,1.0,0.0,0.0,,,,63256343,PCE,1.0,1.0,1.0,0.0,,,AMAN,
(A4),SUPPLY MODULE X20PS4951 63256312,December 2025,-,0.0,0.0,0.0,,,,63256312,PCE,0.0,0.0,0.0,0.0,,,STOK HABIS / RE-ORDER,
(A4),BUS MODULE X20BM01 I/O R 24VDC 63256300,December 2025,-,5.0,0.0,0.0,,,,63256300,PCE,5.0,5.0,5.0,0.0,,,AMAN,
(A4),"BUS MODULE X20BM15 I/O R,L  ADR,SCH 24VDC 63256303",December 2025,-,5.0,0.0,0.0,,,,63256303,PCE,5.0,5.0,5.0,0.0,,,AMAN,
(A4),"BUS MODULE X20BM05 I/O R,L  ADR,SCH 24VDC 63256302",December 2025,-,5.0,0.0,0.0,,,,63256302,PCE,5.0,5.0,5.0,0.0,,,AMAN,
(A4),BUS BASE MODULE X20BB80 1BC I/O 63256305,December 2025,-,0.0,297160.0,0.0,,,,63256305,PCE,0.0,0.0,0.0,0.0,,,STOK HABIS / RE-ORDER,
(A4),BUS BASE MODULE X20BB80 1BC I/O 63256305,December 2025,-,1.0,297160.0,297160.0,,,,63256305,PCE,1.0,1.0,1.0,0.0,,,AMAN,
(A4),"TEMPERATURE INPUT MODULE X20AT6402 TE-J, K 63256364",December 2025,-,7.0,0.0,0.0,,,,63256364,PCE,7.0,7.0,7.0,0.0,,,AMAN,
(A4),BUS MODULE X20HB2880 POWERLINK 2 HUB 63256322,December 2025,-,2.0,0.0,0.0,,,,63256322,PCE,2.0,2.0,2.0,0.0,,,AMAN,
(A4),"BUS MODULE X20BM33 I/O R,L 24VDC 63256600",December 2025,-,2.0,0.0,0.0,,,,63256600,PCE,2.0,2.0,2.0,0.0,,,AMAN,
(A4),"BUS MODULE X20BM31 I/O R,L 24VDC 63256373",December 2025,-,1.0,0.0,0.0,,,,63256373,PCE,1.0,1.0,1.0,0.0,,,AMAN,
(A4),"BUS MODULE X20BM32 I/O R,L 24VDC 63256304",December 2025,-,1.0,0.0,0.0,,,,63256304,PCE,1.0,1.0,1.0,0.0,,,AMAN,
(A4),DIGITAL SAVE INPUT MODULE X20SI4100 4 DI 63256640,December 2025,-,1.0,0.0,0.0,,,,63256640,PCE,1.0,1.0,1.0,0.0,,,AMAN,
(A4),"DIGITAL MOTOR MODULE X20MM2436 200,4DI 24V3A 63256381",December 2025,-,0.0,0.0,0.0,,,,63256381,PCE,0.0,0.0,0.0,0.0,,,STOK HABIS / RE-ORDER,
(A4),MODULE X20MM2436,December 2025,-,2.0,0.0,0.0,,,,,PCE,2.0,2.0,2.0,0.0,,,AMAN,
(A4),BUS MODULE X20BC8083 POWERLINK 2 HUB  63256321,December 2025,-,0.0,1939360.0,0.0,,,,63256321,PCE,0.0,0.0,0.0,0.0,,,STOK HABIS / RE-ORDER,
(A4),BUS MODULE X20BC8083 POWERLINK 2 HUB  63256321,December 2025,-,0.0,1939360.0,0.0,,,,63256321,PCE,0.0,0.0,0.0,0.0,,,STOK HABIS / RE-ORDER,
(A4),DIGITAL SAFE OUTPUT MODULE X20SO4110 4 DO 63256645,December 2025,-,1.0,0.0,0.0,,,,63256645,PCE,1.0,1.0,1.0,0.0,,,AMAN,
(A4),DIGITAL SAFE INPUT MODULE X20SC2432 2DI2DO Imp 63256643,December 2025,-,1.0,5067360.0,5067360.0,,,,63256643,PCE,1.0,1.0,1.0,0.0,,,AMAN,
(A4),BUS MODULE X20BC0083 POWERLINK 2 HUB 63256320,December 2025,-,4.0,0.0,0.0,,,,63256320,PCE,4.0,4.0,4.0,0.0,,,AMAN,
(A4),"BUS MODULE  X20BM36 SAFE I/O R,L 24VDC 63256601",December 2025,-,1.0,0.0,0.0,,,,63256601,PCE,1.0,1.0,1.0,0.0,,,AMAN,
(A4),DIGITAL SAFE OUTPUT MODULE X20SO6300 6 DO 63256646,December 2025,-,2.0,4441760.0,8883520.0,,,,63256646,PCE,2.0,2.0,2.0,0.0,,,AMAN,
(A4),DIGITAL INPUT MODULE X20DI9371 12 DI 63256340,December 2025,-,4.0,140760.0,563040.0,,,,63256340,PCE,4.0,4.0,4.0,0.0,,,AMAN,
(A4),DIGITAL INPUT MODULE X20DI9371 12 DI 63256340,December 2025,-,0.0,140760.0,0.0,,,,63256340,PCE,0.0,0.0,0.0,0.0,,,STOK HABIS / RE-ORDER,
(A4),VALVE 2x3/2 VENTIL VI 24VGS untuk sml,December 2025,-,0.0,0.0,0.0,,,,62058070,PCE,0.0,0.0,0.0,0.0,,,STOK HABIS / RE-ORDER,
A4,MODULE X20D02623,December 2025,-,1.0,0.0,0.0,,,,6001,PCE,1.0,1.0,1.0,0.0,,,AMAN,
A4,ACOPOSMULTI MODUL LUFTER FOR ACOPOSMULTI MODUL FAN 63254081 model AFB0524HHB,December 2025,-,1.0,0.0,0.0,,,,63254081,PCE,1.0,1.0,1.0,0.0,,,AMAN,
A4,MODUL E84AYCECV/S ETHERNET POWERLINK MODULE POWERLINK LENZE,December 2025,-,1.0,0.0,0.0,,,,63254231,PCE,1.0,1.0,1.0,0.0,,,AMAN,
A4,ACOPOSMULTI MODUL LUFTER FOR MANTAGEPL MODULE FAN FFB0624HE ,December 2025,-,1.0,0.0,0.0,,,,63254080,PCE,1.0,1.0,1.0,0.0,,,AMAN,
A4,"MODUL BUSBASIS X20BB81 1BC,1IF BUS BASE MODULE 63256306",December 2025,-,1.0,0.0,0.0,,,,63256306,PCE,1.0,1.0,1.0,0.0,,,AMAN,
A4,"MODUL BUSBASIS X20BB81 1BC,1IF BUS BASE MODULE 63256306",December 2025,-,1.0,0.0,0.0,,,,63256306,PCE,1.0,1.0,1.0,0.0,,,AMAN,
A4,MODUL ANALOGEINGANG X20AI1744 DMS,December 2025,-,0.0,3378240.0,0.0,,,,63256350,PCE,0.0,0.0,0.0,0.0,,,STOK HABIS / RE-ORDER,
A4,MODULE  X20AI1744 DMS,December 2025,-,4.0,0.0,0.0,,,,,PCE,4.0,4.0,4.0,0.0,,,AMAN,
A4,"MODULE BUS X20BM11 I/O R,L 24 VDC 63256301",December 2025,-,4.0,1235560.0,4942240.0,,,,,PCE,4.0,4.0,4.0,0.0,,,AMAN,
A4,63256320 MODUL BUS X20BC0083 POWERLINK 2 HUB,December 2025,-,6.0,0.0,0.0,,,,,PCE,6.0,6.0,6.0,0.0,,,AMAN,
A4,63256321 MODUL BUS X20BC8083 POWERLINK 2 HUB,December 2025,-,0.0,0.0,0.0,,,,,PCE,0.0,0.0,0.0,0.0,,,STOK HABIS / RE-ORDER,
A4,63256311 SUPPLY MODUL X20PS9400 BC I/O,December 2025,-,2.0,0.0,0.0,,,,,PCE,2.0,2.0,2.0,0.0,,,AMAN,
A4,63256322 BUS MODUL X20HB2880 POWERLINK 2 HUB,December 2025,-,0.0,0.0,0.0,,,,,PCE,0.0,0.0,0.0,0.0,,,STOK HABIS / RE-ORDER,
A4,"632256399 TERMINAL FELDKLEMME X20TB12, 12 POLIG",December 2025,-,16.0,0.0,0.0,,,,,PCE,16.0,16.0,16.0,0.0,,,AMAN,
A4,MODUL X20AO4622,December 2025,-,1.0,0.0,0.0,,,,,PCE,1.0,1.0,1.0,0.0,,,AMAN,
A4,"MODULE BUS X20BM11 I/O R,L 24 VDC 63256301",December 2025,-,0.0,1235560.0,0.0,,,,,PCE,0.0,0.0,0.0,0.0,,,STOK HABIS / RE-ORDER,
A4,MODULE X20 BR 9300,December 2025,-,2.0,0.0,0.0,,,,,PCE,2.0,2.0,2.0,0.0,,,AMAN,
A4,MODULE X20DM9324,December 2025,-,2.0,0.0,0.0,,,,,PCE,2.0,2.0,2.0,0.0,,,AMAN,
A4,MODULE X20 BI 9100,December 2025,-,2.0,0.0,0.0,,,,,PCE,2.0,2.0,2.0,0.0,,,AMAN,
A4,OTOMATIS TOREN AIR/RADAR AUTOMATIC,December 2025,-,0.0,0.0,0.0,,,,,PCE,0.0,0.0,0.0,0.0,,,STOK HABIS / RE-ORDER,
A4,FORT PANEL METER 0-500V HPM 96,December 2025,-,2.0,0.0,0.0,,,,,PCE,2.0,2.0,2.0,0.0,,,AMAN,
A4,SOCKET MODUL ALLEN BRADLLEY 1734-MB,December 2025,-,8.0,0.0,0.0,,,,,PCE,8.0,8.0,8.0,0.0,,,AMAN,
A4,MODULE COMUNICATION MC CHILLER,December 2025,-,0.0,0.0,0.0,,,,,PCE,0.0,0.0,0.0,0.0,,,STOK HABIS / RE-ORDER,
A4,COMPUTER WITH SOFTWARE (QC),December 2025,-,0.0,0.0,0.0,,,,,PCE,0.0,0.0,0.0,0.0,,,STOK HABIS / RE-ORDER,
A4,"105/14527-01SA ASSY, MOTOR SPARES 710e (24v)",December 2025,-,1.0,10664000.0,10664000.0,,,,,PCE,1.0,1.0,1.0,0.0,,,AMAN,
A4,"63256430 PANEL PC 5PPC2100, 15"" QUADAREMB 2XPLS",December 2025,-,0.0,0.0,0.0,,,,,PCE,0.0,0.0,0.0,0.0,,,STOK HABIS / RE-ORDER,
A4,63256431 CFAST KARTE 5CFAST 2048-00,December 2025,-,0.0,0.0,0.0,,,,,PCE,0.0,0.0,0.0,0.0,,,STOK HABIS / RE-ORDER,
D1,VRTS RANS VARIABEL SPEED CONROLER 13KV4 REPAIR,December 2025,-,2.0,0.0,0.0,,,,,PCE,2.0,2.0,2.0,0.0,,,AMAN,
A4,MODUL CONTROL X20 CP1483,December 2025,-,0.0,0.0,0.0,,,,,PCE,0.0,0.0,0.0,0.0,,,STOK HABIS / RE-ORDER,
(A5),NCB Schneider 4A (1 PHASE),December 2025,-,0.0,0.0,0.0,,,,,PCE,0.0,0.0,0.0,0.0,,,STOK HABIS / RE-ORDER,
(A5),NCB Schneider 2A (1PHASE),December 2025,-,0.0,0.0,0.0,,,,,PCE,0.0,0.0,0.0,0.0,,,STOK HABIS / RE-ORDER,
(A5),NCB LS BKN 2A (1PHASE),December 2025,-,0.0,0.0,0.0,,,,,PCE,0.0,0.0,0.0,0.0,,,STOK HABIS / RE-ORDER,
(A5),NCB schneider 16A (1PHASE),December 2025,-,2.0,0.0,0.0,,,,,PCE,2.0,2.0,2.0,0.0,,,AMAN,
(A5),NCB schneider 6A (1 PHASE),December 2025,-,0.0,0.0,0.0,,,,,PCE,0.0,0.0,0.0,0.0,,,STOK HABIS / RE-ORDER,
(A5),NCB scneider 50 A (1PHASE),December 2025,-,2.0,0.0,0.0,,,,,PCE,2.0,2.0,2.0,0.0,,,AMAN,
(A5),CABLE CONECTOR,December 2025,-,0.0,0.0,0.0,,,,,SET,0.0,0.0,0.0,0.0,,,STOK HABIS / RE-ORDER,
(A5),ISOLATOR D=30MM T.30MM,December 2025,-,6.0,0.0,0.0,,,,,PCE       ,6.0,6.0,6.0,0.0,,,AMAN,
(A5),WEATHER FROOP SOCKET 32 A FORT,December 2025,-,0.0,0.0,0.0,,,,,PCE       ,0.0,0.0,0.0,0.0,,,STOK HABIS / RE-ORDER,
(A5),Box NCB 3 PHASE,December 2025,-,1.0,0.0,0.0,,,,,PCE       ,1.0,1.0,1.0,0.0,,,AMAN,
(A5),Box NCB double,December 2025,-,2.0,0.0,0.0,,,,,PCE       ,0.0,2.0,2.0,2.0,,,AMAN,
(A5),SOKET KABLE /WAIN H16B -BK-2l/p 900003,December 2025,-,2.0,0.0,0.0,,,,,PCE       ,2.0,2.0,2.0,0.0,,,AMAN,
A5,SWITCH MAGNIT 1/5HP(A5),December 2025,-,0.0,0.0,0.0,,,,,PCE,0.0,0.0,0.0,0.0,,,STOK HABIS / RE-ORDER,
A5,Konektor Heater /soket heater 25A 380V ,December 2025,-,4.0,0.0,0.0,,,,,PCE,4.0,4.0,4.0,0.0,,,AMAN,
A5,NCB SCNEIDER 25 A (1 PHASE),December 2025,-,0.0,0.0,0.0,,,,,PCE,0.0,0.0,0.0,0.0,,,STOK HABIS / RE-ORDER,
A5,Soket Kabel 6 pin Kontrol,December 2025,-,0.0,0.0,0.0,,,,,PCE,0.0,0.0,0.0,0.0,,,STOK HABIS / RE-ORDER,
A5,SIEMENS THERMISTOR MC NGR 3RF24201AB45  30VDC,December 2025,-,1.0,0.0,0.0,,,,,PCE,1.0,1.0,1.0,0.0,,,AMAN,
A5,SAKLAR AC/STOP KONTAK AC,December 2025,-,1.0,0.0,0.0,,,,,PCE,1.0,1.0,1.0,0.0,,,AMAN,
A5,GEAR KOPLING 24 PLETIZER MC NGR,December 2025,-,3.0,0.0,0.0,,,,,PCE,3.0,3.0,3.0,0.0,,,AMAN,
A5,RELAY MY2N-GS 220VAC,December 2025,-,3.0,0.0,0.0,,,,,PCE,3.0,3.0,3.0,0.0,,,AMAN,
A5,RELAY OMRON COIL 24 VDC,December 2025,-,1.0,0.0,0.0,,,,,PCE,1.0,1.0,1.0,0.0,,,AMAN,
A5,RELAY MY2N-GS 24 VDC,December 2025,-,3.0,0.0,0.0,,,,,PCE,3.0,3.0,3.0,0.0,,,AMAN,
A5,RELAY OMRON MKS2P KAKI 8 COIL 24,December 2025,-,2.0,0.0,0.0,,,,,PCE,2.0,2.0,2.0,0.0,,,AMAN,
A5,RELAY OMRON MKS2P KAKI 8 COIL 220,December 2025,-,4.0,0.0,0.0,,,,,PCE,4.0,4.0,4.0,0.0,,,AMAN,
A5,RELAY OMRON MKS3P KAKI11 COIL 220,December 2025,-,2.0,0.0,0.0,,,,,PCE,2.0,2.0,2.0,0.0,,,AMAN,
A5,SOCKET RELAY MKS3P 11 PIN,December 2025,-,2.0,0.0,0.0,,,,,PCE,2.0,2.0,2.0,0.0,,,AMAN,
A5,SOCKET RELAY OMRON  PYF08A,December 2025,-,0.0,0.0,0.0,,,,,PCE,0.0,0.0,0.0,0.0,,,STOK HABIS / RE-ORDER,
A5,DIODA 5 AMP,December 2025,-,0.0,0.0,0.0,,,,,PCE,0.0,0.0,0.0,0.0,,,STOK HABIS / RE-ORDER,
A5,ELCO 10000 /50V,December 2025,-,0.0,0.0,0.0,,,,,PCE,0.0,0.0,0.0,0.0,,,STOK HABIS / RE-ORDER,
A5,BATU BATRAY PANASONIC PLC BR 2/3A,December 2025,-,0.0,0.0,0.0,,,,,PCE,0.0,0.0,0.0,0.0,,,STOK HABIS / RE-ORDER,
A5,CAPASITOR UNICON 30 MICRON 450 V,December 2025,-,0.0,0.0,0.0,,,,,PCE,0.0,0.0,0.0,0.0,,,STOK HABIS / RE-ORDER,
A5,MCB 20 A SCHINEIDER 3 PHASE,December 2025,-,0.0,0.0,0.0,,,,,PCE,0.0,0.0,0.0,0.0,,,STOK HABIS / RE-ORDER,
A5,MCB 16 A SCHINEIDER 3 PHASE,December 2025,-,0.0,0.0,0.0,,,,,PCE,0.0,0.0,0.0,0.0,,,STOK HABIS / RE-ORDER,
A5,MCB 32 A SCHNEIDER 3 PHASE,December 2025,-,1.0,0.0,0.0,,,,,PCE,1.0,1.0,1.0,0.0,,,AMAN,
A5,MCB 50A SCHNEIDER 3 PHASE,December 2025,-,0.0,0.0,0.0,,,,,PCE,0.0,0.0,0.0,0.0,,,STOK HABIS / RE-ORDER,
A5,MCB 63A SCHNEIDER 3 PHASE,December 2025,-,1.0,0.0,0.0,,,,,PCE,1.0,1.0,1.0,0.0,,,AMAN,
A5,MCB 6A SCHNEIDER 3 PHASE,December 2025,-,0.0,0.0,0.0,,,,,PCE,0.0,0.0,0.0,0.0,,,STOK HABIS / RE-ORDER,
A5,NCB 10 A SINGLE( 1 PHASE),December 2025,-,2.0,0.0,0.0,,,,,PCE,2.0,2.0,2.0,0.0,,,AMAN,
A5,LAMPU PHILIPS  H3 12V 55 W PK22S,December 2025,-,6.0,0.0,0.0,,,,,PCE,6.0,6.0,6.0,0.0,,,AMAN,
A5,MCB 10 A 3 PHASE,December 2025,-,1.0,0.0,0.0,,,,,PCE,1.0,1.0,1.0,0.0,,,AMAN,
A5,RELAY MY4N-GS 24VDC,December 2025,-,4.0,0.0,0.0,,,,,PCE,4.0,4.0,4.0,0.0,,,AMAN,
A5,RELAY MY4 220V,December 2025,-,3.0,0.0,0.0,,,,,PCE,3.0,3.0,3.0,0.0,,,AMAN,
A5,RELAY MY4 220-240VAC +SOKET,December 2025,-,0.0,0.0,0.0,,,,,PCE,0.0,0.0,0.0,0.0,,,STOK HABIS / RE-ORDER,
A5,RELAY MY4-GS 110 VAC,December 2025,-,5.0,0.0,0.0,,,,,PCE,5.0,5.0,5.0,0.0,,,AMAN,
A5,RELAY OMRON LY2 110 VAC kaki 8 + SOCKET,December 2025,-,2.0,0.0,0.0,,,,,SET,2.0,2.0,2.0,0.0,,,AMAN,
A5,SOKET FORT RELAY MY4N-GS 24VDC DYF 14A,December 2025,-,5.0,0.0,0.0,,,,,PCE,5.0,5.0,5.0,0.0,,,AMAN,
A5,RELAY LY2N-D2 24 VDC + SOCKET,December 2025,-,0.0,0.0,0.0,,,,,SET,0.0,0.0,0.0,0.0,,,STOK HABIS / RE-ORDER,
A1,RUMAH FUSE 10 A VAC,December 2025,-,0.0,0.0,0.0,,,,,PCE,0.0,0.0,0.0,0.0,,,STOK HABIS / RE-ORDER,
A5,SAKLAR ON/OFF,December 2025,-,0.0,0.0,0.0,,,,,PCE,0.0,0.0,0.0,0.0,,,STOK HABIS / RE-ORDER,
A5,T-Dus KECIL,December 2025,-,0.0,0.0,0.0,,,,,PCE       ,1.0,0.0,0.0,-1.0,,,STOK HABIS / RE-ORDER,
A5,T-Dus BESAR,December 2025,-,0.0,0.0,0.0,,,,,PCE       ,0.0,0.0,0.0,0.0,,,STOK HABIS / RE-ORDER,
A5,USROBOTIC FAX MODEM,December 2025,-,1.0,0.0,0.0,,,,,PCE       ,1.0,1.0,1.0,0.0,,,AMAN,
A5,COLOKAN L1 STOP KONTAK,December 2025,-,4.0,0.0,0.0,,,,,PCE       ,6.0,4.0,4.0,-2.0,,,AMAN,
A5,COLOKAN L2 STOP KONTAK,December 2025,-,3.0,0.0,0.0,,,,,PCE,4.0,3.0,3.0,-1.0,,,AMAN,
A5,STOP KONTAK  L3,December 2025,-,1.0,0.0,0.0,,,,,PCE,1.0,1.0,1.0,0.0,,,AMAN,
A5,STOP KONTAK L4,December 2025,-,0.0,0.0,0.0,,,,,PCE,0.0,0.0,0.0,0.0,,,STOK HABIS / RE-ORDER,
A5,STOP KONTAK lampu broco,December 2025,-,0.0,0.0,0.0,,,,,PCE,0.0,0.0,0.0,0.0,,,STOK HABIS / RE-ORDER,
A5,SAKLAR OUT BOW  T1(SINGLE),December 2025,-,0.0,0.0,0.0,,,,,PCE,0.0,0.0,0.0,0.0,,,STOK HABIS / RE-ORDER,
A5,SAKLAR OUT BOW  T2(DOUBLE),December 2025,-,0.0,0.0,0.0,,,,,PCE,0.0,0.0,0.0,0.0,,,STOK HABIS / RE-ORDER,
A5,SAKLAR   T3(THREE),December 2025,-,0.0,0.0,0.0,,,,,PCE,0.0,0.0,0.0,0.0,,,STOK HABIS / RE-ORDER,
A5,STACKER LISTRIK(COLOKAN),December 2025,-,4.0,0.0,0.0,,,,,PCE,8.0,4.0,4.0,-4.0,,,AMAN,
A5,STEKER KOMBINASI,December 2025,-,0.0,0.0,0.0,,,,,PCE,0.0,0.0,0.0,0.0,,,STOK HABIS / RE-ORDER,
A5,STEKER T,December 2025,-,2.0,0.0,0.0,,,,,PCE,2.0,2.0,2.0,0.0,,,AMAN,
A5,Trafo Lampu Philips BTA 36W 220V CSC BALAS,December 2025,-,6.0,0.0,0.0,,,,,PCE       ,6.0,6.0,6.0,0.0,,,AMAN,
A5,TRAFO ATAU BALAS LAMPU  18 WATT PHILIPS,December 2025,-,6.0,0.0,0.0,,,,,PCE       ,6.0,6.0,6.0,0.0,,,AMAN,
A5,"Spare neon Lampu Tembak Philips MHN-TD 150W/730,842",December 2025,-,4.0,0.0,0.0,,,,,PCE       ,4.0,4.0,4.0,0.0,,,AMAN,
A5,TERMINAL HEATER KERAMIK 15A,December 2025,-,4.0,0.0,0.0,,,,,PCE       ,4.0,4.0,4.0,0.0,,,AMAN,
A5,NCB 1 PHASE 32 A,December 2025,-,1.0,0.0,0.0,,,,,PCE,1.0,1.0,1.0,0.0,,,AMAN,
A5,FITING LAMPU MIKAWA AUTOMATIC PHOTOSENSOR  LAMP HOLDER 220-240V 60 W,December 2025,-,0.0,0.0,0.0,,,,,PCE,0.0,0.0,0.0,0.0,,,STOK HABIS / RE-ORDER,
A5,SOKET KABEL WAIN H16B-THE-4B-PG21 900003,December 2025,-,2.0,0.0,0.0,,,,,PCE,2.0,2.0,2.0,0.0,,,AMAN,
A5,STOP KONTAK  L 4,December 2025,-,0.0,0.0,0.0,,,,,PCE,0.0,0.0,0.0,0.0,,,STOK HABIS / RE-ORDER,
A5,BOX NCB SINGLE,December 2025,-,0.0,0.0,0.0,,,,,PCE,0.0,0.0,0.0,0.0,,,STOK HABIS / RE-ORDER,
A5,SAKLAR T2/STOP KONTAK DOUBLE,December 2025,-,0.0,0.0,0.0,,,,,PCE,0.0,0.0,0.0,0.0,,,STOK HABIS / RE-ORDER,
A5,TERMINAL BLOK 4P 50A,December 2025,-,0.0,0.0,0.0,,,,,PCE,0.0,0.0,0.0,0.0,,,STOK HABIS / RE-ORDER,
A5,STOP KONTAK L5,December 2025,-,0.0,0.0,0.0,,,,,PCE,0.0,0.0,0.0,0.0,,,STOK HABIS / RE-ORDER,
A5,BREAKER BOX /ISOLATING SWITCH 3 PHASE 35A UKF1-335,December 2025,-,0.0,0.0,0.0,,,,,PCE,0.0,0.0,0.0,0.0,,,STOK HABIS / RE-ORDER,
A5,SOCKET 3 PHASE,December 2025,-,1.0,0.0,0.0,,,,,PCE,1.0,1.0,1.0,0.0,,,AMAN,
A5,STACKER 3 PHASE,December 2025,-,0.0,0.0,0.0,,,,,PCE,0.0,0.0,0.0,0.0,,,STOK HABIS / RE-ORDER,
A5,TIE MOUNT 20X20MM,December 2025,-,1.0,0.0,0.0,,,,,PACK,1.0,1.0,1.0,0.0,,,AMAN,
A5,LAMPU MERCURY LED PHILIPS 400W/645(HILCO),December 2025,-,1.0,0.0,0.0,,,,,PCE,1.0,1.0,1.0,0.0,,,AMAN,
A5,BOHLAM PHILIPS TORNADO 20 W,December 2025,-,0.0,0.0,0.0,,,,,PCE,0.0,0.0,0.0,0.0,,,STOK HABIS / RE-ORDER,
A5,BOHLAM LAMPU PHILIPS 19W LED,December 2025,-,0.0,0.0,0.0,,,,,PCE,0.0,0.0,0.0,0.0,,,STOK HABIS / RE-ORDER,
A5,"BOHLAM LAMPU PHILIPS 14,5 WLED",December 2025,-,4.0,0.0,0.0,,,,,PCE,4.0,4.0,4.0,0.0,,,AMAN,
(A6),"SWITCH M/50/EAp/Cp STECKER M8,3P  62031821 IMI",December 2025,-,0.0,0.0,0.0,,,,62031821,PCE,0.0,0.0,0.0,0.0,,,STOK HABIS / RE-ORDER,
(A6),"MELT TEMPERATURE SENSOR 1/2""L-152mm",December 2025,-,0.0,850000.0,0.0,,,,63812998,PCE,0.0,0.0,0.0,0.0,,,STOK HABIS / RE-ORDER,
B7, SELENOID VALVE NORGREN V61B611A-A2 3-8 BAR,December 2025,-,2.0,0.0,0.0,,,,,PCE,0.0,2.0,2.0,2.0,,,AMAN,
A6,"TOBUL ACCUMULATOR,INC GG2527F 3000PSI",December 2025,-,1.0,0.0,0.0,,,,,PCE,1.0,1.0,1.0,0.0,,,AMAN,
A6,fan OKA  MODEL 109S025 AC 230V/kipas AC panel ,December 2025,-,0.0,0.0,0.0,,,,,PCE,0.0,0.0,0.0,0.0,,,STOK HABIS / RE-ORDER,
A6,"Fan/kipas kecil untuk PLC DC 5Vc0,10A",December 2025,-,2.0,0.0,0.0,,,,,PCE,2.0,2.0,2.0,0.0,,,AMAN,
A6,FAN RAYDEN & FAN NMB model 92x92x25 DC 24V 0.12A(NMB FAN MOTOR  24 V 3110KL),December 2025,-,4.0,0.0,0.0,,,,FRYN 0.6A,PCE,4.0,4.0,4.0,0.0,,,AMAN,
A6,Fan AVC model DT 09238824H DC 24 V 0.6A,December 2025,-,1.0,0.0,0.0,,,,09238824H,PCE,1.0,1.0,1.0,0.0,,,AMAN,
A6,FAN/KIPAS PANEL EBMPAAPST 24 DC 4114 N/12 XMR 24V DC,December 2025,-,0.0,0.0,0.0,,,,,PCE,0.0,0.0,0.0,0.0,,,STOK HABIS / RE-ORDER,
A6,rotari ex(coolus 323 DTW 3/4  RH,December 2025,-,0.0,0.0,0.0,,,,,PCE,0.0,0.0,0.0,0.0,,,STOK HABIS / RE-ORDER,
A6,SENSOR PROXIMITI CS1-F VOLTAGE DC 5-120V AC 5-120V,December 2025,-,0.0,0.0,0.0,,,,,PCE,0.0,0.0,0.0,0.0,,,STOK HABIS / RE-ORDER,
A6,"FAN PANEL DC BRUSHLESS EFB1212VH DC12V 0,58A UNTUK BC",December 2025,-,0.0,0.0,0.0,,,,,PCE,0.0,0.0,0.0,0.0,,,STOK HABIS / RE-ORDER,
A6,FAN NMB MODEL 5915 PC-23T-B30 220V-AC  34/33W,December 2025,-,6.0,0.0,0.0,,,,,PCE,5.0,6.0,6.0,1.0,,,AMAN,
A6,SENSOR MAGNET SICK D-79183 LOKAL MZT8-03VPS-KP0,December 2025,-,0.0,0.0,0.0,,,,,PCE,0.0,0.0,0.0,0.0,,,STOK HABIS / RE-ORDER,
A6,SOKET TELPON,December 2025,-,0.0,0.0,0.0,,,,,PCE,0.0,0.0,0.0,0.0,,,STOK HABIS / RE-ORDER,
A6,FAN  SUNON  KD2404PTB1 DC24V ,December 2025,-,0.0,0.0,0.0,,,,,PCE,0.0,0.0,0.0,0.0,,,STOK HABIS / RE-ORDER,
A6,FAN NMB 1608 KL-05W-B39 BRUSHLESS FAN MOTOR 11X40,December 2025,-,13.0,0.0,0.0,,,,,PCE,13.0,13.0,13.0,0.0,,,AMAN,
A6,FAN NMB 1608 KL-05W-B39 BRUSHLESS FAN MOTOR 15X40 (NIDEC),December 2025,-,14.0,0.0,0.0,,,,,PCE,14.0,14.0,14.0,0.0,,,AMAN,
A6,FAN 12VDC BRUSHLESS FAN MODEL :KLOP9025HS,December 2025,-,0.0,0.0,0.0,,,,,PCE,0.0,0.0,0.0,0.0,,,STOK HABIS / RE-ORDER,
A6,"FAN 12 VDC 0,13A ORITEX 3,5X3,5X1,5CM ORITEX",December 2025,-,3.0,0.0,0.0,,,,,PCE,3.0,3.0,3.0,0.0,,,AMAN,
A6,FAN 12VDC HANAYA,December 2025,-,0.0,0.0,0.0,,,,,PCE,0.0,0.0,0.0,0.0,,,STOK HABIS / RE-ORDER,
A6,"FAN 5X06HR DC BRUSHLESS EFBI 212 VH DC12V 0,58A-5B46",December 2025,-,2.0,0.0,0.0,,,,,PCE,2.0,2.0,2.0,0.0,,,AMAN,
A6,FAN SUNON SF9225AT 220V,December 2025,-,0.0,0.0,0.0,,,,,PCE,0.0,0.0,0.0,0.0,,,STOK HABIS / RE-ORDER,
A6,FAN SUNON PMD4812PMBX-A DC24V,December 2025,-,10.0,0.0,0.0,,,,,PCE,10.0,10.0,10.0,0.0,,,AMAN,
A6,FAN SUNON DP 200A 220-240V P/N 2123HBL,December 2025,-,0.0,0.0,0.0,,,,,PCE,0.0,0.0,0.0,0.0,,,STOK HABIS / RE-ORDER,
A6,FAN SUNON SF9225AT 220-240 ,December 2025,-,3.0,0.0,0.0,,,,,PCE,3.0,3.0,3.0,0.0,,,AMAN,
A6,"FAN PAPST TYP 4700 DMT 110V 0,4A 38 W",December 2025,-,1.0,0.0,0.0,,,,,PCE,1.0,1.0,1.0,0.0,,,AMAN,
A6,KIPAS EWIG MODEL 120X120X38 220-240V,December 2025,-,0.0,0.0,0.0,,,,,PCE,0.0,0.0,0.0,0.0,,,STOK HABIS / RE-ORDER,
A6,FAN MNMB 5912PC-20T-B30 220V 1 PHASE 21/20W,December 2025,-,8.0,0.0,0.0,,,,,PCE,8.0,8.0,8.0,0.0,,,AMAN,
A6,FAN ACCESSORIES,December 2025,-,0.0,0.0,0.0,,,,,PCE,0.0,0.0,0.0,0.0,,,STOK HABIS / RE-ORDER,
A6,FAN EBMPAST R2E-225-RA92-09,December 2025,-,0.0,0.0,0.0,,,,,NIU,0.0,0.0,0.0,0.0,,,STOK HABIS / RE-ORDER,
A6,"MOTOR BLOWER KARL KLIN 2D56K502W:SW  3 PHASE 0,32A 380V 1/4 HP",December 2025,-,0.0,0.0,0.0,,,,,PCE,0.0,0.0,0.0,0.0,,,STOK HABIS / RE-ORDER,
A6,"PROGRAMMABLE LOGIC CONTROLLER, IRON RUBBER ",December 2025,-,0.0,0.0,0.0,,,,,PCE,0.0,0.0,0.0,0.0,,,STOK HABIS / RE-ORDER,
A6,"TOUCH SCREEN ,IRON RUBBER,ACCESSORIES FOR MACHINERY",December 2025,-,0.0,0.0,0.0,,,,,PCE,0.0,0.0,0.0,0.0,,,STOK HABIS / RE-ORDER,
A3,VARIABEL FREQUENCY DRIVE CONVERTER E82ZAFCC100,December 2025,-,1.0,0.0,0.0,,,,,PCE,1.0,1.0,1.0,0.0,,,AMAN,
A6,"PEASURE GAUGE DRUCKAUFN,GEFRAN IE1-S-8-4-20mA500bar'C'",December 2025,-,0.0,0.0,0.0,spare sudah terpasang,,,63852322,PCE,0.0,0.0,0.0,0.0,,,URGENT/HARUS SEGERA ORDER,
A6,"PEASURE GAUGE DRUCKAUFN,GEFRAN IE1-S-6-4-20mA500bar'C'",December 2025,-,0.0,0.0,0.0,,,,638523313,PCE,0.0,0.0,0.0,0.0,,,STOK HABIS / RE-ORDER,
A6,"PRESSURE REGULATOR MR-08 1/4"" 61410040",December 2025,-,1.0,0.0,0.0,,,,61410040,PCE,1.0,1.0,1.0,0.0,,,AMAN,
A6,LOAD CELL DG SP 1-6 kg,December 2025,-,2.0,0.0,0.0,,,,,PCE       ,2.0,2.0,2.0,0.0,,,AMAN,
A6,LOAD CELL DG SP 1-3 kg,December 2025,-,3.0,0.0,0.0,,,,,PCE       ,3.0,3.0,3.0,0.0,,,AMAN,
A6,LOAD CELL DG SP 1-20 kg,December 2025,-,1.0,0.0,0.0,,,,,PCE       ,1.0,1.0,1.0,0.0,,,AMAN,
A6,LOAD CELL WIEGEZELLE 20KG,December 2025,-,1.0,2673080.0,2673080.0,,,,,PCE       ,1.0,1.0,1.0,0.0,,,AMAN,
A6,LOAD CELL DG SP 1-60 kg,December 2025,-,1.0,0.0,0.0,,,,,PCE       ,1.0,1.0,1.0,0.0,,,AMAN,
A6,LOAD CELL WIEGEZELLE 60KG,December 2025,-,1.0,3422440.0,3422440.0,,,,,PCE       ,1.0,1.0,1.0,0.0,,,AMAN,
A6,LOAD CELL SYNCRO 15 kg 62058530,December 2025,-,0.0,0.0,0.0,,,,62058530,PCE       ,0.0,0.0,0.0,0.0,,,STOK HABIS / RE-ORDER,
A6,LOAD CELL WIEGEZELLE 15KG,December 2025,-,0.0,2673080.0,0.0,,,,,PCE       ,0.0,0.0,0.0,0.0,,,STOK HABIS / RE-ORDER,
A6,LOAD CELL WIEGEZELLE 30KG,December 2025,-,5.0,2673080.0,13365400.0,,,,,PCE       ,5.0,5.0,5.0,0.0,,,AMAN,
A6,LOAD CELL WIEGEZELLE SYNCRO 50KG,December 2025,-,1.0,2673080.0,2673080.0,,,,,PCE       ,1.0,1.0,1.0,0.0,,,AMAN,
A6,62058530 LOAD CELL 15KG SYNCRO WEIGEZELLE,December 2025,-,6.0,0.0,0.0,,,,,PCE       ,6.0,6.0,6.0,0.0,,,AMAN,
LGN,AIR BAG WIRE/RUBBER/INTERNAL INFLATION AND EXPANSION 4009110000,December 2025,-,39.14999999999994,0.0,0.0,,,,,METER,44.09999999999994,39.14999999999994,39.14999999999994,-4.949999999999996,,,AMAN,
LGN,HANDLE PINTU,December 2025,-,0.0,0.0,0.0,,,,,PCE,0.0,0.0,0.0,0.0,,,STOK HABIS / RE-ORDER,
A6,Fan Motor (OKA ac230V 0.09A 50/60 Hz 2900 RPM),December 2025,-,0.0,0.0,0.0,,,,,PCE       ,0.0,0.0,0.0,0.0,,,STOK HABIS / RE-ORDER,
A6,"DC BRUSHLESS FAN DC 24V- 0,48 A WDF9238BL",December 2025,-,5.0,0.0,0.0,,,,,PCE,5.0,5.0,5.0,0.0,,,AMAN,
A6,"FAN 3"" BRUSHLESS WDF8038BL DC24V 0,48 A",December 2025,-,6.0,0.0,0.0,,,,,PCE,6.0,6.0,6.0,0.0,,,AMAN,
A6,FAN NMB 60MMX60MM 24 VDC EREMA SML,December 2025,-,2.0,0.0,0.0,,,,,PCE,2.0,2.0,2.0,0.0,,,AMAN,
A6,"FAN PANEL 8"" 220V",December 2025,-,0.0,0.0,0.0,,,,,PCE,0.0,0.0,0.0,0.0,,,STOK HABIS / RE-ORDER,
A6,PRESSURE  OIL GAUGE 0-16KG/0-230 PSI,December 2025,-,0.0,0.0,0.0,,,,,PCE,0.0,0.0,0.0,0.0,,,STOK HABIS / RE-ORDER,
A6,LOAD CELL ZEMIC H8C2T TIMBANGAN,December 2025,-,0.0,0.0,0.0,,,,,PCE,0.0,0.0,0.0,0.0,,,STOK HABIS / RE-ORDER,
A6,LOAD CELL NIH 2491,December 2025,-,0.0,0.0,0.0,,,,,PCE,1.0,0.0,0.0,-1.0,,,STOK HABIS / RE-ORDER,
A6,PRESSURE MELT GEFRAN CODE F061704 IE1-S-6-M-B05C,December 2025,-,2.0,0.0,0.0,,,,,PCE,2.0,2.0,2.0,0.0,,,AMAN,
A6,PRESSURE GAUGE 400 BAR,December 2025,-,2.0,0.0,0.0,,,,,PCE,2.0,2.0,2.0,0.0,,,AMAN,
A6,"WARM PRESSURE GAUGE EN 837-1 SIZE 63MM 0-70 BAR/PSI 1/4""",December 2025,-,0.0,0.0,0.0,,,,,PCE,0.0,0.0,0.0,0.0,,,STOK HABIS / RE-ORDER,
A6,"WARM PRESSURE GAUGE EN 837-1 WA63 SIZE 63MM 0-1 BAR/PSI 1/4""",December 2025,-,2.0,0.0,0.0,,,,,PCE,2.0,2.0,2.0,0.0,,,AMAN,
A6,PRESSURE SWITCH AC 250V-3A JCS-02H 50-350 BAR,December 2025,-,0.0,0.0,0.0,,,,,PCE,0.0,0.0,0.0,0.0,,,STOK HABIS / RE-ORDER,
A6,SELENOID DOUBLE COIL  24 DC 220-4E2C,December 2025,-,3.0,0.0,0.0,,,,,PCE,3.0,3.0,3.0,0.0,,,AMAN,
A6,GEFRAN DAVIS-STANDARD D-S NUMBER 3068891 10.000-PSI 10-3- VDC,December 2025,-,0.0,0.0,0.0,,,,,PCE,0.0,0.0,0.0,0.0,,,STOK HABIS / RE-ORDER,
A6,COIL SELENOID 220V 24DC 400127-197 230/50-60 4W FT MP-C-165,December 2025,-,1.0,0.0,0.0,,,,,PCE,1.0,1.0,1.0,0.0,,,AMAN,
A6,LINE MODUL OCER CAT5 REPAIR MC DS,December 2025,-,3.0,0.0,0.0,,,,,PCE,3.0,3.0,3.0,0.0,,,AMAN,
A6,MODUL I/O KOMUNIKASI 8 CHANNEL SAFETY  INPUT MC DS,December 2025,-,0.0,0.0,0.0,,,,,PCE,0.0,0.0,0.0,0.0,,,STOK HABIS / RE-ORDER,
A6,MODUL I/O KOMUNIKASI 8 CHANNEL SAFETY  OUTPUT MC DS,December 2025,-,0.0,0.0,0.0,,,,,PCE,0.0,0.0,0.0,0.0,,,STOK HABIS / RE-ORDER,
A6,Lampu LED FATRO lampu outdoor lamp  SA5730 100W,December 2025,-,0.0,0.0,0.0,,,,,PCE,0.0,0.0,0.0,0.0,,,STOK HABIS / RE-ORDER,
A6,LAMPU  LED TEMBAK PHILLED  150W,December 2025,-,0.0,0.0,0.0,,,,,PCE,0.0,0.0,0.0,0.0,,,STOK HABIS / RE-ORDER,
A6,LAMPU  LED TEMBAK PHILLED 100 W ,December 2025,-,0.0,0.0,0.0,,,,,PCE,0.0,0.0,0.0,0.0,,,STOK HABIS / RE-ORDER,
A6,LAMPU LED TEMBAK PHILLED 200 W,December 2025,-,2.0,0.0,0.0,,,,,PCE,2.0,2.0,2.0,0.0,,,AMAN,
A6,LAMPU LED TEMBAK PHILLED 500 W,December 2025,-,0.0,0.0,0.0,,,,,PCE,0.0,0.0,0.0,0.0,,,STOK HABIS / RE-ORDER,
A6,LAMPU LED TEMBAK 50 WATT,December 2025,-,0.0,0.0,0.0,,,,,PCE,0.0,0.0,0.0,0.0,,,STOK HABIS / RE-ORDER,
A7,MODUL ALLEN BRADLEY CAT A734-OW4 SER C,December 2025,-,1.0,0.0,0.0,,,,,PCE,1.0,1.0,1.0,0.0,,,AMAN,
(A7),Allen Bradley  point I/O Ethernet Network adaptor 1734-AENT REPAIR,December 2025,-,2.0,0.0,0.0,,,,,PCE,2.0,2.0,2.0,0.0,,,AMAN,
(A7),Allen Bradley Control Logic 1756-OB16D,December 2025,-,1.0,0.0,0.0,,,,,PCE,1.0,1.0,1.0,0.0,,,AMAN,
(A7),Allen Bradley Control Logic 1756-OB16E,December 2025,-,0.0,0.0,0.0,,,,,PCE,0.0,0.0,0.0,0.0,,,STOK HABIS / RE-ORDER,
(A7),Allen Bradley Control Logic 1756-OX81,December 2025,-,1.0,0.0,0.0,,,,,PCE,1.0,1.0,1.0,0.0,,,AMAN,
(A7),Allen Bradley Control Net Adapter 1794-ACN15 MC DS/BC,December 2025,-,2.0,0.0,0.0,,,,3031320,PCE,2.0,2.0,2.0,0.0,,,AMAN,
(A7),Allen Bradley factory 1794-OB16.OW8,December 2025,-,2.0,0.0,0.0,,,,,PCE,2.0,2.0,2.0,0.0,,,AMAN,
(A7),SCHALTGERAT ASO ELMON RAIL 41-322 SAFTY RELAIS ,December 2025,-,2.0,0.0,0.0,,,,63276813,PCE,2.0,2.0,2.0,0.0,,,AMAN,
(A7),Allen Bradley Conector For C-Net 75 ohm trune terminator1786-X,December 2025,-,18.0,0.0,0.0,,,,,PCE,18.0,18.0,18.0,0.0,,,AMAN,
(A7),ASCA SCE238D002 230/50-60 VALVE  M182970-3  item:V49368,December 2025,-,4.0,0.0,0.0,,,,,PCE,4.0,4.0,4.0,0.0,,,AMAN,
(A7),ASCA SCE238D005 230/50-60 VALVE  M183141-1 item:V49389,December 2025,-,3.0,0.0,0.0,,,,,PCE,3.0,3.0,3.0,0.0,,,AMAN,
(A7),VOLT  METER SF-72 AC 500V KDE,December 2025,-,0.0,0.0,0.0,,,,,PCE,0.0,0.0,0.0,0.0,,,STOK HABIS / RE-ORDER,
(A7),PLUG AND STANDARD COVER 1756-TBHN A ,December 2025,-,2.0,0.0,0.0,,,,,PCE,2.0,2.0,2.0,0.0,,,AMAN,
A7,PARKER SSD 890 FIRE WIRE 1394A COMMUNICATION OPTION CARD,December 2025,-,1.0,0.0,0.0,,,,,PCE,1.0,1.0,1.0,0.0,,,AMAN,
A7,SAFETY SWITCH SICHERHEITSSCHALTER TLS-3 GD2 4O1S 24V F,December 2025,-,2.0,3362600.0,6725200.0,,,,63270830,PCE,2.0,2.0,2.0,0.0,,,AMAN,
A7,SELENOID UNLOCK LIMIT-SWITCH FS2996D024-F3M2,December 2025,-,3.0,0.0,0.0,,,,,PCE,3.0,3.0,3.0,0.0,,,AMAN,
A7,"EMETT CAL SENSORS/SA10510 - 8M (3) COMPLETTE OF FILAMENT
SUPPORT MULTIWAVE",December 2025,-,0.0,11252470.0,0.0,,,,,PCE,0.0,0.0,0.0,0.0,,,STOK HABIS / RE-ORDER,
A7,ASCA VALVE SCE238D002 ITEM V49367,December 2025,-,2.0,0.0,0.0,,,,,PCE,2.0,2.0,2.0,0.0,,,AMAN,
A7,CARLO GAVASI RGC1A6OD30KKE 600v 30A ,December 2025,-,0.0,0.0,0.0,,,,,PCE,0.0,0.0,0.0,0.0,,,STOK HABIS / RE-ORDER,
A7,CARLO GAVASI RGC1A6OD30KKE 600v 30A LOKAL,December 2025,-,4.0,2555000.0,10220000.0,,,,,PCE,4.0,4.0,4.0,0.0,,,AMAN,
A7,SSR CARLO GAVAZZI RGC1A60D60KGU,December 2025,-,4.0,0.0,0.0,,,,,PCE,4.0,4.0,4.0,0.0,,,AMAN,
A7,SSR CARLO GAVAZZI RGC1A60D42KGE MC DS,December 2025,-,2.0,0.0,0.0,,,,,PCE,2.0,2.0,2.0,0.0,,,AMAN,
A7,PHASE SEQUENCE RELAY TVR3812 220-38VAC 50/60HZ 5A CHFNAD LOKAL,December 2025,-,3.0,0.0,0.0,,,,,PCE,3.0,3.0,3.0,0.0,,,AMAN,
A7,POWER SUPLY SDR-240-24,December 2025,-,0.0,0.0,0.0,,,,,PCE,0.0,0.0,0.0,0.0,,,STOK HABIS / RE-ORDER,
A7,INVERTER LS SV040IG5A-4 SPEC: AC 380-480V,December 2025,-,0.0,0.0,0.0,,,,,PCE,0.0,0.0,0.0,0.0,,,STOK HABIS / RE-ORDER,
A7,TEMP CONTROL IC11C00TCD701 IC 902 PTC 230V,December 2025,-,0.0,0.0,0.0,,,,,PCE,0.0,0.0,0.0,0.0,,,STOK HABIS / RE-ORDER,
A7,HANYOUNG COUNTER/TIMER POWER 100-240 VAC,December 2025,-,0.0,0.0,0.0,,,,,PCE,0.0,0.0,0.0,0.0,,,STOK HABIS / RE-ORDER,
A7,TRAFO ENGKOL 240/30V 5A,December 2025,-,0.0,0.0,0.0,,,,,PCE,0.0,0.0,0.0,0.0,,,STOK HABIS / RE-ORDER,
A7,THERMO CONTROL DIXEL XT121C-5C0TU,December 2025,-,0.0,0.0,0.0,,,,,PCE,0.0,0.0,0.0,0.0,,,STOK HABIS / RE-ORDER,
A7,THERMO CONTROL GEFRAN F000055,December 2025,-,0.0,0.0,0.0,,,,,PCE,0.0,0.0,0.0,0.0,,,STOK HABIS / RE-ORDER,
A7,INSTRUCTION MANUAL TRUE TENSION INDICATOR MODEL TI17B AND TI18B,December 2025,-,0.0,0.0,0.0,,,,,PCE,0.0,0.0,0.0,0.0,,,STOK HABIS / RE-ORDER,
A7,"TENTION TRANDUCER  T1 18BV-110 DRC 24DC 0,5A",December 2025,-,1.0,0.0,0.0,,,,,PCE,1.0,1.0,1.0,0.0,,,AMAN,
A7,"TENTION TRANDUCER  T1 18E 24 VDC 0,5A",December 2025,-,0.0,0.0,0.0,,,,,PCE,0.0,0.0,0.0,0.0,,,STOK HABIS / RE-ORDER,
A7,TENTION TRANDUCER F24 10VDC/500MVC,December 2025,-,0.0,0.0,0.0,,,,,PCE,0.0,0.0,0.0,0.0,,,STOK HABIS / RE-ORDER,
A7,PILAGHT LAMPU PANEL,December 2025,-,0.0,0.0,0.0,,,,,PCE,0.0,0.0,0.0,0.0,,,STOK HABIS / RE-ORDER,
A7,HANYOUNG NUX AX4-1A TEMP CONTROLLER,December 2025,-,2.0,0.0,0.0,,,,,PCE,2.0,2.0,2.0,0.0,,,AMAN,
A7,TIMER 600XU-A-1-CU-240VDC,December 2025,-,1.0,0.0,0.0,,,,,PCE,1.0,1.0,1.0,0.0,,,AMAN,
A8,MCCB METASOL LS ABN53C 50A,December 2025,-,0.0,0.0,0.0,,,,,PCE,0.0,0.0,0.0,0.0,,,STOK HABIS / RE-ORDER,
A7,SENSOR CAPACITIVE PROXIMITY SWITCH EC3025PPAPL CARLOGAVASI/CA18-CA30CAN,December 2025,-,2.0,0.0,0.0,,,,,PCE,3.0,2.0,2.0,-1.0,,,AMAN,
A7,SAFETY DOOR MC SML ALLEN,December 2025,-,1.0,0.0,0.0,,,,,PCE,1.0,1.0,1.0,0.0,,,AMAN,
A7,SAFTY DOOR D4NL-1DFA-BS-T OMRON,December 2025,-,1.0,0.0,0.0,,,,,PCE,1.0,1.0,1.0,0.0,,,AMAN,
A7,RELAY TIME LEVEL LOVATO LVM  25 240 ( 240V),December 2025,-,1.0,0.0,0.0,,,,,PCE,1.0,1.0,1.0,0.0,,,AMAN,
A7,TIMER RELAY ANLY H3D-M,December 2025,-,2.0,0.0,0.0,,,,,PCE,2.0,2.0,2.0,0.0,,,AMAN,
A7,ELECTRONIC SPAREPART STABILIZER MC DS YORITSU MODUL CONTROL SBW-AC 2098,December 2025,-,0.0,0.0,0.0,,,,,PCE,0.0,0.0,0.0,0.0,,,STOK HABIS / RE-ORDER,
A7,SPARE PART STABILIZER YORITSU UNDER/OVER VOLTAGE RELAY TYPE FOR STABILIZER 800 KVA,December 2025,-,0.0,0.0,0.0,,,,,PCE,0.0,0.0,0.0,0.0,,,STOK HABIS / RE-ORDER,
A7,INVERTER LS V0040G100-4E0NN AC380-480V,December 2025,-,0.0,0.0,0.0,,,,,NIU,0.0,0.0,0.0,0.0,,,STOK HABIS / RE-ORDER,
A7,INVERTER LSLV0015S100-4E0NNM MC BLOWN,December 2025,-,0.0,0.0,0.0,,,,,NIU,0.0,0.0,0.0,0.0,,,STOK HABIS / RE-ORDER,
A7,INVERTER MERK SIEMENS TYPE MICROMASTER 440 6SE6440-2UD21-5AA1 380-480V,December 2025,-,0.0,0.0,0.0,,,,,NIU,0.0,0.0,0.0,0.0,,,STOK HABIS / RE-ORDER,
A7,PLC OUTPUT CJ1W-OD211 MC NOZAKI,December 2025,-,2.0,0.0,0.0,,,,,PCE,2.0,2.0,2.0,0.0,,,AMAN,
A7,COMPUTER BOARD GW532A INDUSTRIAL CHILLER CONTROLLER NGR,December 2025,-,0.0,0.0,0.0,,,,,PCE,0.0,0.0,0.0,0.0,,,STOK HABIS / RE-ORDER,
A7,"MODUL CONTROL MICROMASTER MM440 380-480V 0,55KW SIEMENS",December 2025,-,0.0,0.0,0.0,,,,,PCE,0.0,0.0,0.0,0.0,,,STOK HABIS / RE-ORDER,
A7,DRIVE LENZE 8200 EVS93225-ES REPAIR,December 2025,-,0.0,0.0,0.0,,,,,PCE,0.0,0.0,0.0,0.0,,,STOK HABIS / RE-ORDER,
A7,DRIVE LENZE 8200 NEW,December 2025,-,0.0,0.0,0.0,,,,,PCE,0.0,0.0,0.0,0.0,,,STOK HABIS / RE-ORDER,
A7,DRIVE LENZE EVS9325-ES  000043 19KW/32KW,December 2025,-,0.0,0.0,0.0,,,,,PCE,0.0,0.0,0.0,0.0,,,STOK HABIS / RE-ORDER,
A7,"DRIVE LENZE EVS9325-ES 000006 18,5KVA",December 2025,-,0.0,0.0,0.0,,,,,PCE,0.0,0.0,0.0,0.0,,,STOK HABIS / RE-ORDER,
A7,"DRIVE LENZE EVS9325-ES 000024 18,5KVA",December 2025,-,0.0,0.0,0.0,,,,,PCE,0.0,0.0,0.0,0.0,,,STOK HABIS / RE-ORDER,
A7,TRANSPORMER COIL KOMPRESSOR,December 2025,-,0.0,0.0,0.0,,,,,PCE,1.0,0.0,0.0,-1.0,,,STOK HABIS / RE-ORDER,
A7,GEFRAN LOT CELL TR-N3.5C-P30-1,December 2025,-,0.0,13100000.0,0.0,,,,,PCE,0.0,0.0,0.0,0.0,,,STOK HABIS / RE-ORDER,
A7,"DRIVE KB,24VDC(DC MOTOR SPEED CONTROL KBBC-24M)",December 2025,-,0.0,7238500.0,0.0,,,,,PCE,0.0,0.0,0.0,0.0,,,STOK HABIS / RE-ORDER,
A7,UNIT EMETT CALSENSORS/SA10510-8M,December 2025,-,0.0,9809000.0,0.0,,,,,PCE,0.0,0.0,0.0,0.0,,,STOK HABIS / RE-ORDER,
(A8),FORT ONE COMMAND SWITCH BLACK BUTTON  model LA115-A5-10X,December 2025,-,8.0,0.0,0.0,,,,LA115-A5-10X,PCE,8.0,8.0,8.0,0.0,,,AMAN,
(A8),FORT ONE COMMAND SWITCH RED model LA115-A5-01D,December 2025,-,6.0,0.0,0.0,,,,LA115-A5-01D,PCE,6.0,6.0,6.0,0.0,,,AMAN,
(A8),FORT ONE COMMAND SWITCH GREEN model LA115-A5-10D,December 2025,-,0.0,0.0,0.0,,,,LA115-A5-10D,PCE,0.0,0.0,0.0,0.0,,,STOK HABIS / RE-ORDER,
(A8),FORT PUSH BUTTON SWITCH type LA115-A5-10 BLACK X10/EMERGENCY,December 2025,-,5.0,0.0,0.0,,,,LA115-A5-10 BLACK X10,PCE,5.0,5.0,5.0,0.0,,,AMAN,
(A8),FORT ONE COMMAND SWITCH BLACK model LA115-A5-20XS/FFU,December 2025,-,3.0,0.0,0.0,,,,LA115-A5-20XS/Ff4,PCE,3.0,3.0,3.0,0.0,,,AMAN,
A8,PUSH BUTTON OFF DLM =24MM NC( MERAH),December 2025,-,1.0,0.0,0.0,,,,,PCE,1.0,1.0,1.0,0.0,,,AMAN,
A8,PUSH BUTTON ON D=24MM ON (HIJAU),December 2025,-,2.0,0.0,0.0,,,,,PCE,2.0,2.0,2.0,0.0,,,AMAN,
A8,PUSH BUTTON ON D=22MM (MERAH),December 2025,-,0.0,0.0,0.0,,,,,PCE,0.0,0.0,0.0,0.0,,,STOK HABIS / RE-ORDER,
A8,PUSH BUTTON ON D=22MM ON (HIJAU),December 2025,-,0.0,0.0,0.0,,,,,PCE,0.0,0.0,0.0,0.0,,,STOK HABIS / RE-ORDER,
A8,PUSH BUTTON SWITCH D=25MM 6A 250VAC MC CORE,December 2025,-,0.0,0.0,0.0,,,,,PCE,0.0,0.0,0.0,0.0,,,STOK HABIS / RE-ORDER,
A8,PUSH BUTTON SWITCH /SAKLAR SWITCH 2 POSISI,December 2025,-,1.0,0.0,0.0,,,,,PCE,1.0,1.0,1.0,0.0,,,AMAN,
(A8),LS MC-22b AC 220v 50/60Hz 1347000700,December 2025,-,1.0,0.0,0.0,,,,1347000700,PCE,1.0,1.0,1.0,0.0,,,AMAN,
(A8),LS BKN C32 400V ,December 2025,-,0.0,0.0,0.0,,,,,PCE,0.0,0.0,0.0,0.0,,,STOK HABIS / RE-ORDER,
(A8),"LS MMS - 32 H 1,6 A (1-1.6A) 705000600",December 2025,-,1.0,0.0,0.0,,,,705000600,PCE,1.0,1.0,1.0,0.0,,,AMAN,
(A8),LS MINATURE CIRCUIT BREAKER 2P C16A 400V-6000,December 2025,-,0.0,0.0,0.0,,,,,PCE,0.0,0.0,0.0,0.0,,,STOK HABIS / RE-ORDER,
(A8),LS MINATURE CIRCUIT BREAKER 3P C20A 400V-6000,December 2025,-,1.0,0.0,0.0,,,,,PCE,1.0,1.0,1.0,0.0,,,AMAN,
(A8),CONTACTOR LS METASOL MC-40A AC 110 v 50/60 HZ 1337013100,December 2025,-,2.0,0.0,0.0,,,,1337013100,PCE,2.0,2.0,2.0,0.0,,,AMAN,
(A8),CONTACTOR LS METASOL MC-85A AC 110v 50/60HZ(1341012800),December 2025,-,1.0,0.0,0.0,,,,1341012800,PCE,1.0,1.0,1.0,0.0,,,AMAN,
(A8),CONTACTOR LS METASOL ABN 203C 200A 3P 0137005700,December 2025,-,2.0,0.0,0.0,,,,137005700,PCE,2.0,2.0,2.0,0.0,,,AMAN,
(A8),CONTACTOR  LS  METASOL ABN 203C 125A 3p 137005400,December 2025,-,5.0,0.0,0.0,,,,137005400,PCE,5.0,5.0,5.0,0.0,,,AMAN,
(A8),KRK SMK 01 PHASE PROTECTION DEVICE 220 VAC 10A/250VAC,December 2025,-,1.0,0.0,0.0,,,,7002502229,PCE,1.0,1.0,1.0,0.0,,,AMAN,
(A8),KISO S-K11 MAGNETIC CONTACTOR Coil 208-220V 50 HZ 220V 60 HZ ,December 2025,-,1.0,0.0,0.0,,,,,PCE,1.0,1.0,1.0,0.0,,,AMAN,
(A8),"SIEMENS AUXILIARY SWITCH BLOCK 10A/240V GB 14048.5/50Hz, 3RH 1921/3RH 5921-FA22",December 2025,-,2.0,0.0,0.0,,,,,PCE,2.0,2.0,2.0,0.0,,,AMAN,
(A8),"SIEMENS CONTACTOR 230v 50 Hz AC-3:50A 400V,22KW 3RT10361AP00",December 2025,-,1.0,0.0,0.0,,,,,PCE,1.0,1.0,1.0,0.0,,,AMAN,
(A8),"SIEMENS CIRCUIT BREAKER 1,1-1,6A 4/50HZ 3RV1011-1AA10",December 2025,-,3.0,0.0,0.0,,,,,PCE,3.0,3.0,3.0,0.0,,,AMAN,
(A8),"SIEMENS CIRCUIT BREAKER 5,5-8A 3RV1021-1HA10",December 2025,-,0.0,0.0,0.0,,,,,PCE,0.0,0.0,0.0,0.0,,,STOK HABIS / RE-ORDER,
(A8),"SIEMENS CONTACTOR 230v 50 Hz AC-1:40A/690V 5,5KW 3RT1024-1AP00 ",December 2025,-,0.0,0.0,0.0,,,,,PCE,0.0,0.0,0.0,0.0,,,STOK HABIS / RE-ORDER,
(A8),SIEMENS CONTACTOR 230v 50 Hz AC-3:9A/400V 4KW  3RT1023-1AP00,December 2025,-,0.0,0.0,0.0,,,,,PCE,0.0,0.0,0.0,0.0,,,STOK HABIS / RE-ORDER,
(A8),SIEMENS  CONTACTOR  SOLID STATE RELAY 20A 3RF2420-1AB45 UNTUK NGR ,December 2025,-,1.0,0.0,0.0,,,,,PCE,1.0,1.0,1.0,0.0,,,AMAN,
(A8),SIEMENS SWITCH BLOCK AC-12: 10A /690V 3RH1921-1CA01,December 2025,-,5.0,0.0,0.0,,,,,PCE,5.0,5.0,5.0,0.0,,,AMAN,
(A8),"SIEMENS CIRCUIT BREAKER 1-1,6 A 415V/690V 3VS1300-1MG00",December 2025,-,0.0,0.0,0.0,,,,,PCE,0.0,0.0,0.0,0.0,,,STOK HABIS / RE-ORDER,
(A8),"SIEMENS CONTACTOR 110V 50HZ AC-3:5,5KW 400V 3RT1024-1AF00",December 2025,-,0.0,0.0,0.0,,,,,PCE,0.0,0.0,0.0,0.0,,,STOK HABIS / RE-ORDER,
(A8),SIEMENS CONTACTOR DC-3:3KW 400V 3RT1024-1BB40,December 2025,-,0.0,0.0,0.0,,,,,PCE,0.0,0.0,0.0,0.0,,,STOK HABIS / RE-ORDER,
(A8),"SIEMENS CONTACTOR DC 24V AC-3:12A 400V 5,5KW 3RT6024-1BB40",December 2025,-,3.0,0.0,0.0,,,,,PCE,3.0,3.0,3.0,0.0,,,AMAN,
(A8),SIEMENS CONTACTOR 3TS3210-OA62,December 2025,-,0.0,0.0,0.0,,,,,PCE,0.0,0.0,0.0,0.0,,,STOK HABIS / RE-ORDER,
(A8),HANYOUNG NUX SOLID STATE RELAY HSR-2D502Z input 4-32VDC Load 90-264VAC,December 2025,-,0.0,0.0,0.0,,,,,PCE,0.0,0.0,0.0,0.0,,,STOK HABIS / RE-ORDER,
(A8),HANYOUNG NUX SOLID STATE RELAY HSR-2D504Z SOLID STATE RELAY input 4-32VDC power 90-480VAC,December 2025,-,1.0,0.0,0.0,,,,,PCE,1.0,1.0,1.0,0.0,,,AMAN,
(A8),PHASE SEQUENCE RELAY TVR3812 220-38VAC 50/60HZ 5A CHFNAD,December 2025,-,0.0,0.0,0.0,,,,181029165,PCE,0.0,0.0,0.0,0.0,,,STOK HABIS / RE-ORDER,
(A8),CHNT XJ3-S AC 380 V PHASE FAILURE AND PHASE SEQUWNCE PROTECTIVE RELAY XJ3-S AC 380 V/0.95A,December 2025,-,2.0,0.0,0.0,,,,,PCE,2.0,2.0,2.0,0.0,,,AMAN,
(A8),CHNT MOULDED CASE CIRCUIT BREAKER  NM1-63S/3300 50A AC500V/415V,December 2025,-,1.0,0.0,0.0,,,,,PCE,1.0,1.0,1.0,0.0,,,AMAN,
(A8),CHNT NC1-8011 AC CONTACTOR 220v 50/60HZ  80A,December 2025,-,1.0,0.0,0.0,,,,,PCE,1.0,1.0,1.0,0.0,,,AMAN,
(A8),CHNT  CONTACTOR CJX2-1810,December 2025,-,4.0,0.0,0.0,,,,,PCE,4.0,4.0,4.0,0.0,,,AMAN,
(A8),GB 14048.5 IEC 60947-5-1 CHNT Xj3-D AC 380V,December 2025,-,1.0,0.0,0.0,,,,,PCE,1.0,1.0,1.0,0.0,,,AMAN,
A8,"HILFSSCHALTER ZB4 1S ZBE 1015,F2 AUXILIARY SWITCH 63263662",December 2025,-,2.0,0.0,0.0,,,,63263662,PCE,2.0,2.0,2.0,0.0,,,AMAN,
A8,PUSH BUTTON ON KUNING LA115-A5-10D,December 2025,-,9.0,0.0,0.0,,,,,PCE,9.0,9.0,9.0,0.0,,,AMAN,
A8,DELTA TIMER COUNTER  DISPLAY model CTA4101A input :AC 100-240V 50/60HZ,December 2025,-,0.0,0.0,0.0,,,,,PCE,1.0,0.0,0.0,-1.0,,,STOK HABIS / RE-ORDER,
A8,FORT ROTARY SWITCH SF 22 IEC 60947-3 660V AC21A,December 2025,-,1.0,0.0,0.0,,,,SF22,PCE,1.0,1.0,1.0,0.0,,,AMAN,
A8,HANYOUNG NUX  MINI LIMIT SWICH HY-LS803RN,December 2025,-,0.0,0.0,0.0,,,,,PCE,0.0,0.0,0.0,0.0,,,STOK HABIS / RE-ORDER,
A8,SIEMENS CIRCUIT BREAK 0.24-0.4 A 3VU1300-1MD00,December 2025,-,2.0,0.0,0.0,,,,,PCE,2.0,2.0,2.0,0.0,,,AMAN,
A8,"MOELLER CIRCUIT BREAKER PKZM0-0,63 IN 0,63A",December 2025,-,2.0,0.0,0.0,,,,,PCE,2.0,2.0,2.0,0.0,,,AMAN,
A8,LIMIT SWICH HANYOUNG NUX HY-M902(NEW),December 2025,-,2.0,0.0,0.0,,,,,PCE,2.0,2.0,2.0,0.0,,,AMAN,
A8,SIEMENS CONTACTOR 3RT2017-1BB41,December 2025,-,2.0,0.0,0.0,,,,,PCE,2.0,2.0,2.0,0.0,,,AMAN,
A8,SIEMENS CONTACTOR  3TS3110-OAG2 /OAN2 /OAG0 /OAC2 MC BLOWN,December 2025,-,2.0,0.0,0.0,,,,,PCE,2.0,2.0,2.0,0.0,,,AMAN,
A8,SIEMENS CIRCUIT BREAKER 1-1-6A  3VS1300-1MG00,December 2025,-,2.0,0.0,0.0,,,,,PCE,2.0,2.0,2.0,0.0,,,AMAN,
A8,CONTACTOR LS MC-50A  2A2B AC 220V,December 2025,-,2.0,0.0,0.0,,,,,PCE,2.0,2.0,2.0,0.0,,,AMAN,
A8,CONTACTOR SIEMENS 3RT1024-1BB40 LOKAL,December 2025,-,2.0,0.0,0.0,,,,,PCE,2.0,2.0,2.0,0.0,,,AMAN,
A8,CONTACTOR NCB  LS 25A 400V 2 PHASE,December 2025,-,3.0,0.0,0.0,,,,,PCE,3.0,3.0,3.0,0.0,,,AMAN,
A8,CONTACTOR 3RT6024-1AP00  SIEMENS AC 230V,December 2025,-,2.0,0.0,0.0,,,,,PCE,2.0,2.0,2.0,0.0,,,AMAN,
A8,CAMMON BUTTON  SWITCH FORT LAY4-BE101 400V 10A,December 2025,-,0.0,0.0,0.0,,,,,PCE,0.0,0.0,0.0,0.0,,,STOK HABIS / RE-ORDER,
A8,HANYOUNG NUX TEMP. CONTROLLER KX2N-MENA 100-240VAC 50/60HZ LOKAL,December 2025,-,1.0,0.0,0.0,,,,,PCE,1.0,1.0,1.0,0.0,,,AMAN,
A8,"OCR LS MT-32/3H(2,5-4 A)",December 2025,-,1.0,0.0,0.0,,,,,PCE,1.0,1.0,1.0,0.0,,,AMAN,
A8,TIMER KISHOO H3Y-2,December 2025,-,0.0,0.0,0.0,,,,,PCE,0.0,0.0,0.0,0.0,,,STOK HABIS / RE-ORDER,
A8,SOCKET FORT 24 VDC 8 PIN FORT PF083A,December 2025,-,4.0,0.0,0.0,,,,,PCE,4.0,4.0,4.0,0.0,,,AMAN,
A8,PUSH BUTTON ON HIJAU FORT PB 3011 5A 250 VAC,December 2025,-,0.0,0.0,0.0,,,,,PCE,0.0,0.0,0.0,0.0,,,STOK HABIS / RE-ORDER,
A8,CONTACTOR H125C HITACHI COIL 220 17X13X19,December 2025,-,0.0,0.0,0.0,,,,,PCE,0.0,0.0,0.0,0.0,,,STOK HABIS / RE-ORDER,
A8,CONTACTOR H65C 220,December 2025,-,0.0,0.0,0.0,,,,,PCE,0.0,0.0,0.0,0.0,,,STOK HABIS / RE-ORDER,
A8,THERMAL OVER LOW RELAY TR150B-1E HITACHI,December 2025,-,0.0,0.0,0.0,,,,,PCE,0.0,0.0,0.0,0.0,,,STOK HABIS / RE-ORDER,
A8,TEMPERATURE CONTROL SYRELEC CTH 46-CTD 43-CTD46,December 2025,-,0.0,0.0,0.0,,,,,PCE,0.0,0.0,0.0,0.0,,,STOK HABIS / RE-ORDER,
A8,CIRCUIT BREAKER SIMENS 3VS1600-1MM00 10-16A ,December 2025,-,0.0,0.0,0.0,,,,,PCE,0.0,0.0,0.0,0.0,,,STOK HABIS / RE-ORDER,
A8,COUNTER HANYOUNG GF4-P41S 100-240 SOCKET 8,December 2025,-,1.0,0.0,0.0,,,,,PCE,1.0,1.0,1.0,0.0,,,AMAN,
A8,COUNTER OMRON H7CR-SBSL 24 VDC,December 2025,-,1.0,0.0,0.0,,,,,PCE,1.0,1.0,1.0,0.0,,,AMAN,
A8,TEMP. CONTROLLER AX2-1A,December 2025,-,3.0,0.0,0.0,,,,,PCE,3.0,3.0,3.0,0.0,,,AMAN,
A8,SIEMENS CIRCUIT BREAKER AUXILARY SWITCH 3RV6011-OEA10/1KA10,December 2025,-,3.0,0.0,0.0,,,,,PCE,3.0,3.0,3.0,0.0,,,AMAN,
A8,SIEMENS AUXILARY CONTACT BLOCK,December 2025,-,0.0,0.0,0.0,,,,,PCE,0.0,0.0,0.0,0.0,,,STOK HABIS / RE-ORDER,
A8,CIRCUIT BREAKER SIMENS 3RV2011-1JA10,December 2025,-,3.0,0.0,0.0,,,,,PCE,3.0,3.0,3.0,0.0,,,AMAN,
A8,KONTAKTOR LS METASOL MC-130A 220,December 2025,-,0.0,0.0,0.0,,,,,PCE,0.0,0.0,0.0,0.0,,,STOK HABIS / RE-ORDER,
A8,CONTACTOR SIEMENS 3RT5036-1AN20 220V 50A ,December 2025,-,0.0,0.0,0.0,,,,,PCE,0.0,0.0,0.0,0.0,,,STOK HABIS / RE-ORDER,
A8,CONTAKTOR SIEMENS 3RT5036-1AP00 AC 230V 50A,December 2025,-,3.0,0.0,0.0,,,,,PCE,3.0,3.0,3.0,0.0,,,AMAN,
A8,OCR SIEMENS THERMAL RELAY 3RU5136-4GBO,December 2025,-,0.0,0.0,0.0,,,,,PCE,0.0,0.0,0.0,0.0,,,STOK HABIS / RE-ORDER,
A8,TERMAL RELAY SIEMENS 3RU2136-4GB0 36-45A,December 2025,-,1.0,0.0,0.0,,,,,PCE,1.0,1.0,1.0,0.0,,,AMAN,
A8,CONTAKTOR SIEMENS 3RT5035-1AP00 AC 230V 40A,December 2025,-,2.0,0.0,0.0,,,,,PCE,2.0,2.0,2.0,0.0,,,AMAN,
A8,CONTACTOR SIEMENS 3RT6024-1AN20 AC220V 12A EREMA NGR,December 2025,-,3.0,0.0,0.0,,,,,PCE,3.0,3.0,3.0,0.0,,,AMAN,
A8,CONTAKTOR 3RT6024-1AF00 110V SIEMENS,December 2025,-,4.0,0.0,0.0,,,,,PCE,4.0,4.0,4.0,0.0,,,AMAN,
A8,CONTAKTOR 3RT6025-1AF00 110V SIEMENS,December 2025,-,2.0,0.0,0.0,,,,,PCE,2.0,2.0,2.0,0.0,,,AMAN,
A8,KONTAKTOR SIEMENS 3RT2047-1AG20 +OCR 3RB3046-1XBO MC DS,December 2025,-,0.0,0.0,0.0,,,,,SET,0.0,0.0,0.0,0.0,,,STOK HABIS / RE-ORDER,
A8,THERMISTOR RELAY SIEMENS 3RN1010-1BG00,December 2025,-,2.0,0.0,0.0,,,,,PCE,2.0,2.0,2.0,0.0,,,AMAN,
A8,BREAKER LS ABN 100A,December 2025,-,1.0,0.0,0.0,,,,,PCE,1.0,1.0,1.0,0.0,,,AMAN,
A8,BREAKER LS ABN 103C 60A,December 2025,-,1.0,0.0,0.0,,,,,PCE,1.0,1.0,1.0,0.0,,,AMAN,
A8,MCB 3PHASE LS ABN 50A,December 2025,-,0.0,0.0,0.0,,,,,PCE,0.0,0.0,0.0,0.0,,,STOK HABIS / RE-ORDER,
A8,TEMP CONTROLLER KX4N-SENA,December 2025,-,0.0,0.0,0.0,,,,,PCE,0.0,0.0,0.0,0.0,,,STOK HABIS / RE-ORDER,
A5,RELAY OMRON G2R-Z-SN  24V,December 2025,-,1.0,0.0,0.0,,,,,PCE,1.0,1.0,1.0,0.0,,,AMAN,
A5,SOCKET RELAY  OMRON G2R-Z-SN  24V,December 2025,-,1.0,0.0,0.0,,,,,PCE,2.0,1.0,1.0,-1.0,,,AMAN,
A8,SENSOR PROXIMITY SWITCH HANYOUNG UP 18 RLD-8NA,December 2025,-,0.0,0.0,0.0,,,,,PCE,0.0,0.0,0.0,0.0,,,STOK HABIS / RE-ORDER,
A8,PILOT LAMP D=19MM (HIJAU),December 2025,-,0.0,0.0,0.0,,,,,PCE,0.0,0.0,0.0,0.0,,,STOK HABIS / RE-ORDER,
A8,PILOT LAMP D=19MM (KUNING),December 2025,-,0.0,0.0,0.0,,,,,PCE,0.0,0.0,0.0,0.0,,,STOK HABIS / RE-ORDER,
A8,PILOT LAMP D=19MM (MERAH),December 2025,-,0.0,0.0,0.0,,,,,PCE,0.0,0.0,0.0,0.0,,,STOK HABIS / RE-ORDER,
A8,PILOT LAMP D=22 MM220V MERAH,December 2025,-,0.0,0.0,0.0,,,,,PCE,0.0,0.0,0.0,0.0,,,STOK HABIS / RE-ORDER,
A8,PILOT LAMP D=22 MM220V KUNING,December 2025,-,0.0,0.0,0.0,,,,,PCE,0.0,0.0,0.0,0.0,,,STOK HABIS / RE-ORDER,
A8,PILOT LAMP D=22 MM220V HIJAU,December 2025,-,0.0,0.0,0.0,,,,,PCE,0.0,0.0,0.0,0.0,,,STOK HABIS / RE-ORDER,
A8,POWER SUPLY ABL8 RPS24100 SCHNEIDER,December 2025,-,0.0,0.0,0.0,,,,,PCE,0.0,0.0,0.0,0.0,,,STOK HABIS / RE-ORDER,
A8,PUSH BUTTON D=21MM WARNA  HIJAU 24 VDC,December 2025,-,0.0,0.0,0.0,,,,,PCE,0.0,0.0,0.0,0.0,,,STOK HABIS / RE-ORDER,
A8,THERMAL TECO RHU-10/36 K2 29-36A,December 2025,-,0.0,0.0,0.0,,,,,PCE,0.0,0.0,0.0,0.0,,,STOK HABIS / RE-ORDER,
A8,KONTAKTOR TECO CU-32 R COIL 380V,December 2025,-,0.0,0.0,0.0,,,,,PCE,0.0,0.0,0.0,0.0,,,STOK HABIS / RE-ORDER,
A8,CONTROL TEMP EUROTHERM TYPE:2216E,December 2025,-,1.0,0.0,0.0,,,,,PCE,1.0,1.0,1.0,0.0,,,AMAN,
A8,"CONTAKTOR,OCR",December 2025,-,0.0,0.0,0.0,,,,,LOT,0.0,0.0,0.0,0.0,,,STOK HABIS / RE-ORDER,
(A9),SCHNEIDER CONTACT BLOCK LADN22 10A 690V,December 2025,-,2.0,0.0,0.0,,,,,PCE,2.0,2.0,2.0,0.0,,,AMAN,
(A9),SCHNEIDER MOTOR CIRCUIT BREAKER 13-18A  GV2 ME 20,December 2025,-,2.0,0.0,0.0,,,,,PCE,2.0,2.0,2.0,0.0,,,AMAN,
(A9),SCHNEIDER CONTACTOR  Tesys LC1D32M7 220V 50A,December 2025,-,4.0,0.0,0.0,,,,,PCE,4.0,4.0,4.0,0.0,,,AMAN,
(A9),SCHNEIDER CONTACTOR Tesys LC 1 D 09 BL,December 2025,-,0.0,0.0,0.0,,,,,PCE,0.0,0.0,0.0,0.0,,,STOK HABIS / RE-ORDER,
(A9), SCHNEIDER CONTACTOR Tesys LRD 340  30-40A,December 2025,-,0.0,0.0,0.0,,,,,PCE,0.0,0.0,0.0,0.0,,,STOK HABIS / RE-ORDER,
(A9),SCHNEIDER CONTACTOR Tesys-921550 50A  CL10A  LRD 350,December 2025,-,0.0,0.0,0.0,,,,,PCE,0.0,0.0,0.0,0.0,,,STOK HABIS / RE-ORDER,
(A9),SCHNEIDER CONTACTOR Tesys LC 1 D 80 F7 110V 50-60HZ 37KW-400V 60 HP-460V,December 2025,-,1.0,0.0,0.0,,,,,PCE,1.0,1.0,1.0,0.0,,,AMAN,
(A9),SCHNEIDER CONTACTOR  Tesys LC 1 D 80 M7 220-230V 50HZ-220-240V 60HZ ,December 2025,-,0.0,0.0,0.0,,,,,PCE,0.0,0.0,0.0,0.0,,,STOK HABIS / RE-ORDER,
(A9),SCHNEIDER CONTACTOR  Tesys LC 1 D 80 Q7 380-400V 50-60HZ,December 2025,-,0.0,0.0,0.0,,,,,PCE,0.0,0.0,0.0,0.0,,,STOK HABIS / RE-ORDER,
(A9),SCHNEIDER MOTOR CIRCUIT BREAKER Tesys GV3 P40 30-40A 690V-50/60HZ,December 2025,-,1.0,0.0,0.0,,,,,PCE,1.0,1.0,1.0,0.0,,,AMAN,
(A9),SCHNEIDER MOTOR CIRCIUT BREAKER Tesys GV3 ME80 56-80A 690V 50/60HZ,December 2025,-,0.0,0.0,0.0,,,,,PCE,0.0,0.0,0.0,0.0,,,STOK HABIS / RE-ORDER,
(A9),"SCHNEIDER CONTACTOR LC 1 DT 25 BD 24V DC 5,5KW/400V 7,5HP/480V",December 2025,-,2.0,0.0,0.0,,,,,PCE,2.0,2.0,2.0,0.0,,,AMAN,
(A9),SCHNEIDER CAPACITOR SWITCHING Tesys LC 1 DWK 12 M7 92A 220-230V 50HZ-220-240V 60HZ,December 2025,-,3.0,0.0,0.0,,,,,PCE,3.0,3.0,3.0,0.0,,,AMAN,
(A9),"SCHNEIDER CONTACTOR Tesys LC 1 D 12 BD 24VDC 5,5KW/400V 7.5HP/480V",December 2025,-,2.0,0.0,0.0,,,,,PCE,2.0,2.0,2.0,0.0,,,AMAN,
(A9),SCHNEIDER BLOQ CONTACT INST NA+NC+IZQ GVAN 11,December 2025,-,1.0,0.0,0.0,,,,,PCE,1.0,1.0,1.0,0.0,,,AMAN,
(A9),KONTAKTOR SCHNEIDER LC1D32BD COIL 24VDC,December 2025,-,4.0,0.0,0.0,,,,,PCE,4.0,4.0,4.0,0.0,,,AMAN,
(A9),AUXILARY CONTACT SCHNEIDER GV3A01,December 2025,-,1.0,0.0,0.0,,,,,PCE,1.0,1.0,1.0,0.0,,,AMAN,
(A9),AUXILARY CONTACT SIEMENS 3RH5921-1DA11,December 2025,-,1.0,0.0,0.0,,,,,PCE,1.0,1.0,1.0,0.0,,,AMAN,
(A9),SCHNEIDER CONTACTOR Tesys LC 1 D 25 M7 24v,December 2025,-,0.0,0.0,0.0,,,,,PCE,0.0,0.0,0.0,0.0,,,STOK HABIS / RE-ORDER,
(A9),"CONTACTOR MOELLER DILM17-10(RDC24) 24-27 VDC 7,5KW/400V",December 2025,-,2.0,0.0,0.0,,,,,PCE,2.0,2.0,2.0,0.0,,,AMAN,
(A9),SCHNEIDER CONTACTOR  TRIPOLAIRE AVEC BORNIERS LC1D40AM7 440V-40A-220v AC coil ,December 2025,-,3.0,0.0,0.0,,,,,PCE,3.0,3.0,3.0,0.0,,,AMAN,
A9,DC CONTACTOR LC 1 D0911BD 4 kw/400v 24V DC,December 2025,-,1.0,0.0,0.0,,,,63220850,PCE,1.0,1.0,1.0,0.0,,,AMAN,
A9,CRYDOM solid state relay HD4850,December 2025,-,0.0,0.0,0.0,,,,,PCE,0.0,0.0,0.0,0.0,,,STOK HABIS / RE-ORDER,
A9,ENCODER FEED BACK CARD PARKER SSD AH387775U001,December 2025,-,1.0,35.0,35.0,,,,,PCE,1.0,1.0,1.0,0.0,,,AMAN,
A9,DC SPEED CONTROLLER 590 PARKER AH47372U002,December 2025,-,0.0,430.0,0.0,baru datang bulan juli 2020 dan langsung di pasang di sml3,,,,PCE,0.0,0.0,0.0,0.0,,,URGENT/HARUS SEGERA ORDER,
A9,"SIEMENS 3VE1010-2F 0.63-0,4",December 2025,-,1.0,0.0,0.0,,,,,PCE,1.0,1.0,1.0,0.0,,,AMAN,
A9,PARKER  EUROTHEM SSD DRIVE MODEL 6055-1-00,December 2025,-,0.0,385.88,0.0,spare datang bulan juli 2020 dan langsung di pasang di MC BC DRIVE EXT B,,,,PCE,0.0,0.0,0.0,0.0,,,URGENT/HARUS SEGERA ORDER,
A9,RCK INSTRUMENST H-TIO-B-FJA2-V*NN UNTUK SML,December 2025,-,3.0,6922500.0,20767500.0,,,,,PCE,3.0,3.0,3.0,0.0,,,AMAN,
A9,OVER LOAD LRD 350 SCHNEIDER 37-50A,December 2025,-,1.0,0.0,0.0,,,,,PCE,1.0,1.0,1.0,0.0,,,AMAN,
A8,TIMER OMRON H3CR-A8  100-240VAC,December 2025,-,1.0,0.0,0.0,,,,,PCE,1.0,1.0,1.0,0.0,,,AMAN,
A8,SOKET TIMER OMRON H3CR 220V AC PFO83A FORT A8,December 2025,-,0.0,0.0,0.0,,,,,PCE,0.0,0.0,0.0,0.0,,,STOK HABIS / RE-ORDER,
A8,TIMER COUNTER H3CR-F8,December 2025,-,2.0,0.0,0.0,,,,,PCE,2.0,2.0,2.0,0.0,,,AMAN,
A9,CONTACTOR FORT PFO83 A,December 2025,-,0.0,0.0,0.0,,,,,PCE,0.0,0.0,0.0,0.0,,,STOK HABIS / RE-ORDER,
A9,CONTACTOR LC1 D80M7 LOKAL,December 2025,-,0.0,0.0,0.0,,,,,PCE,0.0,0.0,0.0,0.0,,,STOK HABIS / RE-ORDER,
A9,OVER LOAD LRD 3361,December 2025,-,0.0,0.0,0.0,,,,,PCE,0.0,0.0,0.0,0.0,,,STOK HABIS / RE-ORDER,
A9,SHINEIDER MOTOR CIRCUIT BREAKER GV3P80,December 2025,-,4.0,0.0,0.0,,,,,PCE,4.0,4.0,4.0,0.0,,,AMAN,
A9,KONTAKTOR SNEIDER LC1D65AM7 COIL 110V,December 2025,-,1.0,0.0,0.0,,,,,PCE,1.0,1.0,1.0,0.0,,,AMAN,
A9,KONTAKTOR SNEIDER LC1D65A COIL 220V/LC1D65AM7 220,December 2025,-,2.0,0.0,0.0,,,,,PCE,2.0,2.0,2.0,0.0,,,AMAN,
A9,KONTAKTOR SNEIDER LC1D12M7 COIL 220V,December 2025,-,2.0,0.0,0.0,,,,,PCE,2.0,2.0,2.0,0.0,,,AMAN,
A9,TERMAL RELAI SCNEIDER LRD16 9-13A,December 2025,-,1.0,0.0,0.0,,,,,PCE,1.0,1.0,1.0,0.0,,,AMAN,
A9,TERMAL RELAI SCNEIDER LRD365 48-65A,December 2025,-,2.0,0.0,0.0,,,,,PCE,2.0,2.0,2.0,0.0,,,AMAN,
A9,CONTACTOR LC1D50AM7 SHINEIDER UNTUK KOMPRESOR LINGHEIN,December 2025,-,3.0,0.0,0.0,,,,,PCE,3.0,3.0,3.0,0.0,,,AMAN,
A9,CONTACTOR LC1D18BD 32A vaccum resin sml1,December 2025,-,2.0,0.0,0.0,,,,,PCE,3.0,2.0,2.0,-1.0,,,AMAN,
A9,RELAY INSTRUMENT C400FK02,December 2025,-,0.0,0.0,0.0,,,,,PCE,0.0,0.0,0.0,0.0,,,STOK HABIS / RE-ORDER,
A9,CONTACTOR LC1D32Q7 380V,December 2025,-,0.0,0.0,0.0,,,,,PCE,0.0,0.0,0.0,0.0,,,STOK HABIS / RE-ORDER,
A9,LS-11S LIMIT SWITCH EATON,December 2025,-,0.0,0.0,0.0,,,,,PCE,0.0,0.0,0.0,0.0,,,STOK HABIS / RE-ORDER,
A9,CONTACTOR LC1D09F7,December 2025,-,0.0,0.0,0.0,,,,,PCE,0.0,0.0,0.0,0.0,,,STOK HABIS / RE-ORDER,
A9,KONTAKTOR EATON  DILM 115(RAC240)EXCE115GOOB,December 2025,-,2.0,0.0,0.0,,,,,PCE,2.0,2.0,2.0,0.0,,,AMAN,
A9,AUXILARY EATON DILM150-XH122 EXCEXBG22,December 2025,-,1.0,0.0,0.0,,,,,PCE,1.0,1.0,1.0,0.0,,,AMAN,
A9,KONTAKTOR LC 1D 25B7 SNEIDER,December 2025,-,1.0,0.0,0.0,,,,,PCE,1.0,1.0,1.0,0.0,,,AMAN,
A9,KONTAKTOR LC 1D 25BD SNEIDER 24VDC,December 2025,-,2.0,0.0,0.0,,,,,PCE,2.0,2.0,2.0,0.0,,,AMAN,
A9,KONTAKTOR LC 1D 09B7 SNEIDER,December 2025,-,1.0,0.0,0.0,,,,,PCE,1.0,1.0,1.0,0.0,,,AMAN,
A9,KONTAKTOR LC 1D 09BD SNEIDER 24 VDC,December 2025,-,2.0,0.0,0.0,,,,,PCE,2.0,2.0,2.0,0.0,,,AMAN,
A9,KONTAKTOR LC 1D 12BD SNEIDER 24 VDC,December 2025,-,1.0,0.0,0.0,,,,,PCE,1.0,1.0,1.0,0.0,,,AMAN,
A9,KONTAKTOR LC 1D 50ABNE SNEIDER ,December 2025,-,2.0,0.0,0.0,,,,,PCE,2.0,2.0,2.0,0.0,,,AMAN,
A9,CIRCUIT BREAKER GV2-ME08,December 2025,-,1.0,0.0,0.0,,,,,PCE,1.0,1.0,1.0,0.0,,,AMAN,
A9,"CIRCUIT BREAKER SCHNEIDER GV2 ME04 (0,40-0,63A)",December 2025,-,2.0,0.0,0.0,,,,,PCE,2.0,2.0,2.0,0.0,,,AMAN,
A9,CIRCUIT BREAKER SCHNEIDER GV2 ME32(24-32A),December 2025,-,2.0,0.0,0.0,,,,,PCE,2.0,2.0,2.0,0.0,,,AMAN,
A9,MOTOR CIRCUIT BREAKER GV3P73 62-73 SCHNEIDER,December 2025,-,1.0,0.0,0.0,,,,,PCE,1.0,1.0,1.0,0.0,,,AMAN,
A9,KONTAKTOR SNEIDER LC 1D09M7 110V,December 2025,-,1.0,0.0,0.0,,,,,PCE,1.0,1.0,1.0,0.0,,,AMAN,
A9,KONTAKTOR SNEIDER LC 1D18F7,December 2025,-,3.0,0.0,0.0,,,,,PCE,3.0,3.0,3.0,0.0,,,AMAN,
A9,"CIRCUIT BREAKER MOELLER PKZMO 0,63",December 2025,-,2.0,0.0,0.0,,,,,PCE,2.0,2.0,2.0,0.0,,,AMAN,
A9,SSR OMRON G3PA-220-VD,December 2025,-,0.0,0.0,0.0,,,,,PCE,0.0,0.0,0.0,0.0,,,STOK HABIS / RE-ORDER,
A9,SSR -40 DA-H FOTEK SOLID STATE MODUL,December 2025,-,0.0,0.0,0.0,,,,,PCE,0.0,0.0,0.0,0.0,,,STOK HABIS / RE-ORDER,
A9,SSR SOLID STATE RELAY 40A,December 2025,-,3.0,0.0,0.0,,,,,PCE,3.0,3.0,3.0,0.0,,,AMAN,
A9,SSR SOLID STATE RELAY 10A,December 2025,-,3.0,0.0,0.0,,,,,PCE,3.0,3.0,3.0,0.0,,,AMAN,
A9,RKC Z-TIO-A CONTROL MODUL ,December 2025,-,0.0,0.0,0.0,,,,,PCE,0.0,0.0,0.0,0.0,,,STOK HABIS / RE-ORDER,
A9,CIRCUIT BREAKER GV2ME16 SCHNEIDER,December 2025,-,2.0,0.0,0.0,,,,,PCE,2.0,2.0,2.0,0.0,,,AMAN,
A9,CIRCUIT BREAKER GV2ME08 SCHNEIDER EREMA NGR FEEDER,December 2025,-,0.0,0.0,0.0,,,,,PCE,0.0,0.0,0.0,0.0,,,STOK HABIS / RE-ORDER,
A9,MODULE EMERGENCY TELEMECANIQUE,December 2025,-,1.0,0.0,0.0,,,,,PCE,1.0,1.0,1.0,0.0,,,AMAN,
A9,KONTAKTOR SCHNEIDER LC1D25 M7C NGR,December 2025,-,2.0,0.0,0.0,,,,,PCE,2.0,2.0,2.0,0.0,,,AMAN,
A9,PLC CONTROLLER (HS.CODE:8302600000),December 2025,-,0.0,218.0,0.0,,,,,PCE,0.0,0.0,0.0,0.0,,,STOK HABIS / RE-ORDER,
A9,MOTOR FOR EXPANSION VALVE C4341,December 2025,-,0.0,0.0,0.0,,,,,PCE,0.0,0.0,0.0,0.0,,,STOK HABIS / RE-ORDER,
A9,EXPANSION VALVE C4426,December 2025,-,1.0,0.0,0.0,,,,,PCE,1.0,1.0,1.0,0.0,,,AMAN,
A10,SELANG PU 10MM,December 2025,-,14.000000000000014,0.0,0.0,,,,,METER,26.700000000000014,14.000000000000014,14.000000000000014,-12.7,,,AMAN,
A10,SELANG SILICONE 13MM,December 2025,-,7.15,0.0,0.0,,,,,METER,7.15,7.15,7.15,0.0,,,AMAN,
A10,SELANG SILICONE 12MM,December 2025,-,0.0,0.0,0.0,,,,,METER,0.0,0.0,0.0,0.0,,,STOK HABIS / RE-ORDER,
A11,Selang Angin 8X12mm,December 2025,-,37.0,0.0,0.0,,,,,METER,41.6,37.0,37.0,-4.600000000000001,,,AMAN,
A11,"Selang Angin 2,5mmX4mm",December 2025,-,231.85000000000002,0.0,0.0,,,,,METER,234.35000000000002,231.85000000000002,231.85000000000002,-2.5,,,AMAN,
A11,Selang Angin 4mmX6mm,December 2025,-,177.87999999999994,0.0,0.0,,,,,METER,203.92999999999995,177.87999999999994,177.87999999999994,-26.05000000000001,,,AMAN,
A11,BAN DALAM Forklif 6.50-10,December 2025,-,2.0,0.0,0.0,,,,,PCE,2.0,2.0,2.0,0.0,,,AMAN,
A11,BAN DALAM Forklif 28x9 - 15,December 2025,-,2.0,0.0,0.0,,,,,PCE,3.0,2.0,2.0,-1.0,,,AMAN,
A11,BAN DALAM Forklif 6.00-9,December 2025,-,3.0,0.0,0.0,,,,,PCE,3.0,3.0,3.0,0.0,,,AMAN,
A11,SELANG PU 16MMX12MM(16MM),December 2025,-,9.6,0.0,0.0,,,,,METER,9.6,9.6,9.6,0.0,,,AMAN,
A12,CLAMP CONTACT ROLL SML2-5,December 2025,-,2.0,0.0,0.0,,,,,SET,2.0,2.0,2.0,0.0,,,AMAN,
A12,KABEL HEATER  2  1/2,December 2025,-,43.25,0.0,0.0,,,,,METER,43.25,43.25,43.25,0.0,,,AMAN,
A12,KABEL HEATER  1  1/2 MM 300/500V,December 2025,-,134.70000000000002,0.0,0.0,,,,,METER,134.70000000000002,134.70000000000002,134.70000000000002,0.0,,,AMAN,
A12,AIR BAG WIRE  OD15MMX4MM COLOUR WHITE,December 2025,-,0.0,7.6,0.0,,,,,METER,0.0,0.0,0.0,0.0,,,STOK HABIS / RE-ORDER,
A12,AIR BAG WIRE  OD15MMX4MM COLOUR WHITE,December 2025,-,-1.3145040611561853e-13,7.6,-9.990230864787008e-13,,,,,METER,-1.3145040611561853e-13,-1.3145040611561853e-13,-1.3145040611561853e-13,0.0,,,AMAN,
A12,15MM WIDE BLACK NITRILE LAYFLAT HOSE PART NO.DT10725/15/B,December 2025,-,0.0,0.0,0.0,,,,,METER,0.0,0.0,0.0,0.0,,,STOK HABIS / RE-ORDER,
A12,15MM WIDE BLACK NITRILE LAYFLAT HOSE PART NO.DT10725/15/B,December 2025,-,41.79,0.0,0.0,,,,,METER,41.79,41.79,41.79,0.0,,,AMAN,
A12,Selang PU angin 5X8mm,December 2025,-,109.69999999999995,0.0,0.0,,,,,METER,130.19999999999993,109.69999999999995,109.69999999999995,-20.499999999999986,,,AMAN,
A12,PELINDUNG ban dalam forklift dari pelek(6.00-9  3118)FRUT BAN,December 2025,-,2.0,0.0,0.0,,,,,PCE,2.0,2.0,2.0,0.0,,,AMAN,
A12,PELINDUNG ban dalam forklift dari pelek(6.50-10  )FRUT BAN,December 2025,-,4.0,0.0,0.0,,,,,PCE,4.0,4.0,4.0,0.0,,,AMAN,
A12,PELINDUNG BAN DALAM FORKLIFT DARI FELEK 28X9-15(FRUT BAN),December 2025,-,3.0,0.0,0.0,,,,,PCE,3.0,3.0,3.0,0.0,,,AMAN,
A12,"SELANG 1/4""",December 2025,-,0.0,0.0,0.0,,,,,METER,0.0,0.0,0.0,0.0,,,STOK HABIS / RE-ORDER,
A12,SELANG HIDROLIK C-10 SUMBER KARET FORKLIFT,December 2025,-,0.0,0.0,0.0,,,,,PCE,0.0,0.0,0.0,0.0,,,STOK HABIS / RE-ORDER,
B1 ATS,SOFT STATER ATS48C11Q REPAIR,December 2025,-,1.0,0.0,0.0,,,,,PCE,1.0,1.0,1.0,0.0,,,AMAN,
B5,"GERINDA CUTTING 41A60Q-BFXA 125X1,0X22,23",December 2025,-,2.0,0.0,0.0,,,,,PCE,2.0,2.0,2.0,0.0,,,AMAN,
B1 ATAS,PILOX GREY(ABU-ABU),December 2025,-,0.0,0.0,0.0,,,,,PCE,0.0,0.0,0.0,0.0,,,STOK HABIS / RE-ORDER,
B5,"GERINDA CUTTING 41A46N-BFXA 125X1,6X22,23",December 2025,-,12.0,0.0,0.0,,,,,PCE,12.0,12.0,12.0,0.0,,,AMAN,
B5,"GERINDA AMPELAS 27A 125X22,23",December 2025,-,0.0,0.0,0.0,,,,,PCE,0.0,0.0,0.0,0.0,,,STOK HABIS / RE-ORDER,
B1ATS,LAMPU EXIT,December 2025,-,1.0,0.0,0.0,,,,,PCE,1.0,1.0,1.0,0.0,,,AMAN,
B1ATS,AMPELAS 120 CW,December 2025,-,0.0,0.0,0.0,,,,,PCE,0.0,0.0,0.0,0.0,,,STOK HABIS / RE-ORDER,
B1ATS,AMPELAS 360 CW,December 2025,-,0.0,0.0,0.0,,,,,PCE,0.0,0.0,0.0,0.0,,,STOK HABIS / RE-ORDER,
B5,PILOX WHITE (PUTIH),December 2025,-,0.0,0.0,0.0,,,,,PCE,0.0,0.0,0.0,0.0,,,STOK HABIS / RE-ORDER,
B1,ASPIRATION GUN(ASPIRATOR GUN) ,December 2025,-,3.0,2504440.0,7513320.0,,,,62038953,PCE       ,3.0,3.0,3.0,0.0,,,AMAN,
B1,CENTRIFUGAL PUMP                                            ,December 2025,-,1.0,0.0,0.0,,,,65012001,PCE       ,1.0,1.0,1.0,0.0,,,AMAN,
B1ATAS,PRESSURE SENSOR/TRANSDUCER,December 2025,-,1.0,0.0,0.0,,,,,PCE       ,1.0,1.0,1.0,0.0,,,AMAN,
B1,SPINDEL MC BC 321008 Pressure Safety DS/BC,December 2025,-,5.0,0.0,0.0,,,,321008,PCE       ,5.0,5.0,5.0,0.0,,,AMAN,
B1,Snap Ring Untuk Screen Extruder,December 2025,-,4.0,0.0,0.0,,,,,PCE       ,4.0,4.0,4.0,0.0,,,AMAN,
B1,Snap Ring Kecil  metorbuver grinder sml2-5,December 2025,-,3.0,0.0,0.0,,,,,PCE       ,3.0,3.0,3.0,0.0,,,AMAN,
B1,BALL VALVE 1 inch (valve air),December 2025,-,0.0,0.0,0.0,,,,,PCE       ,0.0,0.0,0.0,0.0,,,STOK HABIS / RE-ORDER,
B1,MUTITOYO MAGNETIC STAND,December 2025,-,1.0,0.0,0.0,,,,,PCE,1.0,1.0,1.0,0.0,,,AMAN,
B1,3M Schotch code tape dispenser STD0-9 tools(Kabel meker),December 2025,-,0.0,0.0,0.0,,,,,PCE       ,0.0,0.0,0.0,0.0,,,STOK HABIS / RE-ORDER,
B1,MECHANICAL SEAL POMPA  CHILLER,December 2025,-,0.0,0.0,0.0,,,,,PCE       ,0.0,0.0,0.0,0.0,,,STOK HABIS / RE-ORDER,
B1,STIEFELMAYER PRAZISION nr 17180 tools,December 2025,-,1.0,0.0,0.0,,,,,PCE       ,1.0,1.0,1.0,0.0,,,AMAN,
B1,STIEFELMAYER PRAZISION  nr 14108 tools,December 2025,-,1.0,0.0,0.0,,,,,PCE       ,1.0,1.0,1.0,0.0,,,AMAN,
B1,STIEFELMAYER PRAZISION  nr 10542 tools,December 2025,-,1.0,0.0,0.0,,,,,PCE       ,1.0,1.0,1.0,0.0,,,AMAN,
B1,Hoffmann group tools to better art 469200 100/2 rahmen wasserwaage square frame level,December 2025,-,1.0,0.0,0.0,,,,,PCE       ,1.0,1.0,1.0,0.0,,,AMAN,
B1,KUNCI MOMENT,December 2025,-,0.0,0.0,0.0,,,,,PCE,0.0,0.0,0.0,0.0,,,STOK HABIS / RE-ORDER,
B1,BREKET HEATER MC ARVOR,December 2025,-,0.0,0.0,0.0,,,,,PCE,0.0,0.0,0.0,0.0,,,STOK HABIS / RE-ORDER,
B1,SNAP RING S6,December 2025,-,0.0,0.0,0.0,,,,,PCE,0.0,0.0,0.0,0.0,,,STOK HABIS / RE-ORDER,
B1,SNAP RING S8 ,December 2025,-,6.0,0.0,0.0,,,,,PCE,6.0,6.0,6.0,0.0,,,AMAN,
B1,SNAP RING M47,December 2025,-,0.0,0.0,0.0,,,,,PCE,0.0,0.0,0.0,0.0,,,STOK HABIS / RE-ORDER,
B1,SNAP RING DALAM S25,December 2025,-,5.0,0.0,0.0,,,,,PCE,5.0,5.0,5.0,0.0,,,AMAN,
B1,SNAP RING DALAM H-24,December 2025,-,9.0,0.0,0.0,,,,,PCE,9.0,9.0,9.0,0.0,,,AMAN,
B1,CARBON BRUSH CB-64 A,December 2025,-,4.0,0.0,0.0,,,,,PCS,4.0,4.0,4.0,0.0,,,AMAN,
B1,CARBON BRUSH  CB 100,December 2025,-,4.0,0.0,0.0,,,,,PCS,6.0,4.0,4.0,-2.0,,,AMAN,
B1,SNAP RING S10,December 2025,-,5.0,0.0,0.0,,,,,PCS,7.0,5.0,5.0,-2.0,,,AMAN,
B1,SNAP RING LUAR D=35MM SPINDLE DS,December 2025,-,5.0,0.0,0.0,,,,,PCS,6.0,5.0,5.0,-1.0,,,AMAN,
B1,SNAP RING LUAR S12,December 2025,-,27.0,0.0,0.0,,,,,PCE,27.0,27.0,27.0,0.0,,,AMAN,
B1,SNAP RING DALAM H35,December 2025,-,14.0,0.0,0.0,,,,,PCE,14.0,14.0,14.0,0.0,,,AMAN,
B1,SNAP RING S60,December 2025,-,13.0,0.0,0.0,,,,,PCE,13.0,13.0,13.0,0.0,,,AMAN,
B1,SNAPRING E8,December 2025,-,8.0,0.0,0.0,,,,,PCE,8.0,8.0,8.0,0.0,,,AMAN,
B1,"RING PLAT D=10,5MMXD=OUT 22MM TEBAL 1,5MM",December 2025,-,0.0,0.0,0.0,,,,,PCS,0.0,0.0,0.0,0.0,,,STOK HABIS / RE-ORDER,
B1,MEKANIKSEAL POMPA TM 505,December 2025,-,0.0,0.0,0.0,,,,,PCS,0.0,0.0,0.0,0.0,,,STOK HABIS / RE-ORDER,
B1,MEKANIK SEAL JET PUMP 31MM,December 2025,-,0.0,0.0,0.0,,,,,SET,0.0,0.0,0.0,0.0,,,STOK HABIS / RE-ORDER,
B1,KUNCI L 4MM MC CORE,December 2025,-,0.0,0.0,0.0,,,,,PCE,0.0,0.0,0.0,0.0,,,STOK HABIS / RE-ORDER,
B1,KUNCI L 3 MM MC CORE,December 2025,-,0.0,0.0,0.0,,,,,PCE,0.0,0.0,0.0,0.0,,,STOK HABIS / RE-ORDER,
B1,SEAL MEKANIK CHILL ROLL SML1 ,December 2025,-,0.0,0.0,0.0,,,,,PCE,0.0,0.0,0.0,0.0,,,STOK HABIS / RE-ORDER,
B1,SNAP RING S46,December 2025,-,24.0,0.0,0.0,,,,,PCS,24.0,24.0,24.0,0.0,,,AMAN,
B1,"MECHANICAL SEAL PUMP DEA 35X42MM/1,7""X1,4""",December 2025,-,0.0,0.0,0.0,,,,,PCE,0.0,0.0,0.0,0.0,,,STOK HABIS / RE-ORDER,
B1,MEKANIK SEAL JP D-505,December 2025,-,0.0,0.0,0.0,,,,,PCE,0.0,0.0,0.0,0.0,,,STOK HABIS / RE-ORDER,
B1,MEKANIK SEAL JP 503/502,December 2025,-,2.0,0.0,0.0,,,,,PCE,2.0,2.0,2.0,0.0,,,AMAN,
B1,MEKANIK SEAL GP-125,December 2025,-,1.0,0.0,0.0,,,,,SET,1.0,1.0,1.0,0.0,,,AMAN,
B1,IMPELER GSPS126,December 2025,-,0.0,0.0,0.0,,,,,PCE,0.0,0.0,0.0,0.0,,,STOK HABIS / RE-ORDER,
B1,CARBON BRUSH CB-203A,December 2025,-,4.0,0.0,0.0,,,,,PCE,4.0,4.0,4.0,0.0,,,AMAN,
B1,CARBON BRUSH 18X8MM,December 2025,-,0.0,0.0,0.0,,,,,PCE,0.0,0.0,0.0,0.0,,,STOK HABIS / RE-ORDER,
B1,CARBON BRUSH 20X34 MM,December 2025,-,4.0,0.0,0.0,,,,,PCE,4.0,4.0,4.0,0.0,,,AMAN,
B1,"CARBON BRUSH 11MMX6,5MMX31MM MC VACUM",December 2025,-,0.0,0.0,0.0,,,,,PCE,0.0,0.0,0.0,0.0,,,STOK HABIS / RE-ORDER,
B1,SNAP RING S35,December 2025,-,0.0,0.0,0.0,,,,,PCE,0.0,0.0,0.0,0.0,,,STOK HABIS / RE-ORDER,
B1,SNAP RING S38,December 2025,-,20.0,0.0,0.0,,,,,PCE,20.0,20.0,20.0,0.0,,,AMAN,
B1,SNAPRING S24,December 2025,-,0.0,0.0,0.0,,,,,PCE,0.0,0.0,0.0,0.0,,,STOK HABIS / RE-ORDER,
B1,SNAP RING S70,December 2025,-,4.0,0.0,0.0,,,,,PCE,4.0,4.0,4.0,0.0,,,AMAN,
B1,SNAP RING DALAM S62,December 2025,-,8.0,0.0,0.0,,,,,PCE,8.0,8.0,8.0,0.0,,,AMAN,
B1,SNAP RING LUAR S30,December 2025,-,8.0,0.0,0.0,,,,,PCE,8.0,8.0,8.0,0.0,,,AMAN,
B1,SNAP RING H-90,December 2025,-,4.0,0.0,0.0,,,,,PCE,4.0,4.0,4.0,0.0,,,AMAN,
B1,SNAP RING H-110,December 2025,-,2.0,0.0,0.0,,,,,PCE,2.0,2.0,2.0,0.0,,,AMAN,
B1,SNAP RING H-145,December 2025,-,2.0,0.0,0.0,,,,,PCE,2.0,2.0,2.0,0.0,,,AMAN,
B1,CARBON BRUS MESIN BOR DONG CENG,December 2025,-,2.0,0.0,0.0,,,,,PCE,2.0,2.0,2.0,0.0,,,AMAN,
B1,SNAP RING DL=23MM STAINLESS STELL,December 2025,-,2.0,0.0,0.0,,,,,PCE,2.0,2.0,2.0,0.0,,,AMAN,
B1,SNAP RING D=83MM UNTUK BC,December 2025,-,0.0,0.0,0.0,,,,,PCE,0.0,0.0,0.0,0.0,,,STOK HABIS / RE-ORDER,
B1,BAUT + MUR NYLON,December 2025,-,0.0,0.0,0.0,,,,,PCE,0.0,0.0,0.0,0.0,,,STOK HABIS / RE-ORDER,
B1,MEKANIK SEAL POMPA CHILLER EURO SML1(SEAL POMPA SIRKULASI CHILLER KE CHILL ROLL SML 1-5),December 2025,-,2.0,0.0,0.0,,,,,PCE,2.0,2.0,2.0,0.0,,,AMAN,
B1,MEKANIK SEAL POMPA CHILLER  GEARBOX EXTRUDER BC,December 2025,-,2.0,0.0,0.0,,,,,PCE,2.0,2.0,2.0,0.0,,,AMAN,
B5,AUTOMATIS PUMP DEA,December 2025,-,0.0,0.0,0.0,,,,,PCE,0.0,0.0,0.0,0.0,,,STOK HABIS / RE-ORDER,
B1,MECHANICAL PUMP CHILLER NGR,December 2025,-,4.0,0.0,0.0,,,,,PCE,4.0,4.0,4.0,0.0,,,AMAN,
B1,CARBON BRUSH CB-325,December 2025,-,0.0,0.0,0.0,,,,,PCE,0.0,0.0,0.0,0.0,,,STOK HABIS / RE-ORDER,
B1,CARBON BRUSH MOTOR OSCILATING FRAM 4X5X20,December 2025,-,0.0,0.0,0.0,,,,,PCE,0.0,0.0,0.0,0.0,,,STOK HABIS / RE-ORDER,
B1,CARBON BRUSH MOTOR OSCILATING FRAM 4X5X10,December 2025,-,25.0,0.0,0.0,,,,,PCE,29.0,25.0,25.0,-4.0,,,AMAN,
B1,"CARBON BRUSH MOTOR VACUM CLEANER 11,5X6,5X32MM",December 2025,-,6.0,0.0,0.0,,,,,PCE,6.0,6.0,6.0,0.0,,,AMAN,
B1,MEKANIK SEAL POMPA SIRKULASI CHILLER KE TANGKI SML 2-5,December 2025,-,3.0,0.0,0.0,,,,,SET,3.0,3.0,3.0,0.0,,,AMAN,
B1,MEKANIK SEAL D=14MM CHILLER SML 2-5,December 2025,-,2.0,0.0,0.0,,,,,SET,2.0,2.0,2.0,0.0,,,AMAN,
B1,CARBON BRUSH MC WRAPING LATEK,December 2025,-,6.0,0.0,0.0,,,,,PCE,6.0,6.0,6.0,0.0,,,AMAN,
B1,"MEKANIK SEAL POMPA CHILL ROLL SML 2-5 DLM=28MMXDLU=42,6MM",December 2025,-,1.0,0.0,0.0,,,,,SET,1.0,1.0,1.0,0.0,,,AMAN,
B1,MEKANIK SEAL SEAL POMPA LOWARA ,December 2025,-,1.0,0.0,0.0,,,,,SET,1.0,1.0,1.0,0.0,,,AMAN,
B1,MEKANIK SEAL POMPA EBARA,December 2025,-,1.0,0.0,0.0,,,,,SET,1.0,1.0,1.0,0.0,,,AMAN,
B1,"MEKANIK SEAL D=AS 24,4MM MC DS",December 2025,-,1.0,0.0,0.0,,,,,SET,1.0,1.0,1.0,0.0,,,AMAN,
B1,RING MATAHARI,December 2025,-,10.0,0.0,0.0,,,,,PCE,10.0,10.0,10.0,0.0,,,AMAN,
B1,MEKANIK SEAL MOTOR COOLING PUMP EXTRUDER,December 2025,-,1.0,0.0,0.0,,,,,SET,1.0,1.0,1.0,0.0,,,AMAN,
B1,ORING 40-34-3 MOTOR COOLING PUMP EXTRUDER,December 2025,-,1.0,0.0,0.0,,,,,PCE,1.0,1.0,1.0,0.0,,,AMAN,
B1,ORING  128-119-4 MOTOR COOLING PUMP EXTRUDER,December 2025,-,1.0,0.0,0.0,,,,,PCE,1.0,1.0,1.0,0.0,,,AMAN,
B1,MEKANIK SEAL POMPA SHIMIZU PC-503 BIT 14MM,December 2025,-,1.0,0.0,0.0,,,,,PCE,1.0,1.0,1.0,0.0,,,AMAN,
B1,MEKANIK SEAL POMPA SHIMIZU PC-503 BIT 17MM,December 2025,-,0.0,0.0,0.0,,,,,PCE,0.0,0.0,0.0,0.0,,,STOK HABIS / RE-ORDER,
B1,MEKANIK SEAL 12MM,December 2025,-,0.0,0.0,0.0,,,,,PCE,0.0,0.0,0.0,0.0,,,STOK HABIS / RE-ORDER,
B1,MEKANIK SEAL D=22 MM POMPA CHILLER NGR,December 2025,-,3.0,0.0,0.0,,,,,PCE,3.0,3.0,3.0,0.0,,,AMAN,
B1,MEKANIK SEAL POMPA NGR DLM:20MMXDLU:30MM CHILLER(20X30MM),December 2025,-,4.0,0.0,0.0,,,,,PCE,1.0,4.0,4.0,3.0,,,AMAN,
B1,MEKANIK SEAL POMPA CHILLER NGR D=25X35,December 2025,-,2.0,0.0,0.0,,,,,PCE,3.0,2.0,2.0,-1.0,,,AMAN,
B1,MEKANIK SEAL POMPA SIRKULASI CHILLER DS 32X45,December 2025,-,1.0,0.0,0.0,,,,,PCE,1.0,1.0,1.0,0.0,,,AMAN,
B1,MEKANIK SEAL METERAN AIR,December 2025,-,0.0,0.0,0.0,,,,,SET,1.0,0.0,0.0,-1.0,,,STOK HABIS / RE-ORDER,
B1,COVER IMPELER POMPA METERAN AIR,December 2025,-,0.0,0.0,0.0,,,,,PCE,1.0,0.0,0.0,-1.0,,,STOK HABIS / RE-ORDER,
B1,BAUT P25X1/8,December 2025,-,0.0,0.0,0.0,,,,,PCE,0.0,0.0,0.0,0.0,,,STOK HABIS / RE-ORDER,
B1,CARBON BRUSH VACUM,December 2025,-,2.0,0.0,0.0,,,,,PCE,2.0,2.0,2.0,0.0,,,AMAN,
B1,SNAP RING S14 ABSORBER,December 2025,-,3.0,0.0,0.0,,,,,PCE,3.0,3.0,3.0,0.0,,,AMAN,
B1,CARBON BRUSH 6X16X22MM DS/ BC,December 2025,-,10.0,0.0,0.0,,,,,PCE,10.0,10.0,10.0,0.0,,,AMAN,
B1,SNAP RING S16 (ABSORBER),December 2025,-,16.0,0.0,0.0,,,,,PCE,16.0,16.0,16.0,0.0,,,AMAN,
B1,SNAP RING S17,December 2025,-,16.0,0.0,0.0,,,,,PCE,16.0,16.0,16.0,0.0,,,AMAN,
B1,CARBON BRUSH CB 459,December 2025,-,6.0,0.0,0.0,,,,,PCE,6.0,6.0,6.0,0.0,,,AMAN,
B1,SNAP RING S18,December 2025,-,17.0,0.0,0.0,,,,,PCE,11.0,17.0,17.0,6.0,,,AMAN,
B1,SNAP RING S43,December 2025,-,13.0,0.0,0.0,,,,,PCE,5.0,13.0,13.0,8.0,,,AMAN,
B1,SNAP RING S55,December 2025,-,10.0,0.0,0.0,,,,,PCE,10.0,10.0,10.0,0.0,,,AMAN,
D1,"ROTARY UNION 3/4""  BC",December 2025,-,0.0,0.0,0.0,,,,,PCE,0.0,0.0,0.0,0.0,,,STOK HABIS / RE-ORDER,
D1,"ROTARY UNION 3/4""  NGR",December 2025,-,0.0,0.0,0.0,,,,,PCE,1.0,0.0,0.0,-1.0,,,STOK HABIS / RE-ORDER,
B1,Seal Tape KRANZ,December 2025,-,22.0,0.0,0.0,,,,,PCE,28.0,22.0,22.0,-6.0,,,AMAN,
B1,ArmaFlex/Aerotape,December 2025,-,4.0,0.0,0.0,,,,,ROLL,4.0,4.0,4.0,0.0,,,AMAN,
B2,THICKNESS GAUGE,December 2025,-,0.0,430100.0,0.0,,,,68212020,PCE,0.0,0.0,0.0,0.0,,,STOK HABIS / RE-ORDER,
B2,FEELER GAUGE,December 2025,-,7.0,0.0,0.0,,,,,PCE,13.0,7.0,7.0,-6.0,,,AMAN,
B2,MULTI TESTER YX-360TRD EWIG,December 2025,-,1.0,0.0,0.0,,,,,PCE,1.0,1.0,1.0,0.0,,,AMAN,
B2,INSULATION-CONTINEUITY TESTER KYORITSU,December 2025,-,1.0,0.0,0.0,,,,,NIU,1.0,1.0,1.0,0.0,,,AMAN,
B2,DIGITAL INSTRUMEN VB-8202 VIBRATION METER,December 2025,-,1.0,0.0,0.0,,,,,NIU,1.0,1.0,1.0,0.0,,,AMAN,
B2,THERMOMETER SANFIX,December 2025,-,0.0,0.0,0.0,,,,,PCE,0.0,0.0,0.0,0.0,,,STOK HABIS / RE-ORDER,
B2,TEMPERATURE GUN,December 2025,-,0.0,0.0,0.0,,,,,PCE,0.0,0.0,0.0,0.0,,,STOK HABIS / RE-ORDER,
B2,COMMUNICATION FEEDBACK IO MODULE PARKER 0903-FA-00 MC DS REPAIR,December 2025,-,0.0,0.0,0.0,,,,,PCE,0.0,0.0,0.0,0.0,,,STOK HABIS / RE-ORDER,
B2,RIBBON CARTRIDGE PRESTRETCH MACHINE KNIFE,December 2025,-,0.0,0.0,0.0,,,,,PCE       ,0.0,0.0,0.0,0.0,,,STOK HABIS / RE-ORDER,
B2,FILTER VASCO EK-165  untuk panel Ext C DS/ (UntukPendingin) ,December 2025,-,2.0,0.0,0.0,,,,,PCE       ,2.0,2.0,2.0,0.0,,,AMAN,
B2,AVROR BLADE MARTOR 89 MC ARVOR,December 2025,-,138.0,0.0,0.0,,,,,PCE       ,140.0,138.0,138.0,-2.0,,,AMAN,
B2,KONRAD MICRO DRILL 11895 pentil angin diameter 20x330mmxKFM 309,December 2025,-,1.0,0.0,0.0,,,,,PCE       ,1.0,1.0,1.0,0.0,,,AMAN,
B2,STATIONARY KNIFE HSS 4mm TILTED CC 10135746,December 2025,-,9.0,91290.0,821610.0,,,,10135746,PCE       ,9.0,9.0,9.0,0.0,,,AMAN,
B2,ROTARY KNIFE HM 5mm 1012206D,December 2025,-,9.0,0.0,0.0,,,,1012206D,PCE       ,9.0,9.0,9.0,0.0,,,AMAN,
B2,CUTTER COMPACTOR EREMA HSS 4MM,December 2025,-,6.0,0.0,0.0,,,,,PCE       ,6.0,6.0,6.0,0.0,,,AMAN,
B2,"FLOW CONTROL F61KB=11C (HFS-25 WATER FLOW CONTROL 1"")",December 2025,-,3.0,0.0,0.0,,,,,PCE       ,3.0,3.0,3.0,0.0,,,AMAN,
B2,Spare Blade NT CUTTER BL-150P (Cutter Putih),December 2025,-,8.0,0.0,0.0,,,,,PACK,10.0,8.0,8.0,-2.0,,,AMAN,
B2,SPARE BLADE LBB50K /51K(cutter hitam),December 2025,-,7.0,0.0,0.0,,,,,TUBS,9.0,7.0,7.0,-2.0,,,AMAN,
B2,ISI CUTTER HITAM LBB-10B,December 2025,-,0.0,0.0,0.0,,,,,TUBS,0.0,0.0,0.0,0.0,,,STOK HABIS / RE-ORDER,
B2,SOCKET AEDC12MR200000,December 2025,-,8.0,0.0,0.0,,,,,PCE,8.0,8.0,8.0,0.0,,,AMAN,
B2,SOCKET ASTA021FRD10-1,December 2025,-,7.0,0.0,0.0,,,,,PCE,7.0,7.0,7.0,0.0,,,AMAN,
B2,TEMPERATURE CONTROLLER FOR AIR CONDITIONER,December 2025,-,0.0,0.0,0.0,,,,,PCE,0.0,0.0,0.0,0.0,,,STOK HABIS / RE-ORDER,
B2,MARTOR CUTTER N0.869.60(cutter trim sml),December 2025,-,1.0,0.0,0.0,,,,,PACK,1.0,1.0,1.0,0.0,,,AMAN,
B2,"EREMA KNIFE 44*20*0,9 mm SK5 DAN NGR",December 2025,-,0.0,2.5,0.0,,,,,PCE       ,0.0,0.0,0.0,0.0,,,STOK HABIS / RE-ORDER,
B2,spare blade martor solingen (cutter putih),December 2025,-,1.0,0.0,0.0,,,,,PCS,1.0,1.0,1.0,0.0,,,AMAN,
B2,KAKI TIMBANGAN HJ-8-201-0.1/2t tools,December 2025,-,4.0,0.0,0.0,,,,,PCE       ,4.0,4.0,4.0,0.0,,,AMAN,
B2,STIFTSCHLUSSEL SW12 DIN911 ALLEN WRENCH ,December 2025,-,0.0,0.0,0.0,,,,68202115,PCE,0.0,0.0,0.0,0.0,,,STOK HABIS / RE-ORDER,
B2,THERMAL EXPANSION VALVE 20 USTR R22,December 2025,-,0.0,0.0,0.0,,,,,PCE,0.0,0.0,0.0,0.0,,,STOK HABIS / RE-ORDER,
B2,MIKA GLASS PENDUGA,December 2025,-,0.0,0.0,0.0,,,,,PCE,0.0,0.0,0.0,0.0,,,STOK HABIS / RE-ORDER,
B2,"PELLETISING KNIFE 24/0,9 1X17* TRIMETAL",December 2025,-,0.0,63920.0,0.0,,,,,PCE,0.0,0.0,0.0,0.0,,,STOK HABIS / RE-ORDER,
B2,PISAU NC.50  SK5 (NGR),December 2025,-,50.0,0.0,0.0,,,,,PCE,50.0,50.0,50.0,0.0,,,AMAN,
B2,"PISAU NGR MACHINE BLOCK 44*20*0,9MM",December 2025,-,0.0,0.0,0.0,,,,,PCE,0.0,0.0,0.0,0.0,,,STOK HABIS / RE-ORDER,
B2,JOY STICK EUCHNER 8 RICHTUNGEN,December 2025,-,3.0,0.0,0.0,,,,,PCE,3.0,3.0,3.0,0.0,,,AMAN,
B2,PRESS SWITCH 1-10BAR NBR42V,December 2025,-,3.0,0.0,0.0,,,,,PCE,3.0,3.0,3.0,0.0,,,AMAN,
B2,PROTECTIVE CAP IP54,December 2025,-,3.0,0.0,0.0,,,,,PCE,3.0,3.0,3.0,0.0,,,AMAN,
B2,PLC MODUL NL6448BC20-18D MC BC,December 2025,-,0.0,0.0,0.0,,,,,PCE,0.0,0.0,0.0,0.0,,,STOK HABIS / RE-ORDER,
B2,TENSION DFET118C MC DS/BC,December 2025,-,1.0,0.0,0.0,,,,,PCE,1.0,1.0,1.0,0.0,,,AMAN,
B12,16512-23460-71 SELANG RADIATOR ATAS,December 2025,-,1.0,0.0,0.0,,,,,PCE,1.0,1.0,1.0,0.0,,,AMAN,
B12,16511-23360-71 SELANG RADIATOR BAWAH,December 2025,-,0.0,0.0,0.0,,,,,PCE,0.0,0.0,0.0,0.0,,,STOK HABIS / RE-ORDER,
B2 ATS,"REDUSER 3""X 2,5"" PVC",December 2025,-,0.0,0.0,0.0,,,,,PCE,0.0,0.0,0.0,0.0,,,STOK HABIS / RE-ORDER,
B2,MATA BOR BETON  DIAMETER 8 mmX 160mm,December 2025,-,0.0,0.0,0.0,,,,,PCE,0.0,0.0,0.0,0.0,,,STOK HABIS / RE-ORDER,
B5,LEM ARALDITE ,December 2025,-,1.0,0.0,0.0,,,,,PCE,1.0,1.0,1.0,0.0,,,AMAN,
B2,MATA PISAU POUND D=5MM BENZ,December 2025,-,12.0,0.0,0.0,,,,,PCE,12.0,12.0,12.0,0.0,,,AMAN,
B2,MATA BOR BESI NANCHI 5MM,December 2025,-,0.0,0.0,0.0,,,,,PCE,1.0,0.0,0.0,-1.0,,,STOK HABIS / RE-ORDER,
B2,MATA BOR KAYU,December 2025,-,3.0,0.0,0.0,,,,,PCE,3.0,3.0,3.0,0.0,,,AMAN,
B2,TOGLE CLAMP ,December 2025,-,2.0,0.0,0.0,,,,,PCE,2.0,2.0,2.0,0.0,,,AMAN,
B2,NOZLE TIP KOIKE NO.3 BLANDER,December 2025,-,0.0,0.0,0.0,,,,,PCE,0.0,0.0,0.0,0.0,,,STOK HABIS / RE-ORDER,
B3,SEAL 28-38-8 HANDPALET,December 2025,-,4.0,0.0,0.0,,,,,PCE,4.0,4.0,4.0,0.0,,,AMAN,
B3,SEAL SC 17-47-7 ARVOR,December 2025,-,2.0,0.0,0.0,,,,,PCE,2.0,2.0,2.0,0.0,,,AMAN,
B3,SEAL  RCA 47-7-8 ARVOR,December 2025,-,1.0,0.0,0.0,,,,,PCE,1.0,1.0,1.0,0.0,,,AMAN,
B3,SEAL SC 155-190-15 MC DS,December 2025,-,2.0,0.0,0.0,,,,,PCE,2.0,2.0,2.0,0.0,,,AMAN,
B3,CUP SEAL RC 52-7 SML,December 2025,-,2.0,0.0,0.0,,,,,PCE,2.0,2.0,2.0,0.0,,,AMAN,
B3,CUP SEAL 47-7 SML,December 2025,-,4.0,0.0,0.0,,,,,PCE,4.0,4.0,4.0,0.0,,,AMAN,
B3ATS,CHARGING BAR AUFLADEELEKTRODE R121/W/1560                   ,December 2025,-,0.0,32844000.0,0.0,,,,,PCE       ,0.0,0.0,0.0,0.0,,,STOK HABIS / RE-ORDER,
B3ATS,"LAMPU ALRM  4""12VDC/KUNING",December 2025,-,0.0,0.0,0.0,,,,,PCE,0.0,0.0,0.0,0.0,,,STOK HABIS / RE-ORDER,
B3 ATAS,"INVERETER LS G100 TYPE: LS LV0040G100-4EONN AC380V-480V,5.0 HP",December 2025,-,0.0,0.0,0.0,,,,,NIU,0.0,0.0,0.0,0.0,,,STOK HABIS / RE-ORDER,
B3,Seal Vacum DS/BC,December 2025,-,4.0,0.0,0.0,,,,,PCE       ,4.0,4.0,4.0,0.0,,,AMAN,
B3,Seal Silinder Layon Mesin DS/BC,December 2025,-,13.0,0.0,0.0,,,,,PCE       ,13.0,13.0,13.0,0.0,,,AMAN,
B3,Seal Pompa Vacum Resin Mesin DS/BC,December 2025,-,2.0,0.0,0.0,,,,,PCE       ,2.0,2.0,2.0,0.0,,,AMAN,
B3,KARET SEAL DOSING RESIN SML,December 2025,-,14.0,0.0,0.0,,,,,PCE,14.0,14.0,14.0,0.0,,,AMAN,
B3,Karet seal NGR,December 2025,-,2.0,0.0,0.0,,,,,PCE,2.0,2.0,2.0,0.0,,,AMAN,
B3,karet Kopling ROTEX (48),December 2025,-,7.0,0.0,0.0,,,,,PCE       ,7.0,7.0,7.0,0.0,,,AMAN,
B3,RUBBER KOPLING L-110 untuk Mc blown,December 2025,-,2.0,0.0,0.0,,,,,PCE       ,2.0,2.0,2.0,0.0,,,AMAN,
B3,Karet Kopling ROTEX uk 42,December 2025,-,6.0,0.0,0.0,,,,,PCE       ,6.0,6.0,6.0,0.0,,,AMAN,
B3,KARET KOPLING ROTEX 90 UNTUK MOTOR EXTRUDER ,December 2025,-,3.0,0.0,0.0,,,,,PCE       ,1.0,3.0,3.0,2.0,,,AMAN,
B3,KARET KOPLING ROTEX 75,December 2025,-,3.0,0.0,0.0,,,,,PCE       ,3.0,3.0,3.0,0.0,,,AMAN,
B3,SEAL A  PECKING VITON HYDROLIX FORKLIF,December 2025,-,4.0,0.0,0.0,,,,,PCE       ,4.0,4.0,4.0,0.0,,,AMAN,
B3,SEAL B  PECKING VITON HYDROLIX FORKLIF,December 2025,-,4.0,0.0,0.0,,,,,PCE       ,4.0,4.0,4.0,0.0,,,AMAN,
B3,SEAL VITON 55-45-6 EXT B MC DS,December 2025,-,4.0,0.0,0.0,,,,,PCE       ,4.0,4.0,4.0,0.0,,,AMAN,
B3,SEAL VITON 55-43-6 EXT B MC DS,December 2025,-,4.0,0.0,0.0,,,,,PCE       ,4.0,4.0,4.0,0.0,,,AMAN,
B3,"SEAL ORING VITON 3,5X50 EXT B MC DS",December 2025,-,4.0,0.0,0.0,,,,,PCE       ,4.0,4.0,4.0,0.0,,,AMAN,
B3,SEAL ORING VITON AS-240 VC-10 EXT B MC DS,December 2025,-,8.0,0.0,0.0,,,,,PCE       ,8.0,8.0,8.0,0.0,,,AMAN,
B3,"SEAL ORING VITON 3,5X41 EXT A & D MC DS",December 2025,-,4.0,0.0,0.0,,,,,PCE       ,4.0,4.0,4.0,0.0,,,AMAN,
B3,"SEAL ORING VITON 80-73-3,5 EXT A & D MC DS",December 2025,-,14.0,0.0,0.0,,,,,PCE       ,14.0,14.0,14.0,0.0,,,AMAN,
B3,SEAL VITON 45-35-6 EXT A & D MC DS,December 2025,-,7.0,0.0,0.0,,,,,PCE       ,7.0,7.0,7.0,0.0,,,AMAN,
B3,SEAL 44-30-5 EXT A DAN D MC DS,December 2025,-,7.0,0.0,0.0,,,,,PCE,7.0,7.0,7.0,0.0,,,AMAN,
B3,"SEAL ORING VITON 3,5X60 EXT C  MC DS",December 2025,-,12.0,0.0,0.0,,,,,PCE       ,7.0,12.0,12.0,5.0,,,AMAN,
B3,"SEAL ORING VITON DLM 122,5MM X DLU 127MM EXT C  MC DS",December 2025,-,4.0,0.0,0.0,,,,,PCE       ,4.0,4.0,4.0,0.0,,,AMAN,
B3,SEAL VITON 60-50-6 EXT C  MC DS,December 2025,-,3.0,0.0,0.0,,,,,PCE       ,3.0,3.0,3.0,0.0,,,AMAN,
B3,SEAL VITON 60-47-6 EXT C  MC DS,December 2025,-,7.0,0.0,0.0,,,,,PCE       ,16.0,7.0,7.0,-9.0,,,AMAN,
B3,"ORING 3,5X38MM AIR SHAFT DS",December 2025,-,22.0,0.0,0.0,,,,,PCS,10.0,22.0,22.0,12.0,,,AMAN,
B3,ORING 3X38MM AIR SHAFT DS,December 2025,-,1.0,0.0,0.0,,,,,PCS,1.0,1.0,1.0,0.0,,,AMAN,
B3,"ORING 3,5X45MM AIR SHAFT DS",December 2025,-,17.0,0.0,0.0,,,,,PCS,17.0,17.0,17.0,0.0,,,AMAN,
B3,SEAL DM NBR KIAKU SILINDER SML 26-20-5,December 2025,-,0.0,0.0,0.0,,,,,PCE       ,0.0,0.0,0.0,0.0,,,STOK HABIS / RE-ORDER,
B3,SEALPOMPA FORKLIF AEE272-AO TC 19 328,December 2025,-,1.0,0.0,0.0,,,,,PCE       ,1.0,1.0,1.0,0.0,,,AMAN,
B3,SEAL C311 POMPA,December 2025,-,1.0,0.0,0.0,,,,,PCE,1.0,1.0,1.0,0.0,,,AMAN,
B3,RING SEAL FORKLLFT 43755-23440-71,December 2025,-,0.0,0.0,0.0,,,,,PCE,0.0,0.0,0.0,0.0,,,STOK HABIS / RE-ORDER,
B3ATS,RELL NCB,December 2025,-,0.8,0.0,0.0,,,,,METER,0.8,0.8,0.8,0.0,,,AMAN,
B3,31231-26602-71(BEARING ) untuk forklift,December 2025,-,0.0,0.0,0.0,,,,,PCE,0.0,0.0,0.0,0.0,,,STOK HABIS / RE-ORDER,
B3,31230-26602-71(HAP COPLING ) untuk forklift,December 2025,-,0.0,0.0,0.0,,,,,PCE,0.0,0.0,0.0,0.0,,,STOK HABIS / RE-ORDER,
B3,RUBBER KOPLING UK 55 ROTEX,December 2025,-,0.0,0.0,0.0,,,,,PCE,0.0,0.0,0.0,0.0,,,STOK HABIS / RE-ORDER,
B3,OIL SEAL 80-100-10(8),December 2025,-,3.0,0.0,0.0,,,,,PCE,3.0,3.0,3.0,0.0,,,AMAN,
B3,SEAL EREMA SML,December 2025,-,6.0,0.0,0.0,,,,,PCS,6.0,6.0,6.0,0.0,,,AMAN,
B3,SEAL SML 1 D=22MM,December 2025,-,8.0,0.0,0.0,,,,,PCS,8.0,8.0,8.0,0.0,,,AMAN,
B3,"SEAL SML 1 D=28,5MM",December 2025,-,5.0,0.0,0.0,,,,,PCS,5.0,5.0,5.0,0.0,,,AMAN,
B3,SEAL SEMPROTAN DISPEKTAN,December 2025,-,5.0,0.0,0.0,,,,,PCS,5.0,5.0,5.0,0.0,,,AMAN,
B3,SEAL NOK 25-47-7 SEAL MIXER SML1,December 2025,-,6.0,0.0,0.0,,,,,PCS,6.0,6.0,6.0,0.0,,,AMAN,
B3,"SEAL SELENOID  10,5X15,5",December 2025,-,7.0,0.0,0.0,,,,,PCS,7.0,7.0,7.0,0.0,,,AMAN,
B3,SEAL SELENOID 9X16,December 2025,-,14.0,0.0,0.0,,,,,PCS,14.0,14.0,14.0,0.0,,,AMAN,
B3,SEAL TC 30-45-8,December 2025,-,5.0,0.0,0.0,,,,,PCS,5.0,5.0,5.0,0.0,,,AMAN,
B3,SPRAY GUN TABUNG R3G,December 2025,-,0.0,0.0,0.0,,,,,SET,0.0,0.0,0.0,0.0,,,STOK HABIS / RE-ORDER,
B3,RUBBER KOPLING UK 38 ROTEX,December 2025,-,2.0,0.0,0.0,,,,,PCE,2.0,2.0,2.0,0.0,,,AMAN,
B3,SEAL AUGER SML,December 2025,-,4.0,0.0,0.0,,,,,PCE,5.0,4.0,4.0,-1.0,,,AMAN,
B3,OLI SEAL  50-65-8 SML AUGER,December 2025,-,9.0,0.0,0.0,,,,,PCE,5.0,9.0,9.0,4.0,,,AMAN,
B3,OLI SEAL 50-80-10 SML AUGER,December 2025,-,4.0,0.0,0.0,,,,,PCE,2.0,4.0,4.0,2.0,,,AMAN,
B3,SEAL SKY 20-25,December 2025,-,10.0,0.0,0.0,,,,,PCE,10.0,10.0,10.0,0.0,,,AMAN,
B3,OLI SEAL 70-90-10 SML,December 2025,-,6.0,0.0,0.0,,,,,PCE,6.0,6.0,6.0,0.0,,,AMAN,
B3,OLI SEAL 40-62-10 SML,December 2025,-,6.0,0.0,0.0,,,,,PCE,6.0,6.0,6.0,0.0,,,AMAN,
B3,"OLI SEAL VITON 3,1X110 ADEKOM",December 2025,-,3.0,0.0,0.0,,,,,PCE,3.0,3.0,3.0,0.0,,,AMAN,
B3,"OLI SEAL VITON 2,62X108 ADEKOM",December 2025,-,5.0,0.0,0.0,,,,,PCE,5.0,5.0,5.0,0.0,,,AMAN,
B3,"ORING VITON 3,1X90 ADEKOM",December 2025,-,5.0,0.0,0.0,,,,,PCE,5.0,5.0,5.0,0.0,,,AMAN,
B3,ORING VITON 2X12X16 ADEKOM,December 2025,-,1.0,0.0,0.0,,,,,PCE,1.0,1.0,1.0,0.0,,,AMAN,
B3,"ORING VITON 2,5X18 ADEKOM",December 2025,-,1.0,0.0,0.0,,,,,PCE,1.0,1.0,1.0,0.0,,,AMAN,
B3,"ORING NBR 2,62X19 REWINDER",December 2025,-,16.0,0.0,0.0,,,,,PCE,16.0,16.0,16.0,0.0,,,AMAN,
B3,ORING 215,December 2025,-,0.0,0.0,0.0,,,,,PCS,0.0,0.0,0.0,0.0,,,STOK HABIS / RE-ORDER,
B3,ORING 2X34,December 2025,-,35.0,0.0,0.0,,,,,PCS,35.0,35.0,35.0,0.0,,,AMAN,
B3,ORING 019,December 2025,-,49.0,0.0,0.0,,,,,PCS,49.0,49.0,49.0,0.0,,,AMAN,
 B3,ORING 2X20 UNTUK REWINDER,December 2025,-,14.0,0.0,0.0,,,,,PCE,14.0,14.0,14.0,0.0,,,AMAN,
B3,ORING 110,December 2025,-,5.0,0.0,0.0,,,,,PCE,5.0,5.0,5.0,0.0,,,AMAN,
B3,ORING 208,December 2025,-,6.0,0.0,0.0,,,,,PCE,6.0,6.0,6.0,0.0,,,AMAN,
B3,SEAL OIL 26-42-10,December 2025,-,1.0,0.0,0.0,,,,,PCE,1.0,1.0,1.0,0.0,,,AMAN,
B3,SEAL OIL 48-63-10 HIDRAULIC JACK,December 2025,-,3.0,0.0,0.0,,,,,PCE,3.0,3.0,3.0,0.0,,,AMAN,
B3,SEAL VITON UPI 48X63X10,December 2025,-,3.0,0.0,0.0,,,,,PCE,3.0,3.0,3.0,0.0,,,AMAN,
B3,OIL SEAL 43-40-6,December 2025,-,3.0,0.0,0.0,,,,,PCE,3.0,3.0,3.0,0.0,,,AMAN,
B3,OIL SEAL 43-30-8,December 2025,-,5.0,0.0,0.0,,,,,PCE,5.0,5.0,5.0,0.0,,,AMAN,
B3,OIL SEAL 66-56-4 HIDRAULIC JACK,December 2025,-,2.0,0.0,0.0,,,,,PCE,2.0,2.0,2.0,0.0,,,AMAN,
B3,OLI SEAL 4-23-20 SILINDER AUXILARY,December 2025,-,11.0,0.0,0.0,,,,,PCE,11.0,11.0,11.0,0.0,,,AMAN,
B3,OLI SEAL 39-50-2 SILINDER,December 2025,-,5.0,0.0,0.0,,,,,PCE,5.0,5.0,5.0,0.0,,,AMAN,
B3,SEAL 100-108,December 2025,-,4.0,0.0,0.0,,,,,PCE,4.0,4.0,4.0,0.0,,,AMAN,
B3,SEAL USH 18-25-5 BIRU HIDROLIK,December 2025,-,3.0,0.0,0.0,,,,,PCE,3.0,3.0,3.0,0.0,,,AMAN,
B3,SEAL PUTIH HIDROLIK WEFORMA,December 2025,-,5.0,0.0,0.0,,,,,PCE,5.0,5.0,5.0,0.0,,,AMAN,
B3,SEAL 40-26 HIDROLIK,December 2025,-,3.0,0.0,0.0,,,,,PCE,3.0,3.0,3.0,0.0,,,AMAN,
B3,"SEAL ORING 25-18-5 HIDROLIK,CYLINDER AUXILARY",December 2025,-,12.0,0.0,0.0,,,,,PCE,12.0,12.0,12.0,0.0,,,AMAN,
B3,"SEAL ORING 32X2,5 ",December 2025,-,10.0,0.0,0.0,,,,,PCE,10.0,10.0,10.0,0.0,,,AMAN,
B3,SEAL NOK 25-40-7 GEAR BOX SML1 MIXER,December 2025,-,6.0,0.0,0.0,,,,,PCE,6.0,6.0,6.0,0.0,,,AMAN,
B3,SEAL NOK 20-32-7 GEAR BOX SML1 MIXER,December 2025,-,6.0,0.0,0.0,,,,,PCE,6.0,6.0,6.0,0.0,,,AMAN,
B3,OLI SEAL VITON  CUP BLOKING 26X7 SML1,December 2025,-,4.0,0.0,0.0,,,,,PCE,4.0,4.0,4.0,0.0,,,AMAN,
B3,OLI SEAL VITON  CUP BLOKING 32X7 SML1,December 2025,-,0.0,0.0,0.0,,,,,PCE,0.0,0.0,0.0,0.0,,,STOK HABIS / RE-ORDER,
B3,WATER OIL 34-50-7,December 2025,-,2.0,0.0,0.0,,,,,PCE,2.0,2.0,2.0,0.0,,,AMAN,
B3,OIL SEAL 35-50-8,December 2025,-,5.0,0.0,0.0,,,,,PCE,5.0,5.0,5.0,0.0,,,AMAN,
B3,OIL SEAL  35-50-7,December 2025,-,4.0,0.0,0.0,,,,,PCE,4.0,4.0,4.0,0.0,,,AMAN,
B3,OIL SEAL TC 85-110-10,December 2025,-,2.0,0.0,0.0,,,,,PCE,2.0,2.0,2.0,0.0,,,AMAN,
B3,"SEAL VITON 2,6X70 COMP WEST AIR",December 2025,-,4.0,0.0,0.0,,,,,PCE,4.0,4.0,4.0,0.0,,,AMAN,
B3,SEAL D=19X28X5,December 2025,-,0.0,0.0,0.0,,,,,PCE,0.0,0.0,0.0,0.0,,,STOK HABIS / RE-ORDER,
B3,SEAL  D=12X19X3,December 2025,-,0.0,0.0,0.0,,,,,PCE,0.0,0.0,0.0,0.0,,,STOK HABIS / RE-ORDER,
B3,SEAL D=60X75X8,December 2025,-,0.0,0.0,0.0,,,,,PCE,0.0,0.0,0.0,0.0,,,STOK HABIS / RE-ORDER,
B3,ORING NBR AS-112,December 2025,-,0.0,0.0,0.0,,,,,PCE,0.0,0.0,0.0,0.0,,,STOK HABIS / RE-ORDER,
B3,ORING NBR AS-125,December 2025,-,0.0,0.0,0.0,,,,,PCE,0.0,0.0,0.0,0.0,,,STOK HABIS / RE-ORDER,
B3,ORING NBR AS-232,December 2025,-,0.0,0.0,0.0,,,,,PCE,0.0,0.0,0.0,0.0,,,STOK HABIS / RE-ORDER,
B3,OIL SEAL 40-55-8 MC BC,December 2025,-,5.0,0.0,0.0,,,,,PCE,5.0,5.0,5.0,0.0,,,AMAN,
B3,MASTER KOPLING (FORKLIFT)220-44361,December 2025,-,0.0,0.0,0.0,,,,,PCE,0.0,0.0,0.0,0.0,,,STOK HABIS / RE-ORDER,
B3,O-RING 264 CONTOH 1 ( COMP COBELCO),December 2025,-,3.0,0.0,0.0,,,,,PCE,3.0,3.0,3.0,0.0,,,AMAN,
B3,O-RING P 14 CONTOH 7 ( COMP COBELCO),December 2025,-,1.0,0.0,0.0,,,,,PCE,1.0,1.0,1.0,0.0,,,AMAN,
B3,"O-RING P 15  VITON 2,4X15 CONTOH 8 ( COMP COBELCO)",December 2025,-,10.0,0.0,0.0,,,,,PCE,10.0,10.0,10.0,0.0,,,AMAN,
B3,O-RING 3X68 CONTOH 9 ( COMP COBELCO),December 2025,-,8.0,0.0,0.0,,,,,PCE,8.0,8.0,8.0,0.0,,,AMAN,
B3,O-RING 3X83 CONTOH 10 ( COMP COBELCO),December 2025,-,5.0,0.0,0.0,,,,,PCE,5.0,5.0,5.0,0.0,,,AMAN,
B3,O-RING 105X3 CONTOH 11 ( COMP COBELCO),December 2025,-,0.0,0.0,0.0,,,,,PCE,0.0,0.0,0.0,0.0,,,STOK HABIS / RE-ORDER,
B3,"O-RING 3,5X51X57( COMP COBELCO)",December 2025,-,3.0,0.0,0.0,,,,,PCE,3.0,3.0,3.0,0.0,,,AMAN,
B3,O-RING 3X48X54( COMP COBELCO),December 2025,-,4.0,0.0,0.0,,,,,PCE,4.0,4.0,4.0,0.0,,,AMAN,
B3,"O-RING 3,5X83X90( COMP COBELCO)",December 2025,-,5.0,0.0,0.0,,,,,PCE,5.0,5.0,5.0,0.0,,,AMAN,
B3,O-RING 3X176( COMP COBELCO),December 2025,-,8.0,0.0,0.0,,,,,PCE,9.0,8.0,8.0,-1.0,,,AMAN,
B3,O-RING 3X190( COMP COBELCO),December 2025,-,2.0,0.0,0.0,,,,,PCE,2.0,2.0,2.0,0.0,,,AMAN,
B3,O-RING 239X5 BAHAN VITON CONTOH 12( BC DAN DS ),December 2025,-,4.0,0.0,0.0,,,,,PCE,4.0,4.0,4.0,0.0,,,AMAN,
B3,SEAL KOMPRESOR KOBELCO CONTOH 2,December 2025,-,0.0,0.0,0.0,,,,,PCE,0.0,0.0,0.0,0.0,,,STOK HABIS / RE-ORDER,
B3,SEAL KOMPRESOR KOBELCO D=68XD=83,December 2025,-,0.0,0.0,0.0,,,,,PCE,0.0,0.0,0.0,0.0,,,STOK HABIS / RE-ORDER,
B3,ORING VITON 3X84X90 (COMP COBELCO),December 2025,-,3.0,0.0,0.0,,,,,PCE,3.0,3.0,3.0,0.0,,,AMAN,
B3,ORING VITON 3X66X72 (COMP COBELCO),December 2025,-,4.0,0.0,0.0,,,,,PCE,4.0,4.0,4.0,0.0,,,AMAN,
B3,"ORING VITON 4,5X51X61 (COMP COBELCO)",December 2025,-,4.0,0.0,0.0,,,,,PCE,4.0,4.0,4.0,0.0,,,AMAN,
B3,ORING VITON 4X98 KOBELCO,December 2025,-,7.0,0.0,0.0,,,,,PCE,7.0,7.0,7.0,0.0,,,AMAN,
B3,"ORING  VITON 3,5X185 KOBELCO",December 2025,-,7.0,0.0,0.0,,,,,PCE,7.0,7.0,7.0,0.0,,,AMAN,
B3,"SEAL ORING VITON 2,6X12,5 KOBELCO",December 2025,-,5.0,0.0,0.0,,,,,PCE,5.0,5.0,5.0,0.0,,,AMAN,
B3,"SEAL ORING VITON 3,5X8 KOBELCO",December 2025,-,5.0,0.0,0.0,,,,,PCE,5.0,5.0,5.0,0.0,,,AMAN,
B3,SEAL ORING VITON 3X235 KOBELCO,December 2025,-,6.0,0.0,0.0,,,,,PCE,6.0,6.0,6.0,0.0,,,AMAN,
B3,OLI SEAL 62-11-44 KOBELCO,December 2025,-,1.0,0.0,0.0,,,,,PCE,1.0,1.0,1.0,0.0,,,AMAN,
B3,"SEAL LEVEL OIL KOMPRESSOR KOBELCO 3X14X19,5",December 2025,-,10.0,0.0,0.0,,,,,PCE,10.0,10.0,10.0,0.0,,,AMAN,
B3,"ORING 21X2,4 KOMP LINGHEIN",December 2025,-,7.0,0.0,0.0,,,,,PCE,7.0,7.0,7.0,0.0,,,AMAN,
B3,"ORING 17X20X1,5 KOMP LINGHEIN",December 2025,-,10.0,0.0,0.0,,,,,PCE,10.0,10.0,10.0,0.0,,,AMAN,
B3,ORING 5X9X2 KOMP LINGHEIN,December 2025,-,20.0,0.0,0.0,,,,,PCE,20.0,20.0,20.0,0.0,,,AMAN,
B3,"ORING 3,5X6,5X1,5 KOMP LINGHEIN",December 2025,-,14.0,0.0,0.0,,,,,PCE,14.0,14.0,14.0,0.0,,,AMAN,
B3,ORING SEAL VITON (3X185X190),December 2025,-,10.0,0.0,0.0,,,,,PCE,10.0,10.0,10.0,0.0,,,AMAN,
B3,ORING SEAL VITON (3X117),December 2025,-,2.0,0.0,0.0,,,,,PCE,2.0,2.0,2.0,0.0,,,AMAN,
B3,"ORING SEAL VITON (3,5X92)",December 2025,-,3.0,0.0,0.0,,,,,PCE,3.0,3.0,3.0,0.0,,,AMAN,
B3,"ORING SEAL VITON (3,5X73)",December 2025,-,4.0,0.0,0.0,,,,,PCE,4.0,4.0,4.0,0.0,,,AMAN,
B3,"ORING SEAL VITON (3,5X58)",December 2025,-,4.0,0.0,0.0,,,,,PCE,4.0,4.0,4.0,0.0,,,AMAN,
B3,ORING VITON 3X43 ,December 2025,-,16.0,0.0,0.0,,,,,PCE,16.0,16.0,16.0,0.0,,,AMAN,
B3,BAUT D=3MMX20MM+MUR,December 2025,-,0.0,0.0,0.0,,,,,PCE,0.0,0.0,0.0,0.0,,,STOK HABIS / RE-ORDER,
B3,SEAL NOK 30-40-7,December 2025,-,4.0,0.0,0.0,,,,,PCE,4.0,4.0,4.0,0.0,,,AMAN,
B3,RUBBER ROTEX 24 ,December 2025,-,5.0,0.0,0.0,,,,,PCE,5.0,5.0,5.0,0.0,,,AMAN,
B3,O-RING DLM=42MMXDLU 54MM UNTUK POMPA CHILLER GEAR BOX EXT BC,December 2025,-,1.0,0.0,0.0,,,,,PCE,1.0,1.0,1.0,0.0,,,AMAN,
B3,O-RING DLM=176MMXDLU 182MM UNTUK POMPA CHILLER GEAR BOX EXT BC,December 2025,-,1.0,0.0,0.0,,,,,PCE,1.0,1.0,1.0,0.0,,,AMAN,
B3,OLI SEAL 25-40-10 GEAR BOX CHILLER BC,December 2025,-,6.0,0.0,0.0,,,,,PCE,6.0,6.0,6.0,0.0,,,AMAN,
B3,"ORING VITON 3,5X48 POMPA CHILLER MOTOR EXT BC",December 2025,-,4.0,0.0,0.0,,,,,PCE,4.0,4.0,4.0,0.0,,,AMAN,
B3,ORING VITON 3X170 POMPA CHILLER MOTOR EXT BC,December 2025,-,5.0,0.0,0.0,,,,,PCE,5.0,5.0,5.0,0.0,,,AMAN,
B3,"ORING D= 5,3X83 PLETIZER NGR ",December 2025,-,0.0,0.0,0.0,,,,,PCE,0.0,0.0,0.0,0.0,,,STOK HABIS / RE-ORDER,
B3,"ORING D= 5,3X85 PLETIZER NGR ",December 2025,-,5.0,0.0,0.0,,,,,PCE,5.0,5.0,5.0,0.0,,,AMAN,
B3,"ORING D= 5,3X84 PLETIZER NGR ",December 2025,-,0.0,0.0,0.0,,,,,PCE,0.0,0.0,0.0,0.0,,,STOK HABIS / RE-ORDER,
B3,"ORING 5,3 X 79 PELETAIZER NGR",December 2025,-,10.0,0.0,0.0,,,,,PCE,10.0,10.0,10.0,0.0,,,AMAN,
B3,ORING 3X107 PELETAIZER NGR,December 2025,-,9.0,0.0,0.0,,,,,PCE,9.0,9.0,9.0,0.0,,,AMAN,
B3,"SEAL ORING 2,62X120MM SML",December 2025,-,8.0,0.0,0.0,,,,,PCE,8.0,8.0,8.0,0.0,,,AMAN,
B3,SEAL 63X73X7MM SML,December 2025,-,9.0,0.0,0.0,,,,,PCE,9.0,9.0,9.0,0.0,,,AMAN,
B3,SEAL C1/100-110-7MM SML,December 2025,-,9.0,0.0,0.0,,,,,PCE,9.0,9.0,9.0,0.0,,,AMAN,
B3,"SEAL PDF 2PZ 125X110X4,4MM",December 2025,-,9.0,0.0,0.0,,,,,PCE,9.0,9.0,9.0,0.0,,,AMAN,
B3,SEAL 100X108MM,December 2025,-,9.0,0.0,0.0,,,,,PCE,9.0,9.0,9.0,0.0,,,AMAN,
B3,SEAL PGY50,December 2025,-,6.0,0.0,0.0,,,,,PCE,6.0,6.0,6.0,0.0,,,AMAN,
B3,SEAL CARBON TEFLON D=68X2 LIPS UNTUK KOBELCO,December 2025,-,2.0,0.0,0.0,,,,,PCE,2.0,2.0,2.0,0.0,,,AMAN,
B3,OLI SEAL 90-110-12,December 2025,-,2.0,0.0,0.0,,,,,PCE,2.0,2.0,2.0,0.0,,,AMAN,
B3,SEAL 60IN -35X45,December 2025,-,4.0,0.0,0.0,,,,,PCE,4.0,4.0,4.0,0.0,,,AMAN,
B3,SEAL 60IN -35X44,December 2025,-,4.0,0.0,0.0,,,,,PCE,4.0,4.0,4.0,0.0,,,AMAN,
B3,SEAL 60IN -53X63,December 2025,-,4.0,0.0,0.0,,,,,PCE,4.0,4.0,4.0,0.0,,,AMAN,
B3,OLI SEAL 57X63,December 2025,-,5.0,0.0,0.0,,,,,PCE,5.0,5.0,5.0,0.0,,,AMAN,
B3ATS,SILINDER CUTTING ORIGA PARKER 80CM,December 2025,-,1.0,0.0,0.0,,,,,PCE,1.0,1.0,1.0,0.0,,,AMAN,
B3,SEAL HIDROLIK FORKLIFT,December 2025,-,0.0,0.0,0.0,,,,,SET,0.0,0.0,0.0,0.0,,,STOK HABIS / RE-ORDER,
B3,SEAL NOK 65-80-12 UNTUK MIXER,December 2025,-,2.0,0.0,0.0,,,,,PCE,2.0,2.0,2.0,0.0,,,AMAN,
B3,ORING KOMPRESOR ADEKOM,December 2025,-,1.0,0.0,0.0,,,,,SET,1.0,1.0,1.0,0.0,,,AMAN,
B3,SEAL KOMPRESOR ADEKOM DLM=60MMXDLU=80MM T=10MM,December 2025,-,1.0,0.0,0.0,,,,,PCE,1.0,1.0,1.0,0.0,,,AMAN,
B3,SEAL NOK 20-35-7,December 2025,-,4.0,0.0,0.0,,,,,PCE,4.0,4.0,4.0,0.0,,,AMAN,
B3,SEAL CYLINDER EXENTRICK 3-40-50,December 2025,-,9.0,0.0,0.0,,,,,PCE,9.0,9.0,9.0,0.0,,,AMAN,
B3,SEAL CYLINDER EXENTRICK 5-20-28,December 2025,-,9.0,0.0,0.0,,,,,PCE,9.0,9.0,9.0,0.0,,,AMAN,
B3,SEAL CYLINDER EXENTRICK 1X46,December 2025,-,8.0,0.0,0.0,,,,,PCE,8.0,8.0,8.0,0.0,,,AMAN,
B3,SEAL FORKLIFT HIDROLIK STIR ORING DALAM,December 2025,-,0.0,0.0,0.0,,,,,PCE,0.0,0.0,0.0,0.0,,,STOK HABIS / RE-ORDER,
B3,SEAL FORKLIFT HIDROLIK  ORING DALAM 3x78,December 2025,-,10.0,0.0,0.0,,,,,PCE,10.0,10.0,10.0,0.0,,,AMAN,
B3,SEAL FORKLIFT HIDROLIK SEAL DALAM PUTIH,December 2025,-,1.0,0.0,0.0,,,,,PCE,1.0,1.0,1.0,0.0,,,AMAN,
B3,SEAL FORKLIFT HIDROLIK SEAL DALAM 50-65-9,December 2025,-,6.0,0.0,0.0,,,,,PCE,6.0,6.0,6.0,0.0,,,AMAN,
B3,SEAL FORKLIFT HIDROLIK SEAL DALAM SCK 50,December 2025,-,5.0,0.0,0.0,,,,,PCE,5.0,5.0,5.0,0.0,,,AMAN,
B3,SEAL FORKLIFT HIDROLIK SEAL DALAM 50-60-6 VITON,December 2025,-,7.0,0.0,0.0,,,,,PCE,7.0,7.0,7.0,0.0,,,AMAN,
B3,"OLI SEAL 50-62-8,7 FORKLIFT",December 2025,-,10.0,0.0,0.0,,,,,PCE,10.0,10.0,10.0,0.0,,,AMAN,
B3,OLI SEAL  SKF 1AC4-2 FORKLIFT WARNA BIRU,December 2025,-,10.0,0.0,0.0,,,,,PCE,10.0,10.0,10.0,0.0,,,AMAN,
B3,"OLI SEAL 2.500 X3,751X0,500 (455079) NATIONAL MC DS(GEAR BOX CHILL ROLL)",December 2025,-,0.0,0.0,0.0,,,,,PCE,0.0,0.0,0.0,0.0,,,STOK HABIS / RE-ORDER,
B3,OLI SEAL SKF 16814 MC DS(GEAR BOX CHILL ROLL),December 2025,-,4.0,0.0,0.0,,,,,PCE,4.0,4.0,4.0,0.0,,,AMAN,
B3,OLI SEAL 55-75-10,December 2025,-,3.0,0.0,0.0,,,,,PCE,3.0,3.0,3.0,0.0,,,AMAN,
B3,"OLI SEAL OD:7""XID 5,75X T.0,375 MC DS",December 2025,-,2.0,0.0,0.0,,,,,PCE,2.0,2.0,2.0,0.0,,,AMAN,
B3,"OLI SEAL OD: 10,375XID 9,125X T.0,625""XID 5,75X T.0,375 MC DS",December 2025,-,2.0,0.0,0.0,,,,,PCE,2.0,2.0,2.0,0.0,,,AMAN,
B3,OLI SEAL NOK 55-75-9 UNTUK MOTOR BLOWER TRIM,December 2025,-,4.0,0.0,0.0,,,,,PCE,4.0,4.0,4.0,0.0,,,AMAN,
B3,KARET  SEAL KOPLING LOVE JOY L-150 MC DS(GEAR BOX CHILL ROLL),December 2025,-,1.0,0.0,0.0,,,,,PCE,1.0,1.0,1.0,0.0,,,AMAN,
B3,KARET SHAKING KABEL CS 200 D=25MM,December 2025,-,1.15,0.0,0.0,,,,,METER,1.15,1.15,1.15,0.0,,,AMAN,
B3,SEAL  455006 NATIONAL,December 2025,-,2.0,0.0,0.0,,,,,PCE,2.0,2.0,2.0,0.0,,,AMAN,
B3,OLI SEAL SKF 17387 GEAR BOX AUGER,December 2025,-,3.0,0.0,0.0,,,,,PCE,3.0,3.0,3.0,0.0,,,AMAN,
B3,SEAL NOK LBH-35 UNTUK DS,December 2025,-,3.0,0.0,0.0,,,,,PCE,3.0,3.0,3.0,0.0,,,AMAN,
B3,"SEAL UN 35-43-6,3 BIRU UNTUK DS",December 2025,-,3.0,0.0,0.0,,,,,PCE,3.0,3.0,3.0,0.0,,,AMAN,
B3,SEAL GEARBOX DS 57-52-3,December 2025,-,3.0,0.0,0.0,,,,,PCE,3.0,3.0,3.0,0.0,,,AMAN,
B3,"SEAL DLM=12MMXDLU24,5MMXT=11MM",December 2025,-,4.0,0.0,0.0,,,,,PCE,4.0,4.0,4.0,0.0,,,AMAN,
B3,SEAL 22-16-6  PRESTRECH,December 2025,-,9.0,0.0,0.0,,,,,PCE,9.0,9.0,9.0,0.0,,,AMAN,
B3,SEAL DDF  YCC  32 DLU=32MMXDLM=26MMX T= 6MM,December 2025,-,10.0,0.0,0.0,,,,,PCE,10.0,10.0,10.0,0.0,,,AMAN,
B3,ORING DLM 68MM D=BATANG 3MM MC NGR,December 2025,-,7.0,0.0,0.0,,,,,PCE,7.0,7.0,7.0,0.0,,,AMAN,
B3,SEAL 178-142-10 MC DS,December 2025,-,3.0,0.0,0.0,,,,,PCE,3.0,3.0,3.0,0.0,,,AMAN,
B3,SEAL NOK 45-60-7 NGR,December 2025,-,5.0,0.0,0.0,,,,,PCE,8.0,5.0,5.0,-3.0,,,AMAN,
B3,SEAL 45-65-10 BLOWN,December 2025,-,2.0,0.0,0.0,,,,,PCE,2.0,2.0,2.0,0.0,,,AMAN,
B3,SEAL ORING 2-10-5 COOLANT,December 2025,-,6.0,0.0,0.0,,,,,PCE,6.0,6.0,6.0,0.0,,,AMAN,
B3,SEAL ORING 3-30-34 COOLANT,December 2025,-,8.0,0.0,0.0,,,,,PCE,8.0,8.0,8.0,0.0,,,AMAN,
B3,OIL SEAL 6294 DSPN5801639 MC DS,December 2025,-,1.0,0.0,0.0,,,,,PCE,1.0,1.0,1.0,0.0,,,AMAN,
B3,OIL SEAL TC 38-50-8 NGR,December 2025,-,6.0,0.0,0.0,,,,,PCE,6.0,6.0,6.0,0.0,,,AMAN,
B3,KARET ROTEX 28,December 2025,-,3.0,0.0,0.0,,,,,PCE,3.0,3.0,3.0,0.0,,,AMAN,
B3,SEAL STIR SKF Y6X-1 BIRU FORKLIFT JHR,December 2025,-,4.0,0.0,0.0,,,,,PCE,4.0,4.0,4.0,0.0,,,AMAN,
B3,SEAL STIR  62-50-8  FORKLIFT JHR,December 2025,-,2.0,0.0,0.0,,,,,PCE,2.0,2.0,2.0,0.0,,,AMAN,
B3,SEAL STIR 80-76-3 FORKLIFT JHR,December 2025,-,11.0,0.0,0.0,,,,,PCE,11.0,11.0,11.0,0.0,,,AMAN,
B3,OIL SEAL 95-115-12 UNTUK FORKLIFT,December 2025,-,5.0,0.0,0.0,,,,,PCE,5.0,5.0,5.0,0.0,,,AMAN,
B3,OLI SEAL TC 95-115-12 (VITON) FORKLIFT,December 2025,-,0.0,0.0,0.0,,,,,PCE,0.0,0.0,0.0,0.0,,,STOK HABIS / RE-ORDER,
B3,SET SEAL POMPA  HIDROLIK FORKLIFT,December 2025,-,1.0,0.0,0.0,,,,,SET,1.0,1.0,1.0,0.0,,,AMAN,
B3,OLI SEAL BS065085GR 20201103 WEST AIR,December 2025,-,0.0,0.0,0.0,,,,,PCE,0.0,0.0,0.0,0.0,,,STOK HABIS / RE-ORDER,
B3,SEAL SKY 50-65-10,December 2025,-,6.0,0.0,0.0,,,,,PCE,6.0,6.0,6.0,0.0,,,AMAN,
B3,OLI SEAL 60-80-8 NGR  VITON,December 2025,-,6.0,0.0,0.0,,,,,PCE,6.0,6.0,6.0,0.0,,,AMAN,
B3,OLI SEAL 60-80-10 NGR VITON,December 2025,-,5.0,0.0,0.0,,,,,PCE,5.0,5.0,5.0,0.0,,,AMAN,
B3,OLI SEAL 40-60-10 NGR,December 2025,-,2.0,0.0,0.0,,,,,PCE,2.0,2.0,2.0,0.0,,,AMAN,
B3,ORING 2X9 NBR,December 2025,-,5.0,0.0,0.0,,,,,PCE,5.0,5.0,5.0,0.0,,,AMAN,
B3,O-RING AS 112,December 2025,-,22.0,0.0,0.0,,,,,PCE,22.0,22.0,22.0,0.0,,,AMAN,
B3,O-RING AS 116,December 2025,-,0.0,0.0,0.0,,,,,PCE,0.0,0.0,0.0,0.0,,,STOK HABIS / RE-ORDER,
B3,OLI SEAL NALIONAL 455013,December 2025,-,2.0,0.0,0.0,,,,,PCE,2.0,2.0,2.0,0.0,,,AMAN,
B3,SEAL TC NBR 55-70-9 BLOWN,December 2025,-,2.0,0.0,0.0,,,,,PCE,2.0,2.0,2.0,0.0,,,AMAN,
B3,SEAL TC NBR 30-62-10 BLOWN,December 2025,-,2.0,0.0,0.0,,,,,PCE,2.0,2.0,2.0,0.0,,,AMAN,
B3,ORING 34-39-2 BLOWN,December 2025,-,6.0,0.0,0.0,,,,,PCE,6.0,6.0,6.0,0.0,,,AMAN,
B3,PISTON SEAL 30-40-3 BLOWN,December 2025,-,3.0,0.0,0.0,,,,,PCE,3.0,3.0,3.0,0.0,,,AMAN,
B3,SEAL 16-24-7 BLOWN,December 2025,-,3.0,0.0,0.0,,,,,PCE,3.0,3.0,3.0,0.0,,,AMAN,
B3,SEAL L CUP 37X7 EREMA NGR,December 2025,-,2.0,0.0,0.0,,,,,PCE,2.0,2.0,2.0,0.0,,,AMAN,
B3,SEAL TC NBR 40-80-10 EREMA NGR,December 2025,-,2.0,0.0,0.0,,,,,PCE,2.0,2.0,2.0,0.0,,,AMAN,
B3,SEAL TC 30-62-7 EREMA NGR,December 2025,-,3.0,0.0,0.0,,,,,PCE,3.0,3.0,3.0,0.0,,,AMAN,
B3,SEAL NOK 50-70-8 EREMA,December 2025,-,5.0,0.0,0.0,,,,,PCE,5.0,5.0,5.0,0.0,,,AMAN,
B3,DUST SEAL 28X25X6MM(CYLINDER DS),December 2025,-,4.0,0.0,0.0,,,,,PCE,4.0,4.0,4.0,0.0,,,AMAN,
B3,DUST SEAL 32X25X5MM(CYLINDER DS),December 2025,-,0.0,0.0,0.0,,,,,PCE,0.0,0.0,0.0,0.0,,,STOK HABIS / RE-ORDER,
B3,DUST SEAL 5685 FORKLIFT,December 2025,-,0.0,0.0,0.0,,,,,PCE,0.0,0.0,0.0,0.0,,,STOK HABIS / RE-ORDER,
B3,"O-RING VITON 3,5X50 SCREEN MC DS",December 2025,-,5.0,0.0,0.0,,,,,PCE,5.0,5.0,5.0,0.0,,,AMAN,
B3,"O-RING VITON 3,5X93 SCREEN MC DS",December 2025,-,8.0,0.0,0.0,,,,,PCE,8.0,8.0,8.0,0.0,,,AMAN,
B3,SEAL VITON 45X55X6 SCREEN MC DS,December 2025,-,4.0,0.0,0.0,,,,,PCE,4.0,4.0,4.0,0.0,,,AMAN,
B3,DUST SEAL VITON 6X45X53 SCREEN MC DS,December 2025,-,4.0,0.0,0.0,,,,,PCE,4.0,4.0,4.0,0.0,,,AMAN,
B3,DUST SEAL VITON 6X49X57SCREEN MC DS,December 2025,-,5.0,0.0,0.0,,,,,PCE,5.0,5.0,5.0,0.0,,,AMAN,
B3,SEAL VITON 50X60X6 SCREEN MC DS EXT C,December 2025,-,9.0,0.0,0.0,,,,,PCE,4.0,9.0,9.0,5.0,,,AMAN,
B3,OLI SEAL SKF 20005 MC DS,December 2025,-,2.0,0.0,0.0,,,,,PCE,2.0,2.0,2.0,0.0,,,AMAN,
B3,"ORING NBR 2,62X147 MC DS",December 2025,-,8.0,0.0,0.0,,,,,PCE,8.0,8.0,8.0,0.0,,,AMAN,
B3,"ORING NBR 1,78X70 MC DS",December 2025,-,9.0,0.0,0.0,,,,,PCE,9.0,9.0,9.0,0.0,,,AMAN,
B3,OLI SEAL 32-47-8 MC WRAPING,December 2025,-,6.0,0.0,0.0,,,,,PCE,6.0,6.0,6.0,0.0,,,AMAN,
B3,OLI SEAL 25-38-7 MC WRAPING,December 2025,-,6.0,0.0,0.0,,,,,PCE,6.0,6.0,6.0,0.0,,,AMAN,
B3,OLI SEAL VITON 50-68-8 SML,December 2025,-,4.0,0.0,0.0,,,,,PCE,4.0,4.0,4.0,0.0,,,AMAN,
B3,DUST SEAL AUXILARY,December 2025,-,10.0,0.0,0.0,,,,,PCE,10.0,10.0,10.0,0.0,,,AMAN,
B3,OLI SEAL 65-100-10 VITON,December 2025,-,4.0,0.0,0.0,,,,,PCE,4.0,4.0,4.0,0.0,,,AMAN,
B3,OLI SEAL 45-62-8 VACCUM RESIN SML1,December 2025,-,3.0,0.0,0.0,,,,,PCE,3.0,3.0,3.0,0.0,,,AMAN,
B3,"SEAL BTS CYLINDER CUTTING 20X30X10,7 MC SML1",December 2025,-,6.0,0.0,0.0,,,,,PCE,9.0,6.0,6.0,-3.0,,,AMAN,
B3,TIE MOUNTS CABLE 100PC,December 2025,-,0.0,0.0,0.0,,,,,BOX,0.0,0.0,0.0,0.0,,,STOK HABIS / RE-ORDER,
B3,"SEAL 31,4X21,6X5MM STEAM",December 2025,-,11.0,0.0,0.0,,,,,PCE,11.0,11.0,11.0,0.0,,,AMAN,
B3,SEAL V PACKING SANCHIN STEAM,December 2025,-,18.0,0.0,0.0,,,,,PCE,18.0,18.0,18.0,0.0,,,AMAN,
B3,ORING ID 9MMXOD15MM PENTIL BLOWN,December 2025,-,8.0,0.0,0.0,,,,,PCE,8.0,8.0,8.0,0.0,,,AMAN,
B3,ORING NBR ID8MMXOD11MM PENTIL BLOWN,December 2025,-,4.0,0.0,0.0,,,,,PCE,4.0,4.0,4.0,0.0,,,AMAN,
B3,"ORING DLM:11,5MMX DLU : 15,5 MM X 2,4MM",December 2025,-,4.0,0.0,0.0,,,,,PCE,4.0,4.0,4.0,0.0,,,AMAN,
B3,ORING NBR  90X100 MC PRESS,December 2025,-,4.0,0.0,0.0,,,,,PCE,4.0,4.0,4.0,0.0,,,AMAN,
B3,ORING 4X98 MC PRESS,December 2025,-,4.0,0.0,0.0,,,,,PCE,4.0,4.0,4.0,0.0,,,AMAN,
B3,SEAL DUST PLAT 65X79X8/11 VECTRA MC PRESS  ,December 2025,-,2.0,0.0,0.0,,,,,PCE,2.0,2.0,2.0,0.0,,,AMAN,
B3,SEAL NOK 65-80-9MC PRESS,December 2025,-,1.0,0.0,0.0,,,,,PCE,1.0,1.0,1.0,0.0,,,AMAN,
B3,SEAL NOK CL0293-CO CYLINDER RAISE,December 2025,-,4.0,0.0,0.0,,,,,PCE,4.0,4.0,4.0,0.0,,,AMAN,
B3,SEAL 25-20-4 DS CYLINDER RAISE,December 2025,-,5.0,0.0,0.0,,,,,PCE,5.0,5.0,5.0,0.0,,,AMAN,
B3,SEAL 35-30-3 C/O 1 DLM=30XXDLU35MMXTBL 3MM MC DS POMPA FO,December 2025,-,5.0,0.0,0.0,,,,,PCE,5.0,5.0,5.0,0.0,,,AMAN,
B3,"SEAL 4,5X9X18MM DS",December 2025,-,1.0,0.0,0.0,,,,,PCE,1.0,1.0,1.0,0.0,,,AMAN,
B3,"ORING POMPA FO SML DLM;12MMXDLU,17,5 MM",December 2025,-,4.0,0.0,0.0,,,,,PCE,4.0,4.0,4.0,0.0,,,AMAN,
B3,OLI SEAL 45-55-11 NGR,December 2025,-,4.0,0.0,0.0,,,,,PCE,4.0,4.0,4.0,0.0,,,AMAN,
B3,RUBBER MEMBRAN QUICK EXSHAUST SML,December 2025,-,3.0,0.0,0.0,,,,,PCE,3.0,3.0,3.0,0.0,,,AMAN,
B3,SEAL CYLINDER ARM RISE DS 26X22X4,December 2025,-,8.0,0.0,0.0,,,,,PCE,8.0,8.0,8.0,0.0,,,AMAN,
B3,PISTON SEAL 63X51X4 ARM RISE DS,December 2025,-,8.0,0.0,0.0,,,,,PCE,8.0,8.0,8.0,0.0,,,AMAN,
B3,"ORING VITON 1,78X60 ARM RISE DS",December 2025,-,11.0,0.0,0.0,,,,,PCE,11.0,11.0,11.0,0.0,,,AMAN,
B3,"SEAL LBH 16X24X4,5 ARM RISE DS",December 2025,-,8.0,0.0,0.0,,,,,PCE,8.0,8.0,8.0,0.0,,,AMAN,
B3,SEAL MIST SEPARATOR SMC 46X62X8 ,December 2025,-,8.0,0.0,0.0,,,,,PCE,8.0,8.0,8.0,0.0,,,AMAN,
B3,"ORING VITON 3,5X143 FILTER SMC MIST SEPARATOR",December 2025,-,3.0,0.0,0.0,,,,,PCE,3.0,3.0,3.0,0.0,,,AMAN,
B3,SEAL RUBBER 110X125X5 SML,December 2025,-,5.0,0.0,0.0,,,,,PCE,5.0,5.0,5.0,0.0,,,AMAN,
B3,SEAL VITON 63X72X7 SML,December 2025,-,5.0,0.0,0.0,,,,,PCE,5.0,5.0,5.0,0.0,,,AMAN,
B3,DUST SEAL HBR 100X107X41 SML,December 2025,-,5.0,0.0,0.0,,,,,PCE,5.0,5.0,5.0,0.0,,,AMAN,
B3,SEAL VITON 100X104X7,December 2025,-,5.0,0.0,0.0,,,,,PCE,5.0,5.0,5.0,0.0,,,AMAN,
B3,"ORING 3,5X32 REWINDER",December 2025,-,15.0,0.0,0.0,,,,,PCE,15.0,15.0,15.0,0.0,,,AMAN,
B3,"ORING 3,5X46 REWINDER",December 2025,-,13.0,0.0,0.0,,,,,PCE,13.0,13.0,13.0,0.0,,,AMAN,
B3,"ORING 3,5X73 cylinder LYON DS",December 2025,-,20.0,0.0,0.0,,,,,PCE,20.0,20.0,20.0,0.0,,,AMAN,
B3,DUST SEAL USH 20-28-5 CYLINDER LAYON DS,December 2025,-,10.0,0.0,0.0,,,,,PCE,10.0,10.0,10.0,0.0,,,AMAN,
B3,ORING 2X15 CYLINDER LAYON DS,December 2025,-,20.0,0.0,0.0,,,,,PCE,20.0,20.0,20.0,0.0,,,AMAN,
B3,"ORING 2,5X38 CYLINDER LAYON DS",December 2025,-,10.0,0.0,0.0,,,,,PCE,10.0,10.0,10.0,0.0,,,AMAN,
B3,"ORING 3,5X38 CYLINDER LAYON DS",December 2025,-,18.0,0.0,0.0,,,,,PCE,18.0,18.0,18.0,0.0,,,AMAN,
B3,SEAL NOK 50-80-8 GEAR BOX SLIDER SML,December 2025,-,4.0,0.0,0.0,,,,,PCE,4.0,4.0,4.0,0.0,,,AMAN,
B3,OLI SEAL NOK 50-72-10 BLOWN,December 2025,-,4.0,0.0,0.0,,,,,PCE,4.0,4.0,4.0,0.0,,,AMAN,
B3,"ORING 3,5X37 REWINDER",December 2025,-,20.0,0.0,0.0,,,,,PCE,20.0,20.0,20.0,0.0,,,AMAN,
B3,SEAL PISTON 8X78 CYLINDER LAYON DS,December 2025,-,20.0,0.0,0.0,,,,,PCE,20.0,20.0,20.0,0.0,,,AMAN,
B3,SEAL TC 95-120-12 VITON GEARBOX MC BLOWN,December 2025,-,2.0,0.0,0.0,,,,,PCE,2.0,2.0,2.0,0.0,,,AMAN,
B3,"ORING VITON D:7MMX21,5CM GEARBOX MC BLOWN",December 2025,-,9.0,0.0,0.0,,,,,PCE,9.0,9.0,9.0,0.0,,,AMAN,
B3,OIL SEAL VITON 80-140-13,December 2025,-,2.0,0.0,0.0,,,,,PCE,0.0,2.0,2.0,2.0,,,AMAN,
B3,OIL SEAL VITON 80-100-10,December 2025,-,1.0,0.0,0.0,,,,,PCE,1.0,1.0,1.0,0.0,,,AMAN,
B3,MOUNTING RUBBER STOPER MC DS,December 2025,-,3.0,0.0,0.0,,,,,PCE,3.0,3.0,3.0,0.0,,,AMAN,
B3,RUBBER STOPER 50X130MM MC DS,December 2025,-,4.0,0.0,0.0,,,,,PCE,5.0,4.0,4.0,-1.0,,,AMAN,
B3,PISTON SEAL 23X32PRESTRECH,December 2025,-,4.0,0.0,0.0,,,,,PCE,4.0,4.0,4.0,0.0,,,AMAN,
B3,"OLI SEAL 12X16,5 PRESTRECH",December 2025,-,4.0,0.0,0.0,,,,,PCE,4.0,4.0,4.0,0.0,,,AMAN,
B3,"O-RING 1,78X32 PRESTRECH",December 2025,-,0.0,0.0,0.0,,,,,PCE,8.0,0.0,0.0,-8.0,,,STOK HABIS / RE-ORDER,
B3,"SEAL PISTON 50X42X3,25MM",December 2025,-,8.0,0.0,0.0,,,,,PCE,10.0,8.0,8.0,-2.0,,,AMAN,
B3,"SEAL NBR 1,78X48 PRESTRECH & SHAFT DS",December 2025,-,8.0,0.0,0.0,,,,,PCE,10.0,8.0,8.0,-2.0,,,AMAN,
B3,SEAL NBR 4X24,December 2025,-,8.0,0.0,0.0,,,,,PCE,10.0,8.0,8.0,-2.0,,,AMAN,
B3,Rubber seal dosing Mc sml 1,December 2025,-,2.0,0.0,0.0,,,,,PCE,2.0,2.0,2.0,0.0,,,AMAN,
B3 ATAS,CYLINDER SMC DS REPAIR,December 2025,-,2.0,0.0,0.0,,,,,PCE,2.0,2.0,2.0,0.0,,,AMAN,
B3 ATAS,AIR CYLINDER SC 63X375 NEW MC DS,December 2025,-,0.0,0.0,0.0,,,,,PCE,0.0,0.0,0.0,0.0,,,STOK HABIS / RE-ORDER,
B3 ATAS,Pipa acrylic 12mm-16mm,December 2025,-,2.58,0.0,0.0,,,,,METER,2.58,2.58,2.58,0.0,,,AMAN,
B3,"SELANG HIDROLIK 3/8"" FORKLIFT",December 2025,-,0.0,0.0,0.0,,,,,PCE,0.0,0.0,0.0,0.0,,,STOK HABIS / RE-ORDER,
B12,"SELANG HIDROLIK1/2""X114 FORKLIFT",December 2025,-,0.0,0.0,0.0,,,,,PCE,1.0,0.0,0.0,-1.0,,,STOK HABIS / RE-ORDER,
B3,KABEL STRINGKING 6MM,December 2025,-,1.4000000000000001,0.0,0.0,,,,,METER,1.4000000000000001,1.4000000000000001,1.4000000000000001,0.0,,,AMAN,
B3,KABEL STRINGKING 12MM,December 2025,-,4.399999999999999,0.0,0.0,,,,,METER,4.399999999999999,4.399999999999999,4.399999999999999,0.0,,,AMAN,
B3,KABEL STRINGKING 4MM,December 2025,-,10.4,0.0,0.0,,,,,METER,10.4,10.4,10.4,0.0,,,AMAN,
B3,KABEL STRINGKING 30MM,December 2025,-,0.0,0.0,0.0,,,,,METER,0.0,0.0,0.0,0.0,,,STOK HABIS / RE-ORDER,
B3,KABEL STRINGKING 70MM,December 2025,-,4.0,0.0,0.0,,,,,METER,4.0,4.0,4.0,0.0,,,AMAN,
B3,STRINGKING KABEL  D=20MM,December 2025,-,3.3,0.0,0.0,,,,,METER,3.5,3.3,3.3,-0.20000000000000018,,,AMAN,
B3,KABEL STRINGKING D=40MM,December 2025,-,1.5,0.0,0.0,,,,,METER,1.5,1.5,1.5,0.0,,,AMAN,
B4,ADAPTER AIR SUPPLY SHAFT SPINDLE SML DEUBLIN,December 2025,-,16.0,0.0,0.0,,,,,PCE       ,16.0,16.0,16.0,0.0,,,AMAN,
B4,MAINTENANCE KIT EP1,December 2025,-,0.0,0.0,0.0,,,,,PCE       ,0.0,0.0,0.0,0.0,,,STOK HABIS / RE-ORDER,
B4,SILINDER IMI RA192050m /100 J16/SG,December 2025,-,2.0,0.0,0.0,,,,,PCE       ,2.0,2.0,2.0,0.0,,,AMAN,
B4,RRR HIDRO PNEUMATIC model DNC 32-180,December 2025,-,0.0,0.0,0.0,,,,,PCE       ,0.0,0.0,0.0,0.0,,,STOK HABIS / RE-ORDER,
B4,PNEUMATIC PT ADNZ0-50-A-PA,December 2025,-,1.0,0.0,0.0,,,,,PCE       ,1.0,1.0,1.0,0.0,,,AMAN,
B4,IMI  NORGREN PRA/182050 /x2/260 cylinder auxilary repair,December 2025,-,0.0,0.0,0.0,,,,,PCE       ,0.0,0.0,0.0,0.0,,,STOK HABIS / RE-ORDER,
B4,CYLINDER PNEUMATIC  NF PA D=50MM-260MM S,December 2025,-,0.0,0.0,0.0,,,,,PCE       ,0.0,0.0,0.0,0.0,,,STOK HABIS / RE-ORDER,
B4,MAGNETIC AIR CYLINDER PI CDQ2A 32X30 D,December 2025,-,3.0,0.0,0.0,,,,,PCE       ,3.0,3.0,3.0,0.0,,,AMAN,
B4,MAGNETIC AIR CYLINDER 25X20 STOPER CORE SML 1-5,December 2025,-,2.0,0.0,0.0,,,,,PCE       ,2.0,2.0,2.0,0.0,,,AMAN,
B4,MAGNETIC AIR CYLINDER RA/192020/M/25 CYL DIA 20MMX25MM C/W MAG NORGREN,December 2025,-,1.0,0.0,0.0,,,,,PCE       ,1.0,1.0,1.0,0.0,,,AMAN,
B4,RA/192020/M/50 CYLINDER NORGEN,December 2025,-,1.0,0.0,0.0,,,,,PCE       ,1.0,1.0,1.0,0.0,,,AMAN,
B4,QM/192020/00 SEAL KIT CYL,December 2025,-,0.0,0.0,0.0,,,,,SET,0.0,0.0,0.0,0.0,,,STOK HABIS / RE-ORDER,
B4,SILINDER IMI norgren M/140616/M/120,December 2025,-,0.0,8176250.0,0.0,,,,,PCE       ,0.0,0.0,0.0,0.0,,,STOK HABIS / RE-ORDER,
B4,SILINDER IMI NORGREN M/140616/M/120,December 2025,-,0.0,8176250.0,0.0,,,,,PCE       ,0.0,0.0,0.0,0.0,,,STOK HABIS / RE-ORDER,
B4,M/146016/M/120RODLES DIA 16MMX120MM,December 2025,-,1.0,0.0,0.0,,,,,PCE       ,1.0,1.0,1.0,0.0,,,AMAN,
B4,V61B611A-A213J SELENOID VALVE NORGREN,December 2025,-,0.0,0.0,0.0,,,,,PCE       ,0.0,0.0,0.0,0.0,,,STOK HABIS / RE-ORDER,
B4,SELENOID VALVE NORGREN V61B513A-A213J,December 2025,-,1.0,0.0,0.0,,,,,PCE       ,1.0,1.0,1.0,0.0,,,AMAN,
B4,V61B611A-A213J SELENOID VALVE NORGREN REPAIR,December 2025,-,1.0,0.0,0.0,,,,,PCE       ,1.0,1.0,1.0,0.0,,,AMAN,
B4,SELENOID VALVE NORGREN V61B513A-A213J REPAIR,December 2025,-,1.0,0.0,0.0,,,,,PCE       ,1.0,1.0,1.0,0.0,,,AMAN,
B4,DANFOSS (therm Exp. Valve element R407) 067G3240 TEZ 55,December 2025,-,0.0,0.0,0.0,,,,067G3240,PCE       ,0.0,0.0,0.0,0.0,,,STOK HABIS / RE-ORDER,
B4,DANFOSS 067G2710,December 2025,-,0.0,0.0,0.0,,,,067G2710,PCE       ,0.0,0.0,0.0,0.0,,,STOK HABIS / RE-ORDER,
B4,DANFOSS THERM EXP  Univ Body 067G4003 (Membran Valve Chiller),December 2025,-,1.0,0.0,0.0,,,,,PCE       ,1.0,1.0,1.0,0.0,,,AMAN,
B4,Tekiro Air Die Grinder,December 2025,-,1.0,0.0,0.0,,,,,PCE       ,1.0,1.0,1.0,0.0,,,AMAN,
B4,IMPAC TEKIRO,December 2025,-,0.0,0.0,0.0,,,,,PCE       ,0.0,0.0,0.0,0.0,,,STOK HABIS / RE-ORDER,
B4,PNEUMATIC e.mc ELEKTRIK CHECK VALVE 1 1/2 VALVE 220V,December 2025,-,0.0,0.0,0.0,,,,,PCE       ,0.0,0.0,0.0,0.0,,,STOK HABIS / RE-ORDER,
B4,SELENOID VALVE E.MC VX2120-10E2,December 2025,-,2.0,0.0,0.0,,,,,PCE       ,2.0,2.0,2.0,0.0,,,AMAN,
B4,SELENOID EMC COIL 24 DC VX2120-08E4,December 2025,-,2.0,0.0,0.0,,,,,PCE       ,2.0,2.0,2.0,0.0,,,AMAN,
B4,"SELENOID VALVE 1/2"" 220V VX2120-15E2",December 2025,-,1.0,0.0,0.0,,,,,PCE,1.0,1.0,1.0,0.0,,,AMAN,
B4,PNEUMATIC ESOP AW4000-06 BG,December 2025,-,0.0,0.0,0.0,,,,,PCE       ,0.0,0.0,0.0,0.0,,,STOK HABIS / RE-ORDER,
B4,SELENOID CEME 1/4 24DC WITH SOCKET,December 2025,-,0.0,0.0,0.0,,,,,SET,0.0,0.0,0.0,0.0,,,STOK HABIS / RE-ORDER,
B4,PNEUMATIC E.MC EF4000-04 D,December 2025,-,1.0,0.0,0.0,,,,,PCE       ,1.0,1.0,1.0,0.0,,,AMAN,
B4,Pneumatic componenet merk E.MC VX2120-08E2 (valve) ,December 2025,-,2.0,0.0,0.0,,,,,PCE       ,2.0,2.0,2.0,0.0,,,AMAN,
B4,HIDRO PNEUMATIC C20 A3 25-DM/RRR series 454k IAL 2025,December 2025,-,3.0,0.0,0.0,,,,,PCE       ,3.0,3.0,3.0,0.0,,,AMAN,
B4,HIDRO PNEUMATIC RRR series 454k untuk mc DS 6x19,December 2025,-,2.0,0.0,0.0,,,,,PCE       ,2.0,2.0,2.0,0.0,,,AMAN,
B4,REGULATOR AR 2000-02 pneumetic component,December 2025,-,0.0,0.0,0.0,,,,,PCE       ,0.0,0.0,0.0,0.0,,,STOK HABIS / RE-ORDER,
B4,FLOW REGULATOR T1000C2800 IMI NORGREN,December 2025,-,2.0,0.0,0.0,,,,,PCE       ,2.0,2.0,2.0,0.0,,,AMAN,
B4,COLLER PANEL N1  MC EREMA SML,December 2025,-,1.0,0.0,0.0,,,,,PCE,1.0,1.0,1.0,0.0,,,AMAN,
B4,SLIM CYLINDER SERIUS ISO9001-2008 mc arvor,December 2025,-,0.0,0.0,0.0,,,,,PCS,0.0,0.0,0.0,0.0,,,STOK HABIS / RE-ORDER,
B4,SILINDER SINGLE 25X50 VACUM RESIN DS,December 2025,-,1.0,0.0,0.0,,,,,PCS,2.0,1.0,1.0,-1.0,,,AMAN,
B4,SILINDER DOUBLE 16X50 DOSING SML 1,December 2025,-,1.0,0.0,0.0,,,,,PCS,2.0,1.0,1.0,-1.0,,,AMAN,
B4,SILINDER STNC /PNEUMATIC TGD40X100-S MC SML 1,December 2025,-,2.0,0.0,0.0,,,,,PCS,2.0,2.0,2.0,0.0,,,AMAN,
B4,SYLINDER CDM2B32-75 UNTUK MC POTONG CORE,December 2025,-,0.0,0.0,0.0,,,,,PCE,0.0,0.0,0.0,0.0,,,STOK HABIS / RE-ORDER,
B4,SILINDER CDM2B40-75Z,December 2025,-,2.0,0.0,0.0,,,,,PCE,2.0,2.0,2.0,0.0,,,AMAN,
B4,SYLINDER CDM2B25-50 UNTUK VACUM DOSING SML1,December 2025,-,1.0,0.0,0.0,,,,,PCE,1.0,1.0,1.0,0.0,,,AMAN,
B4,AIR CYLINDER SMC CDM 25-75Z,December 2025,-,0.0,0.0,0.0,,,,,PCE,0.0,0.0,0.0,0.0,,,STOK HABIS / RE-ORDER,
B4,RRR PNEUMATIC MAGNETIK DNC-32-160-PPV-A 163311 P MAX 12 BAR,December 2025,-,2.0,0.0,0.0,,,,,PCE,2.0,2.0,2.0,0.0,,,AMAN,
B4,SILINDER PNEUMATIK REWINDER D=56X60+D=56X29MM+AS+BAUT,December 2025,-,0.0,0.0,0.0,,,,,SET,0.0,0.0,0.0,0.0,,,STOK HABIS / RE-ORDER,
B4,SILINDER CAMOZZI 24N2A25A050/RRR/25x50-S,December 2025,-,2.0,0.0,0.0,,,,,PCE,3.0,2.0,2.0,-1.0,,,AMAN,
B4,SILINDER DSM 50X260 RRR,December 2025,-,0.0,0.0,0.0,,,,,PCE,0.0,0.0,0.0,0.0,,,STOK HABIS / RE-ORDER,
B4,AIR CYLINDER D=50X75MM,December 2025,-,0.0,0.0,0.0,,,,,PCE,0.0,0.0,0.0,0.0,,,STOK HABIS / RE-ORDER,
B4,PRESSURE SWITCH PM-5/OTOMATIS POMPA,December 2025,-,0.0,0.0,0.0,,,,,PCE,0.0,0.0,0.0,0.0,,,STOK HABIS / RE-ORDER,
B4,SILINDER AUXILARY DNC 50X260(NEW),December 2025,-,0.0,0.0,0.0,,,,,PCE,0.0,0.0,0.0,0.0,,,STOK HABIS / RE-ORDER,
B4,SILINDER ANGIN REWINDER,December 2025,-,0.0,0.0,0.0,,,,,PCE,0.0,0.0,0.0,0.0,,,STOK HABIS / RE-ORDER,
B4,REGULATOR AR-2000 AIR TAC,December 2025,-,2.0,0.0,0.0,,,,,PCE,2.0,2.0,2.0,0.0,,,AMAN,
B4,SELENOID AS VALVE SY5140-1DZE(SY5V840 ,December 2025,-,0.0,0.0,0.0,,,,,PCE,0.0,0.0,0.0,0.0,,,STOK HABIS / RE-ORDER,
B4,SELENOID VALVE SMC SY5120-4LZD-01,December 2025,-,3.0,0.0,0.0,,,,,PCE,3.0,3.0,3.0,0.0,,,AMAN,
B4,COIL SELENOID D=10MM 110V,December 2025,-,2.0,0.0,0.0,,,,,PCE,2.0,2.0,2.0,0.0,,,AMAN,
B4,"RRR PNEUMATIC CDG1BH32-150 PMAX 1,0 Mpa PRESTRECH",December 2025,-,0.0,0.0,0.0,,,,,PCE,0.0,0.0,0.0,0.0,,,STOK HABIS / RE-ORDER,
B4,SILINDER 70X40,December 2025,-,0.0,0.0,0.0,,,,,PCE,0.0,0.0,0.0,0.0,,,STOK HABIS / RE-ORDER,
B4,SILINDER MODEL CDM2B 40X75 SR,December 2025,-,0.0,0.0,0.0,,,,,PCE,0.0,0.0,0.0,0.0,,,STOK HABIS / RE-ORDER,
B4,CYLINDER  PARKER 02.00 CCB4MA6414AC 4.000 REPAIR,December 2025,-,0.0,0.0,0.0,,,,,PCE,0.0,0.0,0.0,0.0,,,STOK HABIS / RE-ORDER,
B4,FESTO VRPA-CM Q 6-E SELENOID NR-20,December 2025,-,2.0,0.0,0.0,,,,,PCE,2.0,2.0,2.0,0.0,,,AMAN,
B4,CYLINDER PNEUMATIC MMA32X180-S PI,December 2025,-,2.0,0.0,0.0,,,,,PCE,2.0,2.0,2.0,0.0,,,AMAN,
B4,CYLINDER 24MMX240MM BLOWN 2,December 2025,-,1.0,0.0,0.0,,,,,PCE,1.0,1.0,1.0,0.0,,,AMAN,
B4,AIR CYLINDER D=32MMX50 PI,December 2025,-,0.0,0.0,0.0,,,,,PCE,0.0,0.0,0.0,0.0,,,STOK HABIS / RE-ORDER,
B4,BREAKET SENSOR,December 2025,-,4.0,0.0,0.0,,,,,PCE,4.0,4.0,4.0,0.0,,,AMAN,
B4,SELENOID VALVE,December 2025,-,0.0,0.0,0.0,,,,,PCE,0.0,0.0,0.0,0.0,,,STOK HABIS / RE-ORDER,
B4,CYLINDER EXENTRIC REPAIR SML,December 2025,-,0.0,0.0,0.0,,,,,PCE,0.0,0.0,0.0,0.0,,,STOK HABIS / RE-ORDER,
B4,CYLINDER RA/192050/M/100 0923/NJ,December 2025,-,0.0,0.0,0.0,,,,,PCE,0.0,0.0,0.0,0.0,,,STOK HABIS / RE-ORDER,
B4,CYLINDER RM/192050/M/100 J17DD (REPAIR),December 2025,-,1.0,0.0,0.0,,,,,PCE,1.0,1.0,1.0,0.0,,,AMAN,
B4,CYLINDER C/W RA/192050/M/100,December 2025,-,2.0,0.0,0.0,,,,,PCE,2.0,2.0,2.0,0.0,,,AMAN,
B4,CYLINDER D=63MMX145MM NOGREN PRA/802063/M/145 CYLINDER CONTACK ROLLER,December 2025,-,0.0,0.0,0.0,,,,,PCE,0.0,0.0,0.0,0.0,,,STOK HABIS / RE-ORDER,
B4,CYLINDER D=63MMX145MM NOGREN PRA/182063/M/145 CYLINDER CONTACK ROLLER REPAIR,December 2025,-,1.0,0.0,0.0,,,,,PCE,1.0,1.0,1.0,0.0,,,AMAN,
B4,CYLINDER REWINDER D=32X50 PI,December 2025,-,2.0,0.0,0.0,,,,,PCE,2.0,2.0,2.0,0.0,,,AMAN,
B4,AIR CYLINDER CDG1BN32-150Z SMC MC PRESTRECH,December 2025,-,1.0,0.0,0.0,,,,,PCE,1.0,1.0,1.0,0.0,,,AMAN,
B4,SEAL KIT NOGREN QA/8050/X2/00 AUXILARY,December 2025,-,1.0,0.0,0.0,,,,,SET,1.0,1.0,1.0,0.0,,,AMAN,
B4,SEAL KIT NOGREN QA/8050/X2/00 AUXILARY,December 2025,-,0.0,0.0,0.0,,,,,SET,0.0,0.0,0.0,0.0,,,STOK HABIS / RE-ORDER,
B4,CYLINDER PRA/182050/M/195 CYLINDER CUTTING(REPAIR),December 2025,-,2.0,0.0,0.0,,,,,PCE,3.0,2.0,2.0,-1.0,,,AMAN,
B4,CYLINDER PRA/182050/M/195 CYLINDER CUTTING,December 2025,-,0.0,0.0,0.0,,,,,PCE,0.0,0.0,0.0,0.0,,,STOK HABIS / RE-ORDER,
B4,SEAL KIT NOGREN QA/8050/00 CYLINDER CUTTING,December 2025,-,0.0,0.0,0.0,,,,,SET,1.0,0.0,0.0,-1.0,,,STOK HABIS / RE-ORDER,
B4,CYLINDER RA/192063/M/95 SPINDLE SML,December 2025,-,2.0,0.0,0.0,,,,,PCE,2.0,2.0,2.0,0.0,,,AMAN,
B4,SEAL KIT RA/192063/M/95 SPINDLE SML,December 2025,-,4.0,0.0,0.0,,,,,SET,4.0,4.0,4.0,0.0,,,AMAN,
(B4),Nepel angin L uk6 cnth no.10,December 2025,-,0.0,0.0,0.0,,,,,PCE,0.0,0.0,0.0,0.0,,,STOK HABIS / RE-ORDER,
(B4),Nepel angin bntk Y diameter 6mm cnth.no8,December 2025,-,0.0,0.0,0.0,,,,,PCE,0.0,0.0,0.0,0.0,,,STOK HABIS / RE-ORDER,
(B4),Nepel angin sambungan bntk I uk 6 cnth.no 6,December 2025,-,0.0,0.0,0.0,,,,,PCE,0.0,0.0,0.0,0.0,,,STOK HABIS / RE-ORDER,
(B4),Nepel angin Baut ujung  uk6 x 1/4 drad dalam cnth.no4,December 2025,-,0.0,0.0,0.0,,,,,PCE,0.0,0.0,0.0,0.0,,,STOK HABIS / RE-ORDER,
(B4),Nepel angin T uk 6,December 2025,-,0.0,0.0,0.0,,,,,PCE,0.0,0.0,0.0,0.0,,,STOK HABIS / RE-ORDER,
(B4),"Nepel angin OUT sped control uk6 x 1/8,cnth no.7",December 2025,-,0.0,0.0,0.0,,,,,PCE,0.0,0.0,0.0,0.0,,,STOK HABIS / RE-ORDER,
B5,"ROLLER KUGEIROLLE OTSP 82,BEARING OSCILATING FRAME impor",December 2025,-,0.0,0.0,0.0,,,,65000040,PCE       ,0.0,0.0,0.0,0.0,,,STOK HABIS / RE-ORDER,
(C15),IDLE ROLLER CONTACT ROLL(Pinggiran/tepi Contact roller),December 2025,-,1.0,0.0,0.0,,,,,PCE       ,1.0,1.0,1.0,0.0,,,AMAN,
(C15),As Pulley core Pusher SML 2-5,December 2025,-,1.0,0.0,0.0,,,,,PCE       ,1.0,1.0,1.0,0.0,,,AMAN,
(C15),Pulley core pusher SML 2-5 28 MATA,December 2025,-,1.0,0.0,0.0,,,,,PCE       ,1.0,1.0,1.0,0.0,,,AMAN,
(C15),PULLY L100-26 UNTUK REWINDER,December 2025,-,2.0,0.0,0.0,,,,,PCS,2.0,2.0,2.0,0.0,,,AMAN,
D2,PER TARIK ,December 2025,-,3.0,0.0,0.0,,,,,PCS,3.0,3.0,3.0,0.0,,,AMAN,
B4,SILLINDER 802 ISP SML(RM20-125 series:454K) CORE PUSHER SML,December 2025,-,3.0,0.0,0.0,,,,,PCE,3.0,3.0,3.0,0.0,,,AMAN,
D1,"DISTANCE BLOCK PUSHER SML  2""",December 2025,-,1.0,0.0,0.0,,,,,PCE,1.0,1.0,1.0,0.0,,,AMAN,
D1,"DISTANCE BLOCK PUSHER SML  2,5""",December 2025,-,4.0,0.0,0.0,,,,,PCE,4.0,4.0,4.0,0.0,,,AMAN,
B5,KAWAT SILUER LAS UNTUK CHILLER SILVER(WARNA KUNING),December 2025,-,1.0,0.0,0.0,,,,,PCE,1.0,1.0,1.0,0.0,,,AMAN,
B5,KAWAT SILUER LAS UNTUK CHILLER KUNINGAN(TEMBAGA),December 2025,-,17.0,0.0,0.0,,,,,PCE,17.0,17.0,17.0,0.0,,,AMAN,
B5,PULLEY PRESSTRECH 82 GEAR,December 2025,-,0.0,0.0,0.0,,,,,PCS,0.0,0.0,0.0,0.0,,,STOK HABIS / RE-ORDER,
B5,PULLEY PRESSTRECH 72 GEAR,December 2025,-,0.0,0.0,0.0,,,,,PCS,0.0,0.0,0.0,0.0,,,STOK HABIS / RE-ORDER,
B5,PULLY 103,December 2025,-,0.0,0.0,0.0,,,,,PCE,0.0,0.0,0.0,0.0,,,STOK HABIS / RE-ORDER,
B5,PULLY 104,December 2025,-,0.0,0.0,0.0,,,,,PCE,0.0,0.0,0.0,0.0,,,STOK HABIS / RE-ORDER,
B5,Selang Oli Fleksibel KLEBER & NANKAI,December 2025,-,10.0,0.0,0.0,,,,,PCE,7.0,10.0,10.0,3.0,,,AMAN,
B5,"FLEXIBLE HOSE ONDA 1/2""X25CM",December 2025,-,1.0,0.0,0.0,,,,,PCE,1.0,1.0,1.0,0.0,,,AMAN,
B5,MATA GERINDA POLES NIPPON RESIBON spec A24S 100x6x16 (WD),December 2025,-,6.0,0.0,0.0,,,,,PCE,2.0,6.0,6.0,4.0,,,AMAN,
B5,"MATA GERINDA POTONG 4 "" A 46 S 105x2x16mm ",December 2025,-,0.0,0.0,0.0,,,,,PACK,0.0,0.0,0.0,0.0,,,STOK HABIS / RE-ORDER,
B5,"MATA GERINDA CUTTING WHEEL 105X1,2X16MM",December 2025,-,18.0,0.0,0.0,,,,,PCE,17.0,18.0,18.0,1.0,,,AMAN,
B5,"MATA GERINDA AMPELAS 4"" A150 CAMEL(A80)",December 2025,-,1.0,0.0,0.0,,,,,PCE,1.0,1.0,1.0,0.0,,,AMAN,
B5,KUNCI BOR,December 2025,-,0.0,0.0,0.0,,,,,PCE,0.0,0.0,0.0,0.0,,,STOK HABIS / RE-ORDER,
B5,PRESSURE SWITCH JETPUMP SAN-EI,December 2025,-,1.0,0.0,0.0,,,,,PCE,1.0,1.0,1.0,0.0,,,AMAN,
B5,WATER PUMP YAMANO WP-104 MC NOZAKI,December 2025,-,0.0,0.0,0.0,,,,,PCE,1.0,0.0,0.0,-1.0,,,STOK HABIS / RE-ORDER,
B5,"MATA GERGAJI BESI 12""X300MM ",December 2025,-,1.0,0.0,0.0,,,,,PCE,2.0,1.0,1.0,-1.0,,,AMAN,
B5,LEM BESI DEXTONE,December 2025,-,1.0,0.0,0.0,,,,,SET,2.0,1.0,1.0,-1.0,,,AMAN,
B5,LEM RU GLUE PARALON,December 2025,-,0.0,0.0,0.0,,,,,PCE,0.0,0.0,0.0,0.0,,,STOK HABIS / RE-ORDER,
B5,KAWAT LAS ANCURAN,December 2025,-,0.0,0.0,0.0,,,,,KG,0.0,0.0,0.0,0.0,,,STOK HABIS / RE-ORDER,
B5,ELBOW TEMBAGA 10MM,December 2025,-,0.0,0.0,0.0,,,,,PCE,0.0,0.0,0.0,0.0,,,STOK HABIS / RE-ORDER,
B5,SOCK TEMBAGA KAPILER 10MM,December 2025,-,0.0,0.0,0.0,,,,,PCE,0.0,0.0,0.0,0.0,,,STOK HABIS / RE-ORDER,
B5,Filter Drier Sporlan RC-4864 (RCA-48 filter freon chiller)D-48,December 2025,-,4.0,0.0,0.0,,,,,PCE,4.0,4.0,4.0,0.0,,,AMAN,
B5,Filter Drier Danfos  DCR 0485 (Filter Freon Chiller),December 2025,-,0.0,0.0,0.0,,,,,PCE,0.0,0.0,0.0,0.0,,,STOK HABIS / RE-ORDER,
B5,Kluber Unisilikon TK M 1011,December 2025,-,2.0,0.0,0.0,,,,,PCE,2.0,2.0,2.0,0.0,,,AMAN,
B5,GREASE BARRIETAL 55/2,December 2025,-,0.0,0.0,0.0,,,,,PCE,1.0,0.0,0.0,-1.0,,,STOK HABIS / RE-ORDER,
B5,SILICONE RUBBER,December 2025,-,2.0,0.0,0.0,,,,,PCE,3.0,2.0,2.0,-1.0,,,AMAN,
B5,NITTO PVC INSULATION tape 3/4' 25M,December 2025,-,5.0,0.0,0.0,,,,,PCE,4.0,5.0,5.0,1.0,,,AMAN,
B5,RUBING COMPOUN,December 2025,-,2.0,0.0,0.0,,,,,PCE,2.0,2.0,2.0,0.0,,,AMAN,
B5,WD-40,December 2025,-,1.0,0.0,0.0,,,,,PCE,0.0,1.0,1.0,1.0,,,AMAN,
B5,CARB CLEANER BURGARI,December 2025,-,0.0,0.0,0.0,,,,,PCE,0.0,0.0,0.0,0.0,,,STOK HABIS / RE-ORDER,
B5,INSULATING VARNISH,December 2025,-,1.0,0.0,0.0,,,,,PCE,1.0,1.0,1.0,0.0,,,AMAN,
B5,PRETONE BELT DRESSING,December 2025,-,1.0,0.0,0.0,,,,,PCE,1.0,1.0,1.0,0.0,,,AMAN,
B5,Ampelas halus CC 400 Cw,December 2025,-,0.0,0.0,0.0,,,,,PCE,0.0,0.0,0.0,0.0,,,STOK HABIS / RE-ORDER,
B5,AMPELAS 400CW,December 2025,-,5.999999999999998,0.0,0.0,,,,,METER,0.29999999999999805,5.999999999999998,5.999999999999998,5.7,,,AMAN,
B5,AMPELAS 240,December 2025,-,0.0,0.0,0.0,,,,,METER,0.0,0.0,0.0,0.0,,,STOK HABIS / RE-ORDER,
B5,AMPELAS 500 CC/CW,December 2025,-,0.0,0.0,0.0,,,,,PCE,3.0,0.0,0.0,-3.0,,,STOK HABIS / RE-ORDER,
B5,AMPELAS CC 1000 CW,December 2025,-,9.0,0.0,0.0,,,,,PCE,9.0,9.0,9.0,0.0,,,AMAN,
B5,Ampelas kasar P 120 10cmx1m,December 2025,-,0.0,0.0,0.0,,,,,METER,0.0,0.0,0.0,0.0,,,STOK HABIS / RE-ORDER,
B5,Viscoltex locher paste 250g netto,December 2025,-,0.0,0.0,0.0,,,,,PCE,0.0,0.0,0.0,0.0,,,STOK HABIS / RE-ORDER,
B5,SISTA pu froam M525 multipurpose foam 750ml,December 2025,-,0.0,0.0,0.0,,,,,PCE,0.0,0.0,0.0,0.0,,,STOK HABIS / RE-ORDER,
B5,Bremsen reiniger brake cleaner 500ml,December 2025,-,2.0,0.0,0.0,,,,,PCE,2.0,2.0,2.0,0.0,,,AMAN,
B5,ISARPLAS super 400g,December 2025,-,0.0,0.0,0.0,,,,,PCE,0.0,0.0,0.0,0.0,,,STOK HABIS / RE-ORDER,
B5,MONTEX experten als patner scneidol 400 ml,December 2025,-,0.0,0.0,0.0,,,,,PCE,0.0,0.0,0.0,0.0,,,STOK HABIS / RE-ORDER,
B5,Molykote G RABID  400ml 61809852,December 2025,-,1.0,0.0,0.0,,,,,PCE,1.0,1.0,1.0,0.0,,,AMAN,
B5,Bostik never seez pure nickel ,December 2025,-,0.0,0.0,0.0,,,,,PCE,0.0,0.0,0.0,0.0,,,STOK HABIS / RE-ORDER,
B5,AUTOSOL (pembersih logam),December 2025,-,0.0,0.0,0.0,,,,,PCE,0.0,0.0,0.0,0.0,,,STOK HABIS / RE-ORDER,
B5,THREE BON SILICONE RED,December 2025,-,0.0,0.0,0.0,,,,,PCE,0.0,0.0,0.0,0.0,,,STOK HABIS / RE-ORDER,
B5,THREE BON SILICONE PUTIH,December 2025,-,0.0,0.0,0.0,,,,,PCE,0.0,0.0,0.0,0.0,,,STOK HABIS / RE-ORDER,
B5,GASKET THREEBOND 1104 ECO,December 2025,-,1.0,0.0,0.0,,,,,PCE,1.0,1.0,1.0,0.0,,,AMAN,
B5,PORFIX/ HARFIC,December 2025,-,0.0,0.0,0.0,,,,,PCE,0.0,0.0,0.0,0.0,,,STOK HABIS / RE-ORDER,
B5,AMPELAS 180,December 2025,-,0.0,0.0,0.0,,,,,METER,0.0,0.0,0.0,0.0,,,STOK HABIS / RE-ORDER,
B5,AMPELAS 80,December 2025,-,1.5,0.0,0.0,,,,,METER,1.5,1.5,1.5,0.0,,,AMAN,
B5,SAN POLAC POLYESTER 1KG(DEMPUL),December 2025,-,0.0,0.0,0.0,,,,,PCE,0.0,0.0,0.0,0.0,,,STOK HABIS / RE-ORDER,
B5,ISAMU,December 2025,-,0.0,0.0,0.0,,,,,KG,1.0,0.0,0.0,-1.0,,,STOK HABIS / RE-ORDER,
B5,AMPELAS 100,December 2025,-,2.6999999999999993,0.0,0.0,,,,,METER,0.5999999999999992,2.6999999999999993,2.6999999999999993,2.1,,,AMAN,
B5,AMPELAS AA320,December 2025,-,0.0,0.0,0.0,,,,,METER,0.0,0.0,0.0,0.0,,,STOK HABIS / RE-ORDER,
B5,TAP MATIC DUAL ACTION (PLUS CUTTING FLUID),December 2025,-,1.0,0.0,0.0,,,,,PCE,1.0,1.0,1.0,0.0,,,AMAN,
B5,LEM FOX,December 2025,-,0.0,0.0,0.0,,,,,KG,0.0,0.0,0.0,0.0,,,STOK HABIS / RE-ORDER,
B5,INSULAX,December 2025,-,0.0,0.0,0.0,,,,,PCE,0.0,0.0,0.0,0.0,,,STOK HABIS / RE-ORDER,
B6,"SHIHLIN SC3 2,2 KW 440V 3 PHASE SERVISAN",December 2025,-,0.0,0.0,0.0,,,,,SET,0.0,0.0,0.0,0.0,,,STOK HABIS / RE-ORDER,
C13,Mater Rem Tromol Forklift,December 2025,-,1.0,0.0,0.0,,,,,PCE       ,1.0,1.0,1.0,0.0,,,AMAN,
B6,"KAWAT HEATER 2,5 (0,3X3MM) SEAL MANUAL",December 2025,-,198.4,0.0,0.0,,,,,METER,198.4,198.4,198.4,0.0,,,AMAN,
B6,"SOLASI HEATER 1""",December 2025,-,5.0,0.0,0.0,,,,,ROLL,8.0,5.0,5.0,-3.0,,,AMAN,
B6,"SOLASI HEATER 2""",December 2025,-,0.0,0.0,0.0,,,,,ROLL,0.0,0.0,0.0,0.0,,,STOK HABIS / RE-ORDER,
B6,KAWAT HEATER MC NAUTILUS,December 2025,-,17.370000000000005,0.0,0.0,,,,,METER,20.970000000000002,17.370000000000005,17.370000000000005,-3.599999999999998,,,AMAN,
B6,ISOLASI TAHAN PANAS ARUS LISTRIK,December 2025,-,0.0,0.0,0.0,,,,,ROLL,0.0,0.0,0.0,0.0,,,STOK HABIS / RE-ORDER,
B6,7001 EXPANDING PIECE(RUBBER) KARET SPINDLE SML1,December 2025,-,0.0,161670.0,0.0,,,,,PCE,0.0,0.0,0.0,0.0,,,STOK HABIS / RE-ORDER,
B6,ALUMINIUM HOUSED WIREWOUND RESISTOR MPN:ASZ6030-500W200RJ,December 2025,-,1.0,0.0,0.0,,,,,PCE,1.0,1.0,1.0,0.0,,,AMAN,
B6,Belt Mesin Wrapping/lantech,December 2025,-,2.0,0.0,0.0,,,,,ROLL,2.0,2.0,2.0,0.0,,,AMAN,
B6,PU SEAL ORING PLETIZER diameter 7 mm ( mesin ngr),December 2025,-,0.0,0.0,0.0,,,,,METER,0.0,0.0,0.0,0.0,,,STOK HABIS / RE-ORDER,
B6,"ORING VITON 7MMX36,2CM MC NGR",December 2025,-,6.0,0.0,0.0,,,,,PCE,6.0,6.0,6.0,0.0,,,AMAN,
B6,RUBBER SEAL D=8MM,December 2025,-,1.0,0.0,0.0,,,,,METER,1.0,1.0,1.0,0.0,,,AMAN,
B6,RUBBER CONVEYER  BELT D= 12 mm E04 (orange),December 2025,-,11.080000000000005,0.0,0.0,,,,,METER,11.080000000000005,11.080000000000005,11.080000000000005,0.0,,,AMAN,
B6,"Belt Conveyor Core Mesin SML 3"" HITAM",December 2025,-,1.0,0.0,0.0,,,,,PCE,1.0,1.0,1.0,0.0,,,AMAN,
B6,SELANG EDGE PINGER MC SML(PINNER)8MM,December 2025,-,9.559999999999999,0.0,0.0,,,,,METER,11.02,9.559999999999999,9.559999999999999,-1.4600000000000009,,,AMAN,
B6,SELANG PINNER 6MM,December 2025,-,9.6,0.0,0.0,,,,,METER,9.6,9.6,9.6,0.0,,,AMAN,
B6,Van Belt Meja DS OPTIBELT LINER  L:3cm,December 2025,-,12.0,0.0,0.0,,,,,METER,12.0,12.0,12.0,0.0,,,AMAN,
B6,"Van Belt Meja DS OPTIBELT LINER  L:3,2cm 32AT10-ST",December 2025,-,9.5,0.0,0.0,,,,,METER,9.5,9.5,9.5,0.0,,,AMAN,
B6,Van Belt Meja OPTIBELT LINER  L:5cm,December 2025,-,0.0,0.0,0.0,,,,,METER,0.0,0.0,0.0,0.0,,,STOK HABIS / RE-ORDER,
B6,"Van Belt Meja  OPTIBELT LINER  L:4,9cm LIFTING TABLE ATAS SML1",December 2025,-,4.0,0.0,0.0,,,,,METER,4.0,4.0,4.0,0.0,,,AMAN,
B6,"TOOTH BELT PU PUTIH 5MX15MMX8,94M MC BC",December 2025,-,0.0,0.0,0.0,,,,,ROLL,0.0,0.0,0.0,0.0,,,STOK HABIS / RE-ORDER,
B6,TOOTH BELT 25AT10 SML1,December 2025,-,0.0,0.0,0.0,,,,,METER,0.0,0.0,0.0,0.0,,,STOK HABIS / RE-ORDER,
B6,TOOTH BELT 50AT50 SLIDER SML1 425X2 CORE PUSHER,December 2025,-,3.5999999999999996,0.0,0.0,,,,,METER,3.5999999999999996,3.5999999999999996,3.5999999999999996,0.0,,,AMAN,
B6,TOOTH BELT HTD8M-50MM L=50MMX P.565CM SML 2-5,December 2025,-,0.0,0.0,0.0,,,,,ROLL,0.0,0.0,0.0,0.0,,,STOK HABIS / RE-ORDER,
B6,TOOTH BELT 1040 CM PU PUTIH SUSU 520X2 (510cmx2) BELT SLIDER SML 2-5,December 2025,-,5.1,0.0,0.0,,,,,METER,5.1,5.1,5.1,0.0,,,AMAN,
B6,TOOTH BELT 450CM PU PUTIH SUSU 225X2 LIFT TABLE SML 2-5 ,December 2025,-,4.5,0.0,0.0,,,,,METER,4.5,4.5,4.5,0.0,,,AMAN,
B6,TOOTH BELT 215 CM PU PUTIH SML1 LIFT TABLE BAWAH,December 2025,-,0.0,0.0,0.0,,,,,METER,0.0,0.0,0.0,0.0,,,STOK HABIS / RE-ORDER,
B6,QUICK EXHAUST MAX 10 BAR,December 2025,-,1.0,0.0,0.0,,,,,PCE,1.0,1.0,1.0,0.0,,,AMAN,
B6,SEAL ASBES 7MMX 7MM,December 2025,-,1.94,0.0,0.0,,,,,METER,1.94,1.94,1.94,0.0,,,AMAN,
B6,"SEAL ASBES 2"" 1/8 (ASBES ISOLATOR)3MMX5CM",December 2025,-,0.0,0.0,0.0,,,,,ROLL,0.0,0.0,0.0,0.0,,,STOK HABIS / RE-ORDER,
C6,KABEL TIES 250,December 2025,-,0.0,0.0,0.0,,,,,SET,0.0,0.0,0.0,0.0,,,STOK HABIS / RE-ORDER,
C6,KABEL TIES 450,December 2025,-,0.0,0.0,0.0,,,,,SET,0.0,0.0,0.0,0.0,,,STOK HABIS / RE-ORDER,
B6,BELT CONVEYER SML1 ,December 2025,-,2.0,0.0,0.0,,,,,PCE,2.0,2.0,2.0,0.0,,,AMAN,
B6,KARET DUMPER  DLM 30MMXDLUX120MMXT.60MM,December 2025,-,5.0,0.0,0.0,,,,,PCE,5.0,5.0,5.0,0.0,,,AMAN,
B6,"KIPAS MOTOR  Y123-4,6",December 2025,-,1.0,0.0,0.0,,,,,PCE,1.0,1.0,1.0,0.0,,,AMAN,
B6,FAN MOTOR 1/2-112-2P NGR,December 2025,-,1.0,0.0,0.0,,,,,PCE,1.0,1.0,1.0,0.0,,,AMAN,
B6,KIPAS MOTOR D=AS 16MMXDLU126MM EREMA,December 2025,-,0.0,0.0,0.0,,,,,PCE,0.0,0.0,0.0,0.0,,,STOK HABIS / RE-ORDER,
B6,BELT CONVEYOR  2-5 4220X110X2MM,December 2025,-,4.0,0.0,0.0,,,,,PCE,4.0,4.0,4.0,0.0,,,AMAN,
B6,BUSA MERAH 108CMX4CMX10MM,December 2025,-,0.0,0.0,0.0,,,,,PCE,0.0,0.0,0.0,0.0,,,STOK HABIS / RE-ORDER,
B6,BUSA SILICONE MERAH 6MMX40MMX2M,December 2025,-,0.0,0.0,0.0,,,,,METER,0.0,0.0,0.0,0.0,,,STOK HABIS / RE-ORDER,
B6,POLYURITANE D=120MMXP.30CM MERAH,December 2025,-,0.0,0.0,0.0,,,,,PCE,0.0,0.0,0.0,0.0,,,STOK HABIS / RE-ORDER,
B6,BUSA SEALER 20X25X150,December 2025,-,0.0,0.0,0.0,,,,,PCE,0.0,0.0,0.0,0.0,,,STOK HABIS / RE-ORDER,
B7,"DRUCKREGELVENTIL 1/4""24VDC VP5006BJ111  PRESSURE CONTROL VALVE 62034681",December 2025,-,2.0,0.0,0.0,,,,62034681,PCE,2.0,2.0,2.0,0.0,,,AMAN,
B7,"FLOW METER DURCHFLUSSMESSER G6/4"" MIK-5NA-50-A-L343",December 2025,-,2.0,15288100.0,30576200.0,,,,,PCE,2.0,2.0,2.0,0.0,,,AMAN,
B7,"SMC E/P REGULATOR ITV 2030 04N3N4 INPUT 4-20MADC OUTPUT 0,7-70 PSI",December 2025,-,1.0,0.0,0.0,,,,,PCE,1.0,1.0,1.0,0.0,,,AMAN,
B7,"MAC VALVES,INC AIR DYNAMICS PTE LTD 92B-AAB-000-DM-DDAP-1DM",December 2025,-,0.0,0.0,0.0,,,,,PCE       ,0.0,0.0,0.0,0.0,,,STOK HABIS / RE-ORDER,
B7,"MAC SELENOID VALVE INTEK SYSTEMS,INC 45A-AA1-DDAA-1BA",December 2025,-,1.0,0.0,0.0,,,,,PCE       ,1.0,1.0,1.0,0.0,,,AMAN,
B7,PRESSURE PNEUMATIC MODEL :2W-025-08 DC24V MC DS,December 2025,-,2.0,0.0,0.0,,,,,PCE,2.0,2.0,2.0,0.0,,,AMAN,
B7,"SAFETY PRESSURE 1/2""",December 2025,-,0.0,0.0,0.0,,,,,PCE,0.0,0.0,0.0,0.0,,,STOK HABIS / RE-ORDER,
B7,SOCKET/CONECTOR CABLE SML1,December 2025,-,1.0,0.0,0.0,,,,,PCE,1.0,1.0,1.0,0.0,,,AMAN,
B7,AVIATION PLUG SML1,December 2025,-,1.0,0.0,0.0,,,,,PCE,1.0,1.0,1.0,0.0,,,AMAN,
B9,M-23 STD -0700-23 WASHER,December 2025,-,4.0,0.0,0.0,,,,,PCE,4.0,4.0,4.0,0.0,,,AMAN,
B9,M-24 WASHER 12258,December 2025,-,2.0,0.0,0.0,,,,,PCE       ,2.0,2.0,2.0,0.0,,,AMAN,
B9,A-0281-1624 FG  INSERT GASKET ,December 2025,-,8.0,0.0,0.0,,,,,PCE       ,8.0,8.0,8.0,0.0,,,AMAN,
B9,FG INSERT GASKET 0250-1,December 2025,-,6.0,0.0,0.0,,,,,PCE       ,6.0,6.0,6.0,0.0,,,AMAN,
(B7),BAUT M20x110,December 2025,-,0.0,0.0,0.0,,,,,PCE       ,0.0,0.0,0.0,0.0,,,STOK HABIS / RE-ORDER,
(B7),BAUT M 16X80,December 2025,-,0.0,0.0,0.0,,,,,PCE       ,0.0,0.0,0.0,0.0,,,STOK HABIS / RE-ORDER,
(B7),RING PLAT  D=30mm,December 2025,-,0.0,0.0,0.0,,,,,PCE       ,0.0,0.0,0.0,0.0,,,STOK HABIS / RE-ORDER,
B9,Tepi DIE Mesin /end plate gasket,December 2025,-,14.0,0.0,0.0,,,,,PCE,14.0,14.0,14.0,0.0,,,AMAN,
D2,STRIP HEATER 130x35 400w 62034345,December 2025,-,6.0,0.0,0.0,,,,62034345,PCE       ,6.0,6.0,6.0,0.0,,,AMAN,
D2,STRIP HEATER 80x110 500w 62026510 ,December 2025,-,6.0,0.0,0.0,,,,62026510,PCE       ,6.0,6.0,6.0,0.0,,,AMAN,
D2,STRIP HEATER 90x110 500w 62025993,December 2025,-,1.0,0.0,0.0,,,,,PCE       ,1.0,1.0,1.0,0.0,,,AMAN,
D2,STRIP HEATER 120x108 2800w 62005383,December 2025,-,3.0,0.0,0.0,,,,62005383,PCE       ,3.0,3.0,3.0,0.0,,,AMAN,
D2,STRIP HEATERr 170x50 750w 62027482,December 2025,-,2.0,0.0,0.0,,,,,PCE       ,2.0,2.0,2.0,0.0,,,AMAN,
D2,"STRIP HEATER315x25,5 240V 800 w",December 2025,-,1.0,0.0,0.0,,,,,PCE       ,1.0,1.0,1.0,0.0,,,AMAN,
D2,STRIP HEATER 150x63 2200w 62048895 NGR,December 2025,-,1.0,0.0,0.0,,,,62048895,PCE       ,1.0,1.0,1.0,0.0,,,AMAN,
D2,STRIP HEATER 270x51 2000w 6217522,December 2025,-,3.0,0.0,0.0,,,,6217522,PCE       ,3.0,3.0,3.0,0.0,,,AMAN,
B9,"Cartridge Heater 12,5x130 630w 62025086 stick heater",December 2025,-,1.0,0.0,0.0,,,,,PCE       ,1.0,1.0,1.0,0.0,,,AMAN,
B9,Heater Die 12258 407/1000 165 0hm 1000w CLOREN,December 2025,-,1.0,0.0,0.0,,,,,PCE       ,1.0,1.0,1.0,0.0,,,AMAN,
B9,Heater Die 12258 CH-0750900 407 500   400-415v 3300  500w 5136143,December 2025,-,1.0,0.0,0.0,,,,,PCE       ,1.0,1.0,1.0,0.0,,,AMAN,
B9,HEATER STICK B 0106 1663 CLOREN 140W-220V,December 2025,-,8.0,0.0,0.0,,,,,PCE       ,8.0,8.0,8.0,0.0,,,AMAN,
B9,HEATER STICK 12438 407v-500w  3300  500w,December 2025,-,1.0,0.0,0.0,,,,,PCE       ,1.0,1.0,1.0,0.0,,,AMAN,
B9,HEATER STICK 12438 407v/750w  2200  750w,December 2025,-,1.0,0.0,0.0,,,,,PCE       ,1.0,1.0,1.0,0.0,,,AMAN,
B9,HEATER STICK 12437 407v/500w  3300  500w,December 2025,-,1.0,0.0,0.0,,,,,PCE       ,1.0,1.0,1.0,0.0,,,AMAN,
B9,HEATER STICK 12437 407v/750w  2200  750 w,December 2025,-,1.0,0.0,0.0,,,,,PCE       ,1.0,1.0,1.0,0.0,,,AMAN,
B9,Heater 12437 415v/400w 1/2X4 1/4,December 2025,-,1.0,0.0,0.0,,,,,PCE       ,1.0,1.0,1.0,0.0,,,AMAN,
B9,Heater 12258 415v/400w 1/2X4 1/4,December 2025,-,0.0,0.0,0.0,,,,,PCE       ,0.0,0.0,0.0,0.0,,,STOK HABIS / RE-ORDER,
B9,"HEATER stick  415V/500W d=12,5x p=110   22309 LOKAL",December 2025,-,9.0,0.0,0.0,,,,,PCE       ,9.0,9.0,9.0,0.0,,,AMAN,
B9,Heater stick 12258 415v/1000w 1714 LL12LX13A,December 2025,-,1.0,0.0,0.0,,,,,PCE       ,1.0,1.0,1.0,0.0,,,AMAN,
B9,Screen Changer heater Ext B Mesin BC  IJ 01/19 208v  1400w,December 2025,-,2.0,0.0,0.0,,,,,PCE       ,2.0,2.0,2.0,0.0,,,AMAN,
B9," HEATER STICK mesin SML 1000w 415v diameter 12,5 mmx p 18 cm",December 2025,-,2.0,0.0,0.0,,,,,PCE       ,2.0,2.0,2.0,0.0,,,AMAN,
B9,HEATER STIK 19x307 208 2000W MC DS,December 2025,-,4.0,0.0,0.0,,,,,PCE       ,4.0,4.0,4.0,0.0,,,AMAN,
B9,HEATER STIK 10X405 06221 1200W MC NOZAKI,December 2025,-,2.0,0.0,0.0,,,,,PCE       ,2.0,2.0,2.0,0.0,,,AMAN,
D2,VALVE ADAPTER Ext C mesin BC (240  500 w) 350X170(ADNYA 260V 1200W),December 2025,-,3.0,0.0,0.0,,,,,PCE       ,3.0,3.0,3.0,0.0,,,AMAN,
D2,SCREEN FLANGE Ext D Mesin BC 240 v  400w 210X 25,December 2025,-,2.0,0.0,0.0,,,,,PCE       ,2.0,2.0,2.0,0.0,,,AMAN,
D2,VALVE ADAPTER Ext B Mesin BC 260X165 240V 1500W,December 2025,-,0.0,0.0,0.0,,,,,PCE       ,0.0,0.0,0.0,0.0,,,STOK HABIS / RE-ORDER,
D2,HEATER NGR Pipe 400V 1170W 153X48,December 2025,-,2.0,0.0,0.0,,,,,PCE       ,2.0,2.0,2.0,0.0,,,AMAN,
D2,HEATER NGR Pipe 400V 1000W 120X76,December 2025,-,2.0,0.0,0.0,,,,,PCE       ,2.0,2.0,2.0,0.0,,,AMAN,
D2,HEATER NGR Pipe 400V 1000W 120X90,December 2025,-,1.0,0.0,0.0,,,,,PCE       ,1.0,1.0,1.0,0.0,,,AMAN,
B9,HEATER STICK 12438 415 v/400w,December 2025,-,0.0,0.0,0.0,,,,,PCE       ,0.0,0.0,0.0,0.0,,,STOK HABIS / RE-ORDER,
B8,Thermo Cople Mesin NGR/bc Diameter 6mm,December 2025,-,1.0,0.0,0.0,,,,,PCE       ,1.0,1.0,1.0,0.0,,,AMAN,
B8,"Thermo Cople Mesin BC diameter 8mm  L=10 M TYPE ""J""",December 2025,-,23.0,0.0,0.0,,,,,PCE       ,23.0,23.0,23.0,0.0,,,AMAN,
B9,HEATER Stick Mesin BC 415 v 1000w/ 400v 1000 W D:20MMXP16CM,December 2025,-,3.0,0.0,0.0,,,,,PCE       ,3.0,3.0,3.0,0.0,,,AMAN,
B8,Thermo Cople Mc ngr diameter 5mm,December 2025,-,0.0,0.0,0.0,,,,,PCE       ,0.0,0.0,0.0,0.0,,,STOK HABIS / RE-ORDER,
D2,"STRIP HEATER 210x25,5 240v 400w",December 2025,-,1.0,0.0,0.0,,,,,PCE       ,1.0,1.0,1.0,0.0,,,AMAN,
D2,HEATER VALVE 240v 750w  10712 Bc ,December 2025,-,2.0,0.0,0.0,,,,,PCE       ,2.0,2.0,2.0,0.0,,,AMAN,
D2,HEATER VALVE 240w 1500w  10712  BC,December 2025,-,2.0,0.0,0.0,,,,,PCE       ,2.0,2.0,2.0,0.0,,,AMAN,
B9,HEATER  415v 1000w 1735 LL12LX13A,December 2025,-,2.0,0.0,0.0,,,,,PCE       ,2.0,2.0,2.0,0.0,,,AMAN,
B9,HEATER stick 380-420V 1760 W  NGR,December 2025,-,1.0,0.0,0.0,,,,,PCE       ,1.0,1.0,1.0,0.0,,,AMAN,
D2,HEATER Ban 220-230V  2000 W,December 2025,-,3.0,0.0,0.0,,,,,PCE       ,3.0,3.0,3.0,0.0,,,AMAN,
B9,"HEATER STICK 380V 500W D=19MMXP=27,5 CM",December 2025,-,4.0,0.0,0.0,,,,,PCE       ,4.0,4.0,4.0,0.0,,,AMAN,
B7,AIR DUSTER GAN TEKIRO/BENZ,December 2025,-,0.0,0.0,0.0,,,,,PCE,0.0,0.0,0.0,0.0,,,STOK HABIS / RE-ORDER,
B7,"REPAIR KIT ROTATING UNION 3/8""  1115 000B205",December 2025,-,1.0,0.0,0.0,,,,62034564,PCE,1.0,1.0,1.0,0.0,,,AMAN,
B7,SOCKET SELENOID,December 2025,-,1.0,0.0,0.0,,,,,PCE,1.0,1.0,1.0,0.0,,,AMAN,
B7,PRESSURE GAUGE 10 BAR WARM,December 2025,-,3.0,0.0,0.0,,,,,PCE,3.0,3.0,3.0,0.0,,,AMAN,
B7,"SELECTOR ANGIN FESTO SV-5-M5B 0-8BAR, 0-116 PSI",December 2025,-,1.0,0.0,0.0,,,,,PCE,1.0,1.0,1.0,0.0,,,AMAN,
B7,PRESSURE GAUGE DOUBLE BAR,December 2025,-,1.0,0.0,0.0,,,,,PCE,1.0,1.0,1.0,0.0,,,AMAN,
B7,"FILTER REGULATOR 1/2"" FESTO",December 2025,-,0.0,0.0,0.0,,,,,PCE,0.0,0.0,0.0,0.0,,,STOK HABIS / RE-ORDER,
B7,"AIR PRESSURE GAUGE 1/4"" 0-10 BAR",December 2025,-,2.0,0.0,0.0,,,,,PCE,2.0,2.0,2.0,0.0,,,AMAN,
B9,HEATER STICK 1/2X 4 1/4  415/400W 12428,December 2025,-,1.0,0.0,0.0,,,,,PCE,1.0,1.0,1.0,0.0,,,AMAN,
B8,PA666H3A CONNECTOR FOR SINGLE,December 2025,-,4.0,0.0,0.0,,,,,PCE,4.0,4.0,4.0,0.0,,,AMAN,
B8,THERMO COPLE 047331 DIAMETER 5 PANJANG KABEL HEATER 2 METER TYPE K UNTUK BC,December 2025,-,6.0,0.0,0.0,,,,,PCS,6.0,6.0,6.0,0.0,,,AMAN,
B8,"THERMO COPLE D=5MM P:KBL=2,5 METER 04821",December 2025,-,4.0,0.0,0.0,,,,,PCS,4.0,4.0,4.0,0.0,,,AMAN,
B8,THERMO COPLE D=5MM P:KBL=5 METER 04829,December 2025,-,2.0,0.0,0.0,,,,,PCS,2.0,2.0,2.0,0.0,,,AMAN,
B7,"SELENOID VALVE  4V210-08 AC 220V 6,0VAC AIR TAC",December 2025,-,2.0,0.0,0.0,,,,,PCE,2.0,2.0,2.0,0.0,,,AMAN,
B7,"SELENOID LUCIFER 24V 2,5W 10 BAR UNTUK DOSING SML1",December 2025,-,1.0,0.0,0.0,,,,341L9101,PCE,1.0,1.0,1.0,0.0,,,AMAN,
B9,HEATER STIK 415V D=19X420 1500w 23204,December 2025,-,4.0,0.0,0.0,,,,,PCE,4.0,4.0,4.0,0.0,,,AMAN,
B9,"CHD4AR500N54/HEATER CARTIGE, NONSTICK,1/2""D X4-1/4""L,415V/500W,54: SS B",December 2025,-,8.0,0.0,0.0,,,,,PCE,8.0,8.0,8.0,0.0,,,AMAN,
B8,THERMO COPLE 05258 D=5 PKBL=5M,December 2025,-,4.0,0.0,0.0,,,,,PCE,4.0,4.0,4.0,0.0,,,AMAN,
B8,"W-THERMOMETER 1XPT100 15,0MX8MM 450*C 63842806",December 2025,-,0.0,0.0,0.0,,,,,PCE,0.0,0.0,0.0,0.0,,,STOK HABIS / RE-ORDER,
B8,THERMO KOPEL PT 100 KABEL 3 X P.KABEL 6 M MC SML COUNTAINER,December 2025,-,5.0,0.0,0.0,,,,,PCE,5.0,5.0,5.0,0.0,,,AMAN,
B8,THERMO CABLE CHILLER D=6MMX9MMX4 METER TIPE K KABEL 3 UNTUK TEMP CONTROL GEFRAN,December 2025,-,1.0,0.0,0.0,,,,,PCE,1.0,1.0,1.0,0.0,,,AMAN,
B8,THERMO COUPLE SENSOR PROBE CHILLER WATER INLET KABEL=8 METER,December 2025,-,0.0,0.0,0.0,,,,,PCE,0.0,0.0,0.0,0.0,,,STOK HABIS / RE-ORDER,
B8,THERMO COUPLE SENSOR PROBE CHILLER WATER INLET 2 KABEL P.KABEL=10 METER,December 2025,-,3.0,0.0,0.0,,,,,PCE,3.0,3.0,3.0,0.0,,,AMAN,
B8,THERMO KABEL UDARA KOMPRESSOR,December 2025,-,1.0,0.0,0.0,,,,,PCE,1.0,1.0,1.0,0.0,,,AMAN,
B8,THERMO KABEL OLI KOMPRESSOR,December 2025,-,0.0,0.0,0.0,,,,,PCE,0.0,0.0,0.0,0.0,,,STOK HABIS / RE-ORDER,
B9,STIK HEATER CLOEREN 400-415V 330 OHM 500 W 1743 LN9AX257AN  CH 07500900-407500-N-48,December 2025,-,0.0,0.0,0.0,,,,,PCE,0.0,0.0,0.0,0.0,,,STOK HABIS / RE-ORDER,
B9,STIK HEATER CLOEREN 400-415V 2200 750W 1534  LN11AX142AN CH 07500900-40750-N-48,December 2025,-,0.0,0.0,0.0,,,,,PCE,0.0,0.0,0.0,0.0,,,STOK HABIS / RE-ORDER,
B9,STIK HEATER D=19X305 3800 2000W (025535),December 2025,-,5.0,0.0,0.0,,,,,PCE,5.0,5.0,5.0,0.0,,,AMAN,
B9,"STIK HEATER 19MMX20CM 380V , 950 W MC DS/BC",December 2025,-,6.0,0.0,0.0,,,,,PCE,6.0,6.0,6.0,0.0,,,AMAN,
B9,THERMOCOPLE PT 100 SUN TECHNOLOGY ,December 2025,-,3.0,0.0,0.0,,,,,PCE,3.0,3.0,3.0,0.0,,,AMAN,
B9,HOUSING HEATER 20X30X400MM MC NOZAKI,December 2025,-,2.0,0.0,0.0,,,,,PCE,2.0,2.0,2.0,0.0,,,AMAN,
B7,MAC  16543 PRESSURE SEAL BODY TO BASE,December 2025,-,30.0,39000.0,1170000.0,,,,,PCE,30.0,30.0,30.0,0.0,,,AMAN,
B7,MAC 16543-05 PRESSURE SEAL - VITON,December 2025,-,3.0,93000.0,279000.0,,,,,PCE,3.0,3.0,3.0,0.0,,,AMAN,
B7,MAC 92B-JAB-000DM-DDAP-1DM VALVE,December 2025,-,3.0,2.652,7.956,,,,,PCE,3.0,3.0,3.0,0.0,,,AMAN,
B7,MAC 92B AAF-000DM-DDAP-IDM VALVE,December 2025,-,3.0,1489000.0,4467000.0,,,,,PCE,3.0,3.0,3.0,0.0,,,AMAN,
B7,REGULATOR AIR E-MC MODEL EW 4000-044,December 2025,-,0.0,0.0,0.0,,,,,PCE,0.0,0.0,0.0,0.0,,,STOK HABIS / RE-ORDER,
B7,REGULATOR OKSIGEN TORA YAMATO,December 2025,-,0.0,0.0,0.0,,,,,PCE,0.0,0.0,0.0,0.0,,,STOK HABIS / RE-ORDER,
B7,"SELENOID VALVE 1 1/4"" PNEUMATIC 220",December 2025,-,0.0,0.0,0.0,,,,,PCE,0.0,0.0,0.0,0.0,,,STOK HABIS / RE-ORDER,
B7,SELENOID PAMY MODEL 4R210-08 HAND VALVE,December 2025,-,3.0,0.0,0.0,,,,,PCE,3.0,3.0,3.0,0.0,,,AMAN,
B7,HAND VALVE AIR TAC MODEL 4H210-08 ,December 2025,-,0.0,0.0,0.0,,,,,PCE,0.0,0.0,0.0,0.0,,,STOK HABIS / RE-ORDER,
B7,AUTOMATIC VOLTAGE REGURATOR,December 2025,-,0.0,30.0,0.0,,,,,PCE,0.0,0.0,0.0,0.0,,,STOK HABIS / RE-ORDER,
B7,"DEUBLIN UNION 5/8""-18 UNF RH 1102-070-029",December 2025,-,1.0,0.0,0.0,,,,,PCE,1.0,1.0,1.0,0.0,,,AMAN,
B7,"PRESSURE GAUGE SB 200 52MMX1/4"" NPTCBM 0-2,5 BAR/MPA",December 2025,-,1.0,0.0,0.0,,,,,PCE,1.0,1.0,1.0,0.0,,,AMAN,
B7,PRESSURE TRANSMITTER WINGEL 0-30 BAR,December 2025,-,2.0,0.0,0.0,,,,,PCE,2.0,2.0,2.0,0.0,,,AMAN,
B7,FILTER REGULATOR AW4000-04-0,December 2025,-,0.0,0.0,0.0,,,,,PCE,0.0,0.0,0.0,0.0,,,STOK HABIS / RE-ORDER,
B7,"AUTO DRAIN VALVE OPT-A 1/2"" 16 BAR 220 VAC DV-15",December 2025,-,1.0,0.0,0.0,,,,,PCE,1.0,1.0,1.0,0.0,,,AMAN,
B7,AUTO DRAIN VALVE,December 2025,-,1.0,0.0,0.0,,,,,PCE,1.0,1.0,1.0,0.0,,,AMAN,
B7,"SELENOID 1"" COIL 24 VDC UNI-D",December 2025,-,1.0,0.0,0.0,,,,,PCE,1.0,1.0,1.0,0.0,,,AMAN,
B7,"SELENOID VALVE 1"" 24VDC SMC",December 2025,-,2.0,0.0,0.0,,,,,PCE,2.0,2.0,2.0,0.0,,,AMAN,
B7,SELENOID V63D511A-A2 IMI NORGREN,December 2025,-,2.0,0.0,0.0,,,,,PCE,2.0,2.0,2.0,0.0,,,AMAN,
B7,"PRESSURE GUIDE 1/4"" 60 BAR 900PSI WIEBROCK",December 2025,-,2.0,0.0,0.0,,,,,PCE,2.0,2.0,2.0,0.0,,,AMAN,
B7,"FRL 1/2""",December 2025,-,0.0,0.0,0.0,,,,,PCE,0.0,0.0,0.0,0.0,,,STOK HABIS / RE-ORDER,
B7,SELENOID VALVE NO(NORMALY OPEN) SLP08H-030E4,December 2025,-,0.0,0.0,0.0,,,,,PCE,0.0,0.0,0.0,0.0,,,STOK HABIS / RE-ORDER,
B7,AMPER METER FORT 0-30A 51X51X44MM MC NATULIUS,December 2025,-,1.0,0.0,0.0,,,,,PCE,1.0,1.0,1.0,0.0,,,AMAN,
B7,"PRESSURE GAUGE RANG 0--6 KG 4""",December 2025,-,0.0,0.0,0.0,,,,,PCE,0.0,0.0,0.0,0.0,,,STOK HABIS / RE-ORDER,
B7,PRESSURE GAUGE TECSIS NS 100MM 10-0 MBAR,December 2025,-,0.0,0.0,0.0,,,,,PCE,0.0,0.0,0.0,0.0,,,STOK HABIS / RE-ORDER,
B7,PRESSURE GAUGE 0-1 PSI MPA,December 2025,-,2.0,0.0,0.0,,,,,PCE,2.0,2.0,2.0,0.0,,,AMAN,
B7,"HYDROLIK PRESSURE GUIDE 1/4""X70 BAR SKON",December 2025,-,3.0,0.0,0.0,,,,,PCE,3.0,3.0,3.0,0.0,,,AMAN,
B7,PRESSURE SWITCH POMPA STEAM KRISBOW 220V/2000W,December 2025,-,0.0,0.0,0.0,,,,,PCE,0.0,0.0,0.0,0.0,,,STOK HABIS / RE-ORDER,
B7,PENTIL AIR SHAFT SPINDLE DS,December 2025,-,12.0,0.0,0.0,,,,,PCE,12.0,12.0,12.0,0.0,,,AMAN,
B7,PENTIL AIR SHAFT SML SML1,December 2025,-,0.0,0.0,0.0,,,,,PCE,0.0,0.0,0.0,0.0,,,STOK HABIS / RE-ORDER,
B7,"CLAMPING AIR SHAFT 24,4X16MM",December 2025,-,0.0,0.0,0.0,,,,,PCE,0.0,0.0,0.0,0.0,,,STOK HABIS / RE-ORDER,
B7,"PRESSURE GAUGE 0-6 BARX1/2"" MC DS",December 2025,-,1.0,0.0,0.0,,,,,PCE,1.0,1.0,1.0,0.0,,,AMAN,
B7,COIL SELENOID VALVE 220V,December 2025,-,0.0,0.0,0.0,,,,,PCE,0.0,0.0,0.0,0.0,,,STOK HABIS / RE-ORDER,
B7,REGULATOR ANGIN FESTO LR-1/4-D-MINI 16BAR,December 2025,-,2.0,0.0,0.0,,,,,PCE,2.0,2.0,2.0,0.0,,,AMAN,
B7,SELENOID CYLINDER AUXILARY CONTACK ROLL NORGREN V61B413A-A2 2-10 BAR,December 2025,-,4.0,0.0,0.0,,,,,PCE,4.0,4.0,4.0,0.0,,,AMAN,
B7,SELENOID CYLINDER CUTTING HK02S-08GSN-DC24V COVNA SML1,December 2025,-,1.0,0.0,0.0,,,,,PCE,1.0,1.0,1.0,0.0,,,AMAN,
B7,FITING SMC KQ2L04-M5A,December 2025,-,2.0,0.0,0.0,,,,,PCE,2.0,2.0,2.0,0.0,,,AMAN,
B7,AIR CYLINDER SMC CJPB16-5Z,December 2025,-,1.0,0.0,0.0,,,,,PCE,1.0,1.0,1.0,0.0,,,AMAN,
B7,"TOOTH BELT AT 10 L=25,4MM",December 2025,-,0.0,0.0,0.0,,,,,METER,0.0,0.0,0.0,0.0,,,STOK HABIS / RE-ORDER,
B7,PENTIL UNTUK BLOWN,December 2025,-,11.0,0.0,0.0,,,,,PCE,11.0,11.0,11.0,0.0,,,AMAN,
B8,POWER SUPPLY DRIVE CHILL ROLL 890 CS-532540B00-U SERVISAN,December 2025,-,1.0,0.0,0.0,,,,,NIU,1.0,1.0,1.0,0.0,,,AMAN,
B8,SOKET KABEL HARTING  3 PIN,December 2025,-,0.0,0.0,0.0,,,,,SET,0.0,0.0,0.0,0.0,,,STOK HABIS / RE-ORDER,
B8,DRIVE EREMA SIEMENS IPGSE7023-BED61-Z REPAR,December 2025,-,0.0,0.0,0.0,,,,,NIU,0.0,0.0,0.0,0.0,,,STOK HABIS / RE-ORDER,
B8,SERVO APACK YASKAWASGDH-30DE-OY 3PH/380-480VAC( REPAIR),December 2025,-,0.0,0.0,0.0,,,,,NIU,0.0,0.0,0.0,0.0,,,STOK HABIS / RE-ORDER,
B8,SERVO APACK OMRON SGDH-30DE-OY 3PH/380-480VAC( REPAIR),December 2025,-,0.0,0.0,0.0,,,,,NIU,0.0,0.0,0.0,0.0,,,STOK HABIS / RE-ORDER,
D2,HEATER 90X205 240V 725W,December 2025,-,5.0,0.0,0.0,,,,,PCE       ,5.0,5.0,5.0,0.0,,,AMAN,
B8,"THERMO COPLE TIPE J D=5MMXP;KABEL 5 METER BC,NGR",December 2025,-,0.0,0.0,0.0,,,,,PCE,0.0,0.0,0.0,0.0,,,STOK HABIS / RE-ORDER,
B8,"THERMO COPLE TYPE ""J"" D=5X6M P.KABEL (00929)",December 2025,-,5.0,0.0,0.0,,,,,PCE,5.0,5.0,5.0,0.0,,,AMAN,
B8,THERMO COPLE PT 100 P.KBL=8 METER,December 2025,-,5.0,0.0,0.0,,,,,PCE,5.0,5.0,5.0,0.0,,,AMAN,
B8,THERMO COPLE PT 100  KABEL 3 P.KBL=4METER CHILLER,December 2025,-,3.0,0.0,0.0,,,,,PCE,3.0,3.0,3.0,0.0,,,AMAN,
B8,THERMO KABEL MC NOZAKI(repair),December 2025,-,1.0,0.0,0.0,,,,,PCE,1.0,1.0,1.0,0.0,,,AMAN,
B8,THERMO KABEL MC NOZAKI D=6MM,December 2025,-,0.0,0.0,0.0,,,,,PCE,0.0,0.0,0.0,0.0,,,STOK HABIS / RE-ORDER,
D2,STRIP BAN HEATER 240X30 240V 750W,December 2025,-,5.0,0.0,0.0,,,,,PCE       ,5.0,5.0,5.0,0.0,,,AMAN,
D2,STRIP HEATER 210X25 400V/500W,December 2025,-,3.0,0.0,0.0,,,,,PCE,3.0,3.0,3.0,0.0,,,AMAN,
B10,DRIVE-DIGITAL SERVO HDT DGM460 20/40                                          ,December 2025,-,1.0,0.0,0.0,,,,,PCE       ,1.0,1.0,1.0,0.0,,,AMAN,
B10,ACOPOS MICRO STEPPER E.047.03.008,December 2025,-,0.0,0.0,0.0,,,,,PCE       ,0.0,0.0,0.0,0.0,,,STOK HABIS / RE-ORDER,
B10,STEPPER  MOTOR 80MPH3.600S114-01 C010.08.016,December 2025,-,1.0,0.0,0.0,,,,,PCE       ,1.0,1.0,1.0,0.0,,,AMAN,
B10,"CHARGERMASTER GENERATOR SIMCO CH30-N 220 VAC 1,25A",December 2025,-,0.0,0.0,0.0,,,,,PCE       ,0.0,0.0,0.0,0.0,,,STOK HABIS / RE-ORDER,
B10,E-CHARGING GENERATOR 7305-1N REPAIR,December 2025,-,0.0,0.0,0.0,,,,,PCE,0.0,0.0,0.0,0.0,,,STOK HABIS / RE-ORDER,
B10,SCANNER REPAIR,December 2025,-,1.0,0.0,0.0,,,,,PCE,1.0,1.0,1.0,0.0,,,AMAN,
B10,INCORDER HS35F-G2-R9-BS-1024-ABZC-28VN-SM18-S MFG:BEI,December 2025,-,0.0,0.0,0.0,,,,,PCE       ,0.0,0.0,0.0,0.0,,,STOK HABIS / RE-ORDER,
B10,IMI  NORGREN PRA/182080 /x2/145 cylinder auxilary repair,December 2025,-,0.0,0.0,0.0,,,,,PCE       ,0.0,0.0,0.0,0.0,,,STOK HABIS / RE-ORDER,
B10,"TRANFORMER INPUT 220V OUTPUT 12-45V,10A",December 2025,-,0.0,0.0,0.0,,,,,PCE       ,0.0,0.0,0.0,0.0,,,STOK HABIS / RE-ORDER,
B10,EXPANSION VALVE,December 2025,-,0.0,0.0,0.0,,,,,PCE,0.0,0.0,0.0,0.0,,,STOK HABIS / RE-ORDER,
B10,MOTOR OSCILATING FRAME UNKERMOTOR IBE 88859 TYPE G42X40 24V 3100 RPM,December 2025,-,2.0,0.0,0.0,,,,,PCE,3.0,2.0,2.0,-1.0,,,AMAN,
B12,"Tube/ Selang Oli Hidraulik NGR 1/2""x120",December 2025,-,3.0,0.0,0.0,,,,,PCE       ,3.0,3.0,3.0,0.0,,,AMAN,
B12,"Tube/ Selang Oli 3/4"" Kompresor Adekom",December 2025,-,1.0,0.0,0.0,,,,,PCE       ,1.0,1.0,1.0,0.0,,,AMAN,
B12,SELANG RUBBER TUBE D=16X24 SGP,December 2025,-,41.16000000000001,0.0,0.0,,,,,PCE       ,52.31000000000001,41.16000000000001,41.16000000000001,-11.149999999999999,,,AMAN,
B12,SELANG RUBBER  D=17X24 AIR HOSE (LOKAL),December 2025,-,0.0,0.0,0.0,,,,,METER,0.0,0.0,0.0,0.0,,,STOK HABIS / RE-ORDER,
B12,SELANG RUBBER  D=19X26 AIR HOSE (LOKAL)SURABAYA,December 2025,-,18.13,0.0,0.0,,,,,METER,18.13,18.13,18.13,0.0,,,AMAN,
B12,SELANG OLI HIDROLIKforklift SAE 100 R2AT WP330 BAR 4785PSI,December 2025,-,1.0,0.0,0.0,,,,,PCE,1.0,1.0,1.0,0.0,,,AMAN,
B12,SELANG HIDROLIK PANJANG 110 CM 3110 PSI,December 2025,-,0.0,0.0,0.0,,,,,PCE,0.0,0.0,0.0,0.0,,,STOK HABIS / RE-ORDER,
B12,SELANG HIDROLIK PANJANG 115 CM 3110 PSI,December 2025,-,0.0,0.0,0.0,,,,,PCE,0.0,0.0,0.0,0.0,,,STOK HABIS / RE-ORDER,
B12,SELANG HIDROLIK PANJANG 120 CM 3110 PSI,December 2025,-,0.0,0.0,0.0,,,,,PCE,0.0,0.0,0.0,0.0,,,STOK HABIS / RE-ORDER,
B12,SELANG HIDROLIK PANJANG 450 CM 3110 PSI,December 2025,-,0.0,0.0,0.0,,,,,PCE,0.0,0.0,0.0,0.0,,,STOK HABIS / RE-ORDER,
B12,SELANG HIDROLIK PANJANG 460 CM 3110 PSI,December 2025,-,0.0,0.0,0.0,,,,,PCE,0.0,0.0,0.0,0.0,,,STOK HABIS / RE-ORDER,
B10,SELANG FLEXIBLE TUBE 8X5MM(SPIRAL),December 2025,-,3.0,0.0,0.0,,,,,PCE,3.0,3.0,3.0,0.0,,,AMAN,
B12,"SELANG KOMPRESSOR 5/8""X100CM",December 2025,-,1.0,0.0,0.0,,,,,PCE,1.0,1.0,1.0,0.0,,,AMAN,
B12,"SELANG KOMPRESSOR 5/8""X105CM",December 2025,-,1.0,0.0,0.0,,,,,PCE,1.0,1.0,1.0,0.0,,,AMAN,
B12,"SELANG KOMPRESSOR 3/4""X95 WP105 BAR 1520",December 2025,-,1.0,0.0,0.0,,,,,PCE,1.0,1.0,1.0,0.0,,,AMAN,
B12,"SELANG KOMPRESSOR 3/4""X107 WP105 BAR 1530",December 2025,-,1.0,0.0,0.0,,,,,PCE,1.0,1.0,1.0,0.0,,,AMAN,
B12,"SELANG KOMPRESSOR 3/4""X111 WP105 BAR 1530",December 2025,-,1.0,0.0,0.0,,,,,PCE,1.0,1.0,1.0,0.0,,,AMAN,
B12,"SELANG KOMPRESSOR 1 1/2""X58CM",December 2025,-,0.0,0.0,0.0,,,,,PCE,0.0,0.0,0.0,0.0,,,STOK HABIS / RE-ORDER,
B12,"SELANG GAS FORKLIFT 1/2""",December 2025,-,1.0,0.0,0.0,,,,,PCE,1.0,1.0,1.0,0.0,,,AMAN,
B12,"SELANG OLI NGR EN853 SAE 100 1/2""WP 275 BAR",December 2025,-,0.0,0.0,0.0,,,,,PCE,0.0,0.0,0.0,0.0,,,STOK HABIS / RE-ORDER,
B12,SELANG REGULATOR WARNA KUNING,December 2025,-,0.0,0.0,0.0,,,,,PCE,0.0,0.0,0.0,0.0,,,STOK HABIS / RE-ORDER,
B12,SELANG REGULATOR WARNA  MERAH,December 2025,-,0.0,0.0,0.0,,,,,PCE,0.0,0.0,0.0,0.0,,,STOK HABIS / RE-ORDER,
B12,SELANG REGULATOR WARNA  BIRU,December 2025,-,0.0,0.0,0.0,,,,,PCE,0.0,0.0,0.0,0.0,,,STOK HABIS / RE-ORDER,
B12,"SELANG FORKLIFT 5/8""X110CM",December 2025,-,1.0,0.0,0.0,,,,,PCE,1.0,1.0,1.0,0.0,,,AMAN,
B12,"SELANG HIDROLIK FORKLIFT 5/8""X114CM",December 2025,-,2.0,0.0,0.0,,,,,PCE,2.0,2.0,2.0,0.0,,,AMAN,
B12,"SELANG FORKLIFT 1/4""X40 CM",December 2025,-,2.0,0.0,0.0,,,,,PCE,2.0,2.0,2.0,0.0,,,AMAN,
B12,"SELANG COOLANT 3/8""X160CM",December 2025,-,2.0,0.0,0.0,,,,,PCE,2.0,2.0,2.0,0.0,,,AMAN,
B12,"SELANG OLI 3/8""X101",December 2025,-,1.0,0.0,0.0,,,,,PCE,1.0,1.0,1.0,0.0,,,AMAN,
B12,"SELANG HIDROLIK 3/8"" X 45 FORKLIFT",December 2025,-,0.0,0.0,0.0,,,,,PCE,0.0,0.0,0.0,0.0,,,STOK HABIS / RE-ORDER,
B12,"SELANG OLI KOMPRESSOR KOBELCO P=115CM 1/4 R7X116,5CM)",December 2025,-,1.0,0.0,0.0,,,,,PCE,1.0,1.0,1.0,0.0,,,AMAN,
B12,DINAMO MOTOR VACUM KRIS BOW,December 2025,-,0.0,0.0,0.0,,,,,PCE,0.0,0.0,0.0,0.0,,,STOK HABIS / RE-ORDER,
B1,SNAP RING S82,December 2025,-,5.0,0.0,0.0,,,,,PCE,5.0,5.0,5.0,0.0,,,AMAN,
B12,SELANG  SAE 100 R1AT 3/8X226,December 2025,-,2.0,0.0,0.0,,,,,PCE,2.0,2.0,2.0,0.0,,,AMAN,
B12,"SELANG HIDROLIK 1/2"" X 1B FORKLIFT MAXXFLEX",December 2025,-,0.0,0.0,0.0,,,,,METER,0.0,0.0,0.0,0.0,,,STOK HABIS / RE-ORDER,
B12,"SELANG HIDROLIK 1/2"" BRIDESTONE PAS CALART PA0308",December 2025,-,3.0,0.0,0.0,,,,,METER,3.0,3.0,3.0,0.0,,,AMAN,
B12,SELANG HIDROLIK POMPA FORKLIFT 5/8X1 M,December 2025,-,0.0,0.0,0.0,,,,,PCE,0.0,0.0,0.0,0.0,,,STOK HABIS / RE-ORDER,
B12,"SELANG 1/2""X50CM NGR",December 2025,-,5.0,0.0,0.0,,,,,PCE,5.0,5.0,5.0,0.0,,,AMAN,
B12,SELANG TANGKI KE  KONTER VALVE 68175-26600-71 PENDEK,December 2025,-,0.0,0.0,0.0,,,,,PCE,0.0,0.0,0.0,0.0,,,STOK HABIS / RE-ORDER,
B12,SELANG TANGKI KE  KONTER VALVE 68174-26600-71 PANJANG,December 2025,-,0.0,0.0,0.0,,,,,PCE,0.0,0.0,0.0,0.0,,,STOK HABIS / RE-ORDER,
B12,"SELANG HIDROLIK 1/4X34,5",December 2025,-,0.0,0.0,0.0,,,,,PCE,0.0,0.0,0.0,0.0,,,STOK HABIS / RE-ORDER,
B12,SELANG HIDROLIK 1/4X30 FORKLIFT,December 2025,-,2.0,0.0,0.0,,,,,PCE,2.0,2.0,2.0,0.0,,,AMAN,
B12,SELANG HIDROLIK 5/8X104,December 2025,-,0.0,0.0,0.0,,,,,PCE,0.0,0.0,0.0,0.0,,,STOK HABIS / RE-ORDER,
B12,SELANG HIDROLIK 3/8X80,December 2025,-,0.0,0.0,0.0,,,,,PCE,0.0,0.0,0.0,0.0,,,STOK HABIS / RE-ORDER,
B12,"SELANG KOMPRESSOR 3/8""X50CM",December 2025,-,1.0,0.0,0.0,,,,,PCE,1.0,1.0,1.0,0.0,,,AMAN,
B12,"SELANG HIDROLIK 1/2""X75 CM FORKLIFT",December 2025,-,1.0,0.0,0.0,,,,,PCE,1.0,1.0,1.0,0.0,,,AMAN,
B12,"SELANG HIDROLIK 3/8""X216CM FORKLIFT",December 2025,-,2.0,0.0,0.0,,,,,PCE,2.0,2.0,2.0,0.0,,,AMAN,
B12,"SELANG HIDROLIK 3/8""X250CM",December 2025,-,0.0,0.0,0.0,,,,,PCE,0.0,0.0,0.0,0.0,,,STOK HABIS / RE-ORDER,
B12,"FITING 3/8"" SELANG HIDROLIK FORKLIFT ",December 2025,-,0.0,0.0,0.0,,,,,PCE,0.0,0.0,0.0,0.0,,,STOK HABIS / RE-ORDER,
B12,SELANG COBELCO  PASSTABELINE KB04,December 2025,-,0.0,0.0,0.0,,,,,PCE,0.0,0.0,0.0,0.0,,,STOK HABIS / RE-ORDER,
B12,SELANG HIDROLIK FORKLIFT JRH ,December 2025,-,0.0,0.0,0.0,,,,,PCE,0.0,0.0,0.0,0.0,,,STOK HABIS / RE-ORDER,
B12,"SELANG ADEKOM 3/4""X110 CM",December 2025,-,2.0,0.0,0.0,,,,,PCE,2.0,2.0,2.0,0.0,,,AMAN,
B12,"SELANG 3/4""X135",December 2025,-,0.0,0.0,0.0,,,,,PCE,0.0,0.0,0.0,0.0,,,STOK HABIS / RE-ORDER,
B12,"SELANG 3/4""X130CM ADEKOM  DAN LINGHEIN",December 2025,-,2.0,0.0,0.0,,,,,PCE,2.0,2.0,2.0,0.0,,,AMAN,
B12,"SELANG LINGHEIN 5/8""X106CM",December 2025,-,0.0,0.0,0.0,,,,,PCE,0.0,0.0,0.0,0.0,,,STOK HABIS / RE-ORDER,
B12,"SELANG LHIDROLIK 5/8""X380",December 2025,-,0.0,0.0,0.0,,,,,PCE,0.0,0.0,0.0,0.0,,,STOK HABIS / RE-ORDER,
B12,"SELANG OLI LINGHEIN 5/8""X110CM",December 2025,-,2.0,0.0,0.0,,,,,PCE,2.0,2.0,2.0,0.0,,,AMAN,
B12,"SELANG ANGIN FLEXIBLE 1 1/2""X65CM KOMPRESOR",December 2025,-,0.0,0.0,0.0,,,,,PCE,0.0,0.0,0.0,0.0,,,STOK HABIS / RE-ORDER,
B12,"NEPEL 1 1/2"" ",December 2025,-,0.0,0.0,0.0,,,,,PCE,0.0,0.0,0.0,0.0,,,STOK HABIS / RE-ORDER,
B12,"SELANG CHILLER 3/4""X100CM LURUS + ELBOW",December 2025,-,2.0,0.0,0.0,,,,,PCE,2.0,2.0,2.0,0.0,,,AMAN,
B12,"SELANG CHILLER 3/4""X65CM LURUS + ELBOW",December 2025,-,2.0,0.0,0.0,,,,,PCE,2.0,2.0,2.0,0.0,,,AMAN,
B12,SELANG RADIATOR P 70 GASOLINE,December 2025,-,0.0,0.0,0.0,,,,,PCE,0.0,0.0,0.0,0.0,,,STOK HABIS / RE-ORDER,
B12,SELANG POMPA HYD F025 FORKLIFT,December 2025,-,0.0,0.0,0.0,,,,,PCE,0.0,0.0,0.0,0.0,,,STOK HABIS / RE-ORDER,
B12,"SELANG AIR 3/4""X68CM",December 2025,-,0.0,0.0,0.0,,,,,PCE,0.0,0.0,0.0,0.0,,,STOK HABIS / RE-ORDER,
B12,"SELANG AIR 3/4""x105cm",December 2025,-,0.0,0.0,0.0,,,,,PCE,0.0,0.0,0.0,0.0,,,STOK HABIS / RE-ORDER,
LGN,AIR HOSE 4M,December 2025,-,0.0,0.0,0.0,,,,,ROLL,0.0,0.0,0.0,0.0,,,STOK HABIS / RE-ORDER,
C18,AIR SHAFT INNER TUBING(I/D 17.0XO/D 24.0) AIR HOSE,December 2025,-,0.0,55.0,0.0,,,,,METER,0.0,0.0,0.0,0.0,,,STOK HABIS / RE-ORDER,
C18,RUBBER  TUBE 19*25,December 2025,-,32.53000000000001,116250.0,3781612.500000001,,,,,METER,32.53000000000001,32.53000000000001,32.53000000000001,0.0,,,AMAN,
C18,"Rubber Tube Shaft Spindel SML 1, Diameter luar 24mm, diameter dalam 16mm",December 2025,-,11.5,0.0,0.0,,,,,METER,11.5,11.5,11.5,0.0,,,AMAN,
C18,Rubber tube shaft diameter luar 30 mm diameter dalam 31mm,December 2025,-,9.55,0.0,0.0,,,,,METER,9.55,9.55,9.55,0.0,,,AMAN,
C18,Rubber tube shaft diameter luar 35mm diameter dalam 25mm (BLOWN),December 2025,-,6.800000000000001,0.0,0.0,,,,,METER,6.800000000000001,6.800000000000001,6.800000000000001,0.0,,,AMAN,
C18,"Rubber tube shaft diameter luar 34,5mm diameter dalam 27mm",December 2025,-,24.4,0.0,0.0,,,,,METER,24.4,24.4,24.4,0.0,,,AMAN,
C18,RUBBER TUBS DLM=19MM DLU=27MM,December 2025,-,0.0,0.0,0.0,,,,,METER,0.0,0.0,0.0,0.0,,,STOK HABIS / RE-ORDER,
C18,"RUBBER TUBE DLM 18,5MM X 26MM",December 2025,-,0.0,0.0,0.0,,,,,METER,0.0,0.0,0.0,0.0,,,STOK HABIS / RE-ORDER,
B11,MOTOR OSCILATING FRAME REPAIR,December 2025,-,0.0,0.0,0.0,,,,,PCE,0.0,0.0,0.0,0.0,,,STOK HABIS / RE-ORDER,
B11,DUNKER MOTOREN G42X40 24V ,December 2025,-,0.0,0.0,0.0,,,,,PCE,0.0,0.0,0.0,0.0,,,STOK HABIS / RE-ORDER,
B11,"CORK  TAPE  50MMX1,6MMX47M",December 2025,-,2.0,0.0,0.0,,,,,ROLL,2.0,2.0,2.0,0.0,,,AMAN,
C13,kampas kopling forklip 09J toyota 31270-23360-71( PANTEKAN),December 2025,-,6.0,0.0,0.0,,,,,PCE       ,7.0,6.0,6.0,-1.0,,,AMAN,
B12,"SELANG OLI 5/8""X1M 130 BAR",December 2025,-,2.0,0.0,0.0,,,,,PCE,2.0,2.0,2.0,0.0,,,AMAN,
B12,SELANG HIDROLIK DS P.220CM,December 2025,-,2.0,0.0,0.0,,,,,PCE,2.0,2.0,2.0,0.0,,,AMAN,
B12,SELANG HIDROLIK FORKLIFT 68115-26620-71,December 2025,-,0.0,0.0,0.0,,,,,PCE,0.0,0.0,0.0,0.0,,,STOK HABIS / RE-ORDER,
B12,"HOSE SELANG HIDROLIK 1/4""",December 2025,-,0.0,0.0,0.0,,,,,PCE,0.0,0.0,0.0,0.0,,,STOK HABIS / RE-ORDER,
B12,"SELANG HIDROLIK 3/8""X235CM",December 2025,-,2.0,0.0,0.0,,,,,PCE,2.0,2.0,2.0,0.0,,,AMAN,
B12,"SELANG HIDROLIK 3/8""X200CM",December 2025,-,0.0,0.0,0.0,,,,,PCE,0.0,0.0,0.0,0.0,,,STOK HABIS / RE-ORDER,
B12,"SELANG AIR 3/8""X92CM",December 2025,-,0.0,0.0,0.0,,,,,PCE,0.0,0.0,0.0,0.0,,,STOK HABIS / RE-ORDER,
B12,"SELANG AIR 3/8""X82CM",December 2025,-,0.0,0.0,0.0,,,,,PCE,0.0,0.0,0.0,0.0,,,STOK HABIS / RE-ORDER,
B12,"SELANG AIR 3/8""X73CM",December 2025,-,0.0,0.0,0.0,,,,,PCE,0.0,0.0,0.0,0.0,,,STOK HABIS / RE-ORDER,
B12,"SELANG AIR 3/8""X34,5CM",December 2025,-,0.0,0.0,0.0,,,,,PCE,0.0,0.0,0.0,0.0,,,STOK HABIS / RE-ORDER,
B12,"FLEXIBLE HOSE 1 1/2""X70 CM",December 2025,-,0.0,0.0,0.0,,,,,PCE,0.0,0.0,0.0,0.0,,,STOK HABIS / RE-ORDER,
B12,"FLEXIBLE HOSE 1 1/2""X85 CM",December 2025,-,0.0,0.0,0.0,,,,,PCE,0.0,0.0,0.0,0.0,,,STOK HABIS / RE-ORDER,
B12,"FLEXIBLE HOSE 1 1/2""X110 CM",December 2025,-,0.0,0.0,0.0,,,,,PCE,0.0,0.0,0.0,0.0,,,STOK HABIS / RE-ORDER,
B12,"DOUBLE NEPEL 1 1/2"" FLEXIBLE",December 2025,-,0.0,0.0,0.0,,,,,PCE,0.0,0.0,0.0,0.0,,,STOK HABIS / RE-ORDER,
B12,"SELANG HIDROLIK FORKLIFT 1/4""X37,5CM",December 2025,-,0.0,0.0,0.0,,,,,PCE,0.0,0.0,0.0,0.0,,,STOK HABIS / RE-ORDER,
B12,SELANG HIDROLI FORKLIFT P.230 CM,December 2025,-,1.0,0.0,0.0,,,,,PCE,1.0,1.0,1.0,0.0,,,AMAN,
B12,SELANG HIDROLIK FORKLIFT P:250 CM,December 2025,-,1.0,0.0,0.0,,,,,PCE,1.0,1.0,1.0,0.0,,,AMAN,
B12,SELANG HIDROLI FORKLIFT P.330,December 2025,-,1.0,0.0,0.0,,,,,PCE,1.0,1.0,1.0,0.0,,,AMAN,
B12,"SELANG REGULATOR GAS+NEPEL SELANG SAE J517 100 R6 3/8"" FORKLIFT",December 2025,-,1.0,0.0,0.0,,,,,SET,1.0,1.0,1.0,0.0,,,AMAN,
B12,"SELANG OLI 3/4""x135cm 105 BAR /1520 PSI KOMPRESSOR",December 2025,-,0.0,0.0,0.0,,,,,PCE,0.0,0.0,0.0,0.0,,,STOK HABIS / RE-ORDER,
B12,"SELANG SOLAR FORKLIFT 5X16""",December 2025,-,0.0,0.0,0.0,,,,,METER,0.0,0.0,0.0,0.0,,,STOK HABIS / RE-ORDER,
B12,SELANG RI INNER>NBR<OUTER>CR<2400,December 2025,-,0.0,0.0,0.0,,,,,PCE       ,0.0,0.0,0.0,0.0,,,STOK HABIS / RE-ORDER,
B12,SELANG OKSIGEN BLENDER,December 2025,-,0.0,0.0,0.0,,,,,METER,0.0,0.0,0.0,0.0,,,STOK HABIS / RE-ORDER,
(C1),SKUN CABLE LUGAS GAE 185 mm,December 2025,-,9.0,0.0,0.0,,,,,PCE       ,9.0,9.0,9.0,0.0,,,AMAN,
(C1),SKUN CABLE LUGAS  GAE 35mm-8,December 2025,-,9.0,0.0,0.0,,,,,PCE       ,9.0,9.0,9.0,0.0,,,AMAN,
(C1),SKUN CABLE LUGAS  GAE 35mm-10,December 2025,-,0.0,0.0,0.0,,,,,PCE       ,0.0,0.0,0.0,0.0,,,STOK HABIS / RE-ORDER,
(C1),SKUN CABLE LUGAS  GAE 300mm-20,December 2025,-,3.0,0.0,0.0,,,,,PCE       ,3.0,3.0,3.0,0.0,,,AMAN,
(C1),SKUN CABLE LUGAS  GAE 120mm-12,December 2025,-,38.0,0.0,0.0,,,,,PCE       ,38.0,38.0,38.0,0.0,,,AMAN,
(C1),SKUN CABLE LUGAS  GAE 240 mm-16,December 2025,-,69.0,0.0,0.0,,,,,PCE       ,69.0,69.0,69.0,0.0,,,AMAN,
(C1),SKUN CABLE LUGAS  GAE 500 mm-20,December 2025,-,4.0,0.0,0.0,,,,,PCE       ,4.0,4.0,4.0,0.0,,,AMAN,
(C1),SKUN CABLE LUGAS  GAE 16 mm-8,December 2025,-,7.0,0.0,0.0,,,,,PCE       ,7.0,7.0,7.0,0.0,,,AMAN,
(C1),SKUN CABLE LUGAS GAE 10mm-6,December 2025,-,0.0,0.0,0.0,,,,,PCE       ,0.0,0.0,0.0,0.0,,,STOK HABIS / RE-ORDER,
(C1),SKUN CABLE LUGAS  GAE 95mm-12,December 2025,-,0.0,0.0,0.0,,,,,PCE       ,0.0,0.0,0.0,0.0,,,STOK HABIS / RE-ORDER,
(C1),SKUN CABLE LUGAS  SC 95mm-12,December 2025,-,0.0,0.0,0.0,,,,,PCE       ,0.0,0.0,0.0,0.0,,,STOK HABIS / RE-ORDER,
(C1),SKUN CABLE LUGAS  SC 10mm-6,December 2025,-,0.0,0.0,0.0,,,,,PCE       ,0.0,0.0,0.0,0.0,,,STOK HABIS / RE-ORDER,
(C1),SKUN CABLE LUGAS  SC 16 mm-8,December 2025,-,0.0,0.0,0.0,,,,,PCE       ,0.0,0.0,0.0,0.0,,,STOK HABIS / RE-ORDER,
(C1),SKUN CABLE LUGAS  SC 35mm-10,December 2025,-,0.0,0.0,0.0,,,,,PCE       ,0.0,0.0,0.0,0.0,,,STOK HABIS / RE-ORDER,
(C1),SKUN CABLE LUGAS  SC 70mm-10,December 2025,-,0.0,0.0,0.0,,,,,PCE       ,0.0,0.0,0.0,0.0,,,STOK HABIS / RE-ORDER,
(C1),SKUN CABLE LUGAS  GAE 70mm-10,December 2025,-,10.0,0.0,0.0,,,,,PCE       ,10.0,10.0,10.0,0.0,,,AMAN,
(C1),SKUN CABLE LUGAS  4R8 KL25/8,December 2025,-,0.0,0.0,0.0,,,,,PCE       ,0.0,0.0,0.0,0.0,,,STOK HABIS / RE-ORDER,
(C1),SKUN CABLE LUGAS  SCK 25mm-8,December 2025,-,0.0,0.0,0.0,,,,,PCE       ,0.0,0.0,0.0,0.0,,,STOK HABIS / RE-ORDER,
(C1),SKUN CABLE LUGAS SC 25-8,December 2025,-,0.0,0.0,0.0,,,,,PCE       ,0.0,0.0,0.0,0.0,,,STOK HABIS / RE-ORDER,
(C1),SKUN SAMBUNGAN diameter 3xp:9mm 500,December 2025,-,4.0,0.0,0.0,,,,,PCE       ,4.0,4.0,4.0,0.0,,,AMAN,
(C1),SKUN SAMBUNGAN diameter 2xp:8mm,December 2025,-,2.0,0.0,0.0,,,,,PCE       ,2.0,2.0,2.0,0.0,,,AMAN,
(C1),SKUN SAMBUNGAN 1/4 x p:5mm,December 2025,-,1.0,0.0,0.0,,,,,PCE       ,1.0,1.0,1.0,0.0,,,AMAN,
(C1),SKUN SAMBUNGAN 400,December 2025,-,16.0,0.0,0.0,,,,,PCE       ,16.0,16.0,16.0,0.0,,,AMAN,
(C1),SKUN SAMBUNGAN 35 MM,December 2025,-,3.0,0.0,0.0,,,,,PCE       ,3.0,3.0,3.0,0.0,,,AMAN,
(C1),SKUN SAMBUNGAN 185,December 2025,-,2.0,0.0,0.0,,,,,PCE       ,2.0,2.0,2.0,0.0,,,AMAN,
(C1),SKUN SAMBUNGAN 25,December 2025,-,2.0,0.0,0.0,,,,,PCE       ,2.0,2.0,2.0,0.0,,,AMAN,
(C1),SKUN RVS-2-4,December 2025,-,52.0,0.0,0.0,,,,,PCE,52.0,52.0,52.0,0.0,,,AMAN,
(C1),"SKUN RVS 2,5X5MM",December 2025,-,0.0,0.0,0.0,,,,,PCE,0.0,0.0,0.0,0.0,,,STOK HABIS / RE-ORDER,
(C1),"SKUN 3,5-4 WARNA KUNING",December 2025,-,0.0,0.0,0.0,,,,,PCE,0.0,0.0,0.0,0.0,,,STOK HABIS / RE-ORDER,
(C1),SKUN 400-16,December 2025,-,0.0,0.0,0.0,,,,,PCE,0.0,0.0,0.0,0.0,,,STOK HABIS / RE-ORDER,
(C1),SKUN CABLE LUGAS GAE 16MM-6,December 2025,-,0.0,0.0,0.0,,,,,PCE,0.0,0.0,0.0,0.0,,,STOK HABIS / RE-ORDER,
(C1),SKUN  70MM-8 UNI BELL,December 2025,-,8.0,0.0,0.0,,,,,PCE,8.0,8.0,8.0,0.0,,,AMAN,
(C1),SKUN  SC 6MMX5MM,December 2025,-,0.0,0.0,0.0,,,,,PCE,0.0,0.0,0.0,0.0,,,STOK HABIS / RE-ORDER,
C2,Separator  Oli Kobelco,December 2025,-,1.0,0.0,0.0,,,,,PCE,1.0,1.0,1.0,0.0,,,AMAN,
C2,Filter udara  comp Linghein ,December 2025,-,3.0,0.0,0.0,,,,,PCE,3.0,3.0,3.0,0.0,,,AMAN,
C2,FILTER VACUM BC,December 2025,-,1.0,0.0,0.0,,,,,PCE,1.0,1.0,1.0,0.0,,,AMAN,
C2,FILTER UDARA KOPRESOR ADEKOM 190X105X230,December 2025,-,3.0,0.0,0.0,,,,,PCE,3.0,3.0,3.0,0.0,,,AMAN,
C2,BRUSH MBC,December 2025,-,0.0,0.0,0.0,,,,,SET,0.0,0.0,0.0,0.0,,,STOK HABIS / RE-ORDER,
C2,FILTER UDARA WEST AIR,December 2025,-,4.0,0.0,0.0,,,,,PCE,4.0,4.0,4.0,0.0,,,AMAN,
C2,FILTER UDARA KRISBAW 10100237,December 2025,-,0.0,0.0,0.0,,,,,PCE,0.0,0.0,0.0,0.0,,,STOK HABIS / RE-ORDER,
C2,OLI FILTER WEST AIR,December 2025,-,0.0,0.0,0.0,,,,,PCE,0.0,0.0,0.0,0.0,,,STOK HABIS / RE-ORDER,
C2,AIR FILTER WEST AIR,December 2025,-,0.0,0.0,0.0,,,,,PCE,0.0,0.0,0.0,0.0,,,STOK HABIS / RE-ORDER,
C2,OIL SEPARATOR WEST AIR,December 2025,-,0.0,0.0,0.0,,,,,PCE,0.0,0.0,0.0,0.0,,,STOK HABIS / RE-ORDER,
C2,SUCTION FILTER S-CE05-503 KOBELCO,December 2025,-,4.0,0.0,0.0,,,,,PCE,4.0,4.0,4.0,0.0,,,AMAN,
C3,SEPARATOR P-CE03-596/P-CE03-578 KOBELCO,December 2025,-,4.0,0.0,0.0,,,,,PCE,4.0,4.0,4.0,0.0,,,AMAN,
C3,"AIR FILTER 6,5M3 PART NO.L010802-0155 SULIT FOR L37D-8 (2205615686)",December 2025,-,3.0,0.0,0.0,,,,,PCE,3.0,3.0,3.0,0.0,,,AMAN,
C3,"AIR/OIL SEPARATOR 2037-07-06 LINGHEIN,SDEKOM,WEST AIR",December 2025,-,0.0,0.0,0.0,,,,,PCE,0.0,0.0,0.0,0.0,,,STOK HABIS / RE-ORDER,
C3,90114-14010-71 BON,December 2025,-,0.0,0.0,0.0,,,,,PCE,0.0,0.0,0.0,0.0,,,STOK HABIS / RE-ORDER,
C3,MANN Filter W962,December 2025,-,2.0,0.0,0.0,,,,,PCE,4.0,2.0,2.0,-2.0,,,AMAN,
C3,JIMCO Filter Hydolic JFC 88004 COBELCO,December 2025,-,6.0,0.0,0.0,,,,,PCE,2.0,6.0,6.0,4.0,,,AMAN,
C3,Filter OLI Donaldson P55 6005,December 2025,-,1.0,0.0,0.0,,,,,PCE,1.0,1.0,1.0,0.0,,,AMAN,
C3,Sure Filter SFH 0251,December 2025,-,2.0,0.0,0.0,,,,,PCE,2.0,2.0,2.0,0.0,,,AMAN,
C3,Sure Filter SFO 4005,December 2025,-,0.0,0.0,0.0,,,,,PCE,0.0,0.0,0.0,0.0,,,STOK HABIS / RE-ORDER,
C3, Linghein Adekom (Separator oil comp)WEST AIR,December 2025,-,4.0,0.0,0.0,,,,,PCE,2.0,4.0,4.0,2.0,,,AMAN,
C4,Bearing SKF 6005-2RSH,December 2025,-,6.0,0.0,0.0,,,,,PCE,6.0,6.0,6.0,0.0,,,AMAN,
C4,Bearing SKF 6008 - 2RS1( SKF 6008-2RS1/C3) (Untuk NGR),December 2025,-,6.0,0.0,0.0,,,,,PCE,6.0,6.0,6.0,0.0,,,AMAN,
C4,"Bearing SKF 6011-2Z ,SKF 6011-2Z/C3",December 2025,-,3.0,0.0,0.0,,,,,PCE,4.0,3.0,3.0,-1.0,,,AMAN,
C4,Bearing SKF 6010-2Z,December 2025,-,6.0,0.0,0.0,,,,,PCE,6.0,6.0,6.0,0.0,,,AMAN,
C4,Bearing FAG 63003 A 2RSR,December 2025,-,0.0,0.0,0.0,,,,,PCE,0.0,0.0,0.0,0.0,,,STOK HABIS / RE-ORDER,
C4,Bearing FAG 6307 2Z,December 2025,-,2.0,0.0,0.0,,,,,PCE,2.0,2.0,2.0,0.0,,,AMAN,
C4,Bearing FAG 62207 A 2RSR,December 2025,-,5.0,0.0,0.0,,,,,PCE,5.0,5.0,5.0,0.0,,,AMAN,
C4,Bearing ASB 6005 ZZ,December 2025,-,6.0,0.0,0.0,,,,,PCE,6.0,6.0,6.0,0.0,,,AMAN,
C4,Bearing SKF 6006 -2RS 1 ,December 2025,-,4.0,0.0,0.0,,,,,PCE,4.0,4.0,4.0,0.0,,,AMAN,
C4,Bearing SKF Explorer 608-2Z,December 2025,-,6.0,0.0,0.0,,,,,PCE,6.0,6.0,6.0,0.0,,,AMAN,
C4,BEARING NTN 6009 NR PRESTRECH,December 2025,-,2.0,0.0,0.0,,,,,PCE,2.0,2.0,2.0,0.0,,,AMAN,
C4,Bearing SKF 6009 2Z,December 2025,-,4.0,0.0,0.0,,,,,PCE,1.0,4.0,4.0,3.0,,,AMAN,
C4,BEARING SKF 6003-2Z/C3 DAN 6003-2Z,December 2025,-,4.0,0.0,0.0,,,,,PCE,4.0,4.0,4.0,0.0,,,AMAN,
C4,BEARING 32010-X-XL FAG,December 2025,-,2.0,0.0,0.0,,,,,PCE,4.0,2.0,2.0,-2.0,,,AMAN,
C4,BEARING SKF 6005-2Z,December 2025,-,0.0,0.0,0.0,,,,,PCE,0.0,0.0,0.0,0.0,,,STOK HABIS / RE-ORDER,
C4,BEARING SKF 6001-2RS1/2RSH,December 2025,-,2.0,0.0,0.0,,,,,PCE,2.0,2.0,2.0,0.0,,,AMAN,
C4,BEARING SKF 6001-2Z,December 2025,-,6.0,0.0,0.0,,,,,PCE,6.0,6.0,6.0,0.0,,,AMAN,
C4,BEARING SKF 6004-2RSH,December 2025,-,0.0,0.0,0.0,,,,,PCE,0.0,0.0,0.0,0.0,,,STOK HABIS / RE-ORDER,
C4,BEARING SKF 6004-2Z,December 2025,-,7.0,0.0,0.0,,,,,PCE,7.0,7.0,7.0,0.0,,,AMAN,
C4,BEARING SKF 61804,December 2025,-,2.0,0.0,0.0,,,,,PCE,2.0,2.0,2.0,0.0,,,AMAN,
C4,BEARING SKF 6000,December 2025,-,0.0,0.0,0.0,,,,,PCE,0.0,0.0,0.0,0.0,,,STOK HABIS / RE-ORDER,
C4,BEARING SKF 6000-2Z,December 2025,-,8.0,0.0,0.0,,,,,PCE,8.0,8.0,8.0,0.0,,,AMAN,
C4,BEARING SFK 7308 BECBP (KOBELCO),December 2025,-,0.0,0.0,0.0,,,,,PCE,0.0,0.0,0.0,0.0,,,STOK HABIS / RE-ORDER,
C4,BEARING SKF 7306 BECP (KOBELCO),December 2025,-,0.0,0.0,0.0,,,,,PCE,0.0,0.0,0.0,0.0,,,STOK HABIS / RE-ORDER,
C4,BEARING JNS NA5906(KOBELCO),December 2025,-,0.0,0.0,0.0,,,,,PCE,0.0,0.0,0.0,0.0,,,STOK HABIS / RE-ORDER,
C4,BEARING NTN 6000ZZ/ZASUI,December 2025,-,0.0,0.0,0.0,,,,,PCE,0.0,0.0,0.0,0.0,,,STOK HABIS / RE-ORDER,
C4,BEARING NTN 6002 ZZ/5K,December 2025,-,2.0,0.0,0.0,,,,,PCE,2.0,2.0,2.0,0.0,,,AMAN,
C4,BEARING SKF 6002-2Z,December 2025,-,2.0,0.0,0.0,,,,,PCE,2.0,2.0,2.0,0.0,,,AMAN,
C4,BEARING SKF 6002 2RSH/C3,December 2025,-,6.0,0.0,0.0,,,,,PCE,6.0,6.0,6.0,0.0,,,AMAN,
C4,BEARING NTN 625 Z,December 2025,-,0.0,0.0,0.0,,,,,PCE,0.0,0.0,0.0,0.0,,,STOK HABIS / RE-ORDER,
C4,BEARING EZO 696A 2Z AC NGR,December 2025,-,2.0,0.0,0.0,,,,,PCE,2.0,2.0,2.0,0.0,,,AMAN,
C4,BEARING SKF 625 2Z,December 2025,-,10.0,0.0,0.0,,,,,PCE,10.0,10.0,10.0,0.0,,,AMAN,
C4,BEARING FAG 32210-H,December 2025,-,0.0,0.0,0.0,,,,,PCE,0.0,0.0,0.0,0.0,,,STOK HABIS / RE-ORDER,
C4,BEARING FAG NY210-E-XL-TVP2,December 2025,-,0.0,0.0,0.0,,,,,PCE,0.0,0.0,0.0,0.0,,,STOK HABIS / RE-ORDER,
C4,BEARING FAG NY311-E-XL-TVP2,December 2025,-,0.0,0.0,0.0,,,,,PCE,0.0,0.0,0.0,0.0,,,STOK HABIS / RE-ORDER,
C4,BEARING FAG 31310-A,December 2025,-,0.0,0.0,0.0,,,,,PCE,0.0,0.0,0.0,0.0,,,STOK HABIS / RE-ORDER,
C4,BEARING FAG 6214 C3,December 2025,-,4.0,0.0,0.0,,,,,PCE,4.0,4.0,4.0,0.0,,,AMAN,
C4,BEARING FAG 32015-X-XL MC DS,December 2025,-,2.0,0.0,0.0,,,,,PCE,2.0,2.0,2.0,0.0,,,AMAN,
C4,BEARING FAG 2202-2RS-TVH,December 2025,-,3.0,0.0,0.0,,,,,PCE,3.0,3.0,3.0,0.0,,,AMAN,
C4,IRON BEARING FAG 6214-J20AB,December 2025,-,4.0,0.0,0.0,,,,,PCE,4.0,4.0,4.0,0.0,,,AMAN,
D2,CLAMPING SET                                                ,December 2025,-,3.0,357000.0,1071000.0,,,,62052640,PCE       ,3.0,3.0,3.0,0.0,,,AMAN,
(C15),MOUNTING CYLINDER/BRAKET CYLINDER SML M/P19495,December 2025,-,8.0,0.0,0.0,,,,65008813,PCE       ,8.0,8.0,8.0,0.0,,,AMAN,
(C15),stopper mc DS ARM ABSORBER,December 2025,-,1.0,0.0,0.0,,,,,PCE       ,1.0,1.0,1.0,0.0,,,AMAN,
(C15),RING M 24 UNTUK BUAT HEATER,December 2025,-,58.0,0.0,0.0,,,,,PCE       ,58.0,58.0,58.0,0.0,,,AMAN,
(C15),HOLE SAW 22MM untuk mc blown ,December 2025,-,0.0,0.0,0.0,,,,,PCE,0.0,0.0,0.0,0.0,,,STOK HABIS / RE-ORDER,
(C15),HOLE SAW 30MM ,December 2025,-,0.0,0.0,0.0,,,,,PCE,0.0,0.0,0.0,0.0,,,STOK HABIS / RE-ORDER,
(C15),HOLE SAW 25MM,December 2025,-,0.0,0.0,0.0,,,,,PCE,0.0,0.0,0.0,0.0,,,STOK HABIS / RE-ORDER,
(C15),PISAU SML  2-5,December 2025,-,1.0,0.0,0.0,,,,,SET,1.0,1.0,1.0,0.0,,,AMAN,
(C15),KUNCI T 4MM MC CORE,December 2025,-,0.0,0.0,0.0,,,,,PCS,0.0,0.0,0.0,0.0,,,STOK HABIS / RE-ORDER,
(C15),BAUT DALAM 4MM MC CORE,December 2025,-,0.0,0.0,0.0,,,,,PCS,0.0,0.0,0.0,0.0,,,STOK HABIS / RE-ORDER,
(C15),BAUT DALAM 3MM MC CORE,December 2025,-,0.0,0.0,0.0,,,,,PCS,0.0,0.0,0.0,0.0,,,STOK HABIS / RE-ORDER,
(C15),MUR M10,December 2025,-,0.0,0.0,0.0,,,,,PCS,0.0,0.0,0.0,0.0,,,STOK HABIS / RE-ORDER,
(C15),PISAU BUBUT VCMT 332-SM IC907,December 2025,-,11.0,0.0,0.0,,,,,PCE,11.0,11.0,11.0,0.0,,,AMAN,
(C15),KLEM KABEL D=10,December 2025,-,0.0,0.0,0.0,,,,,SET,0.0,0.0,0.0,0.0,,,STOK HABIS / RE-ORDER,
(C15),MATA BOR  D=6MM  100/160 BOSCH,December 2025,-,0.0,0.0,0.0,,,,,PCE,0.0,0.0,0.0,0.0,,,STOK HABIS / RE-ORDER,
(C15),BAUT+MUR M12X40,December 2025,-,0.0,0.0,0.0,,,,,PCE,0.0,0.0,0.0,0.0,,,STOK HABIS / RE-ORDER,
(C15),DINA GOLD M6X60,December 2025,-,0.0,0.0,0.0,,,,,PCE,0.0,0.0,0.0,0.0,,,STOK HABIS / RE-ORDER,
(C15),"MATA SNAY 10X1,5MM",December 2025,-,0.0,0.0,0.0,,,,,PCE,0.0,0.0,0.0,0.0,,,STOK HABIS / RE-ORDER,
(C15),"MATA SNAY 16X2 1 1/2""",December 2025,-,0.0,0.0,0.0,,,,,PCE,0.0,0.0,0.0,0.0,,,STOK HABIS / RE-ORDER,
(C15),DINA GOLD 12X 75MM(M12X80MM),December 2025,-,0.0,0.0,0.0,,,,,PCE,0.0,0.0,0.0,0.0,,,STOK HABIS / RE-ORDER,
(C15),"MATA TAB M10X1,25 SKC",December 2025,-,0.0,0.0,0.0,,,,,PCE,0.0,0.0,0.0,0.0,,,STOK HABIS / RE-ORDER,
(C15),KIPAS MOTOR 100L-4P,December 2025,-,0.0,0.0,0.0,,,,,PCE,0.0,0.0,0.0,0.0,,,STOK HABIS / RE-ORDER,
(C15),"HAND.TAP(TABE) M20X1,5",December 2025,-,0.0,0.0,0.0,,,,,PCE,0.0,0.0,0.0,0.0,,,STOK HABIS / RE-ORDER,
(C15),SENAY + GAGANG SENAY,December 2025,-,0.0,0.0,0.0,,,,,SET,0.0,0.0,0.0,0.0,,,STOK HABIS / RE-ORDER,
(C15),KUNCI L 20MM,December 2025,-,0.0,0.0,0.0,,,,,PCE,0.0,0.0,0.0,0.0,,,STOK HABIS / RE-ORDER,
(C15),"KUNCI L SHOCK 19MMX3/4""",December 2025,-,0.0,0.0,0.0,,,,,PCE,0.0,0.0,0.0,0.0,,,STOK HABIS / RE-ORDER,
(C15),KUNCI SOCK 24X3/4,December 2025,-,0.0,0.0,0.0,,,,,PCE,0.0,0.0,0.0,0.0,,,STOK HABIS / RE-ORDER,
(C15),"KUNCI L 1""",December 2025,-,0.0,0.0,0.0,,,,,PCE,0.0,0.0,0.0,0.0,,,STOK HABIS / RE-ORDER,
(C15),F.PREMIUM(KAPUR BESI),December 2025,-,6.0,0.0,0.0,,,,,PCE,6.0,6.0,6.0,0.0,,,AMAN,
C6,KACA HITAM AULEKTRO 12 FW2,December 2025,-,4.0,0.0,0.0,,,,,PCE,4.0,4.0,4.0,0.0,,,AMAN,
C6,KEDOK LAS OTOMATIS,December 2025,-,0.0,0.0,0.0,,,,,PCE,0.0,0.0,0.0,0.0,,,STOK HABIS / RE-ORDER,
(C15),"TABE 12X1,75",December 2025,-,0.0,0.0,0.0,,,,,PCE,0.0,0.0,0.0,0.0,,,STOK HABIS / RE-ORDER,
(C15),BAUT MUR M10X30MM,December 2025,-,0.0,0.0,0.0,,,,,PCE,0.0,0.0,0.0,0.0,,,STOK HABIS / RE-ORDER,
(C15),"MUR 1/2""X13G",December 2025,-,0.0,0.0,0.0,,,,,PCE,0.0,0.0,0.0,0.0,,,STOK HABIS / RE-ORDER,
(C15),"TABE 1"" 12G",December 2025,-,0.0,0.0,0.0,,,,,SET,0.0,0.0,0.0,0.0,,,STOK HABIS / RE-ORDER,
(C15),"BAUT 1""X75MM",December 2025,-,0.0,0.0,0.0,,,,,PCE,0.0,0.0,0.0,0.0,,,STOK HABIS / RE-ORDER,
(C15),REDUSER DRAT 18 G,December 2025,-,0.0,0.0,0.0,,,,,PCE,0.0,0.0,0.0,0.0,,,STOK HABIS / RE-ORDER,
(C15),"MUR 1/2""X 18G",December 2025,-,0.0,0.0,0.0,,,,,PCE,0.0,0.0,0.0,0.0,,,STOK HABIS / RE-ORDER,
(C15),"HAND TAPS 30X3,5",December 2025,-,1.0,0.0,0.0,,,,,SET ,1.0,1.0,1.0,0.0,,,AMAN,
(C15),"HAND TAPS 1"" BSW8",December 2025,-,0.0,0.0,0.0,,,,,SET,0.0,0.0,0.0,0.0,,,STOK HABIS / RE-ORDER,
(C15),HAND TAPS  1/2 X13,December 2025,-,0.0,0.0,0.0,,,,,SET,0.0,0.0,0.0,0.0,,,STOK HABIS / RE-ORDER,
(C15),HAND TAPS 5/8X1.1,December 2025,-,0.0,0.0,0.0,,,,,SET,0.0,0.0,0.0,0.0,,,STOK HABIS / RE-ORDER,
(C15),HAND TAPS  7/8X9,December 2025,-,0.0,0.0,0.0,,,,,SET,0.0,0.0,0.0,0.0,,,STOK HABIS / RE-ORDER,
(C15),"HAND TAPS 3/8""X19G",December 2025,-,0.0,0.0,0.0,,,,,SET,0.0,0.0,0.0,0.0,,,STOK HABIS / RE-ORDER,
(C15),"HAND TAPS 3/4""X14G",December 2025,-,0.0,0.0,0.0,,,,,SET,0.0,0.0,0.0,0.0,,,STOK HABIS / RE-ORDER,
(C15),SCRUEL,December 2025,-,0.0,0.0,0.0,,,,,SET,0.0,0.0,0.0,0.0,,,STOK HABIS / RE-ORDER,
(C15),"BAUT  L BC 1/2""X13GX35MM",December 2025,-,0.0,0.0,0.0,,,,,PCE,0.0,0.0,0.0,0.0,,,STOK HABIS / RE-ORDER,
(C15),"BAUT L BC 1/2""X13GX85MM",December 2025,-,0.0,0.0,0.0,,,,,PCE,0.0,0.0,0.0,0.0,,,STOK HABIS / RE-ORDER,
(C15),BAUT L BC 5/8X1.1GX60MM,December 2025,-,0.0,0.0,0.0,,,,,PCE,0.0,0.0,0.0,0.0,,,STOK HABIS / RE-ORDER,
(C15),DRILL CHUCK BOR,December 2025,-,0.0,0.0,0.0,,,,,PCE,0.0,0.0,0.0,0.0,,,STOK HABIS / RE-ORDER,
(C15),DINA BOLD  M12X65MM,December 2025,-,0.0,0.0,0.0,,,,,PCE,0.0,0.0,0.0,0.0,,,STOK HABIS / RE-ORDER,
(C15),DINA BOLD  M8X65MM,December 2025,-,0.0,0.0,0.0,,,,,PCE,10.0,0.0,0.0,-10.0,,,STOK HABIS / RE-ORDER,
(C15),DINA BOLD  M12X50MM,December 2025,-,0.0,0.0,0.0,,,,,PCE,0.0,0.0,0.0,0.0,,,STOK HABIS / RE-ORDER,
(C15),DINA BOLD M12X60MM,December 2025,-,0.0,0.0,0.0,,,,,PCE,0.0,0.0,0.0,0.0,,,STOK HABIS / RE-ORDER,
(C15),"MATA SNEI 1/4""X19G",December 2025,-,0.0,0.0,0.0,,,,,PCE,0.0,0.0,0.0,0.0,,,STOK HABIS / RE-ORDER,
(C15),"MATA TAP 1/4"" X19G",December 2025,-,0.0,0.0,0.0,,,,,PCE,0.0,0.0,0.0,0.0,,,STOK HABIS / RE-ORDER,
(C15),"MATA TAP 16X1,5",December 2025,-,0.0,0.0,0.0,,,,,SET,0.0,0.0,0.0,0.0,,,STOK HABIS / RE-ORDER,
(C15),KIPAS MOTOR D:AS 15MM DLU 135MM (FAN MOTOR RELL FEDER),December 2025,-,0.0,0.0,0.0,,,,,PCE,0.0,0.0,0.0,0.0,,,STOK HABIS / RE-ORDER,
(C15),"AS GEAR BOX 25X120MM (120,5)",December 2025,-,2.0,0.0,0.0,,,,,PCE,2.0,2.0,2.0,0.0,,,AMAN,
(C15),"MANREL 4""",December 2025,-,4.0,0.0,0.0,,,,,PCE,4.0,4.0,4.0,0.0,,,AMAN,
(C15),"MANREL 2,5""  REWINDER",December 2025,-,0.0,0.0,0.0,,,,,PCE,0.0,0.0,0.0,0.0,,,STOK HABIS / RE-ORDER,
(C15),AS OSCILATING 54X45X41 PRESTRECH,December 2025,-,0.0,0.0,0.0,,,,,PCE,0.0,0.0,0.0,0.0,,,STOK HABIS / RE-ORDER,
(C15),CHUCK L MW:S4SC D=82X38,December 2025,-,4.0,0.0,0.0,,,,,PCE,4.0,4.0,4.0,0.0,,,AMAN,
(C15),CHUCK L MW:S4SC D=82X58,December 2025,-,4.0,0.0,0.0,,,,,PCE,4.0,4.0,4.0,0.0,,,AMAN,
(C15),ENGINE MOUNTING KOMPRESOR,December 2025,-,0.0,0.0,0.0,,,,,PCE,0.0,0.0,0.0,0.0,,,STOK HABIS / RE-ORDER,
C16,TRAY KABEL ,December 2025,-,3.0,0.0,0.0,,,,,METER,3.0,3.0,3.0,0.0,,,AMAN,
(C15),DINA BOLD M10X50,December 2025,-,0.0,0.0,0.0,,,,,PCE,0.0,0.0,0.0,0.0,,,STOK HABIS / RE-ORDER,
(C15),"MATA TAP M4X0,7",December 2025,-,1.0,0.0,0.0,,,,,SET,1.0,1.0,1.0,0.0,,,AMAN,
(C15),"MATA TAP 1/8X0,9",December 2025,-,0.0,0.0,0.0,,,,,SET,0.0,0.0,0.0,0.0,,,STOK HABIS / RE-ORDER,
(C15),"MATA TAP YAMAWA M8X1,25",December 2025,-,0.0,0.0,0.0,,,,,SET,0.0,0.0,0.0,0.0,,,STOK HABIS / RE-ORDER,
(C15),"MATA TAP YAMAWA M10X1,5",December 2025,-,0.0,0.0,0.0,,,,,SET,0.0,0.0,0.0,0.0,,,STOK HABIS / RE-ORDER,
(C15),"MATA TAP YAMAWA M12X1,75",December 2025,-,0.0,0.0,0.0,,,,,SET,0.0,0.0,0.0,0.0,,,STOK HABIS / RE-ORDER,
(C15),PIPA TEMBAGA D=5MM,December 2025,-,0.0,0.0,0.0,,,,,METER,0.0,0.0,0.0,0.0,,,STOK HABIS / RE-ORDER,
(C15),BAUT L 1/4-20X37MM,December 2025,-,0.0,0.0,0.0,,,,,PCE,0.0,0.0,0.0,0.0,,,STOK HABIS / RE-ORDER,
(C15),TAP 3/8-24 UNF,December 2025,-,0.0,0.0,0.0,,,,,SET,0.0,0.0,0.0,0.0,,,STOK HABIS / RE-ORDER,
(C15),"TAP 1/4""X 20G",December 2025,-,0.0,0.0,0.0,,,,,PCE,0.0,0.0,0.0,0.0,,,STOK HABIS / RE-ORDER,
(C15),KUNCI L SOCK 3/16X3/4,December 2025,-,0.0,0.0,0.0,,,,,PCE,0.0,0.0,0.0,0.0,,,STOK HABIS / RE-ORDER,
(C15),KUNCI L T 8MM,December 2025,-,0.0,0.0,0.0,,,,,PCE,0.0,0.0,0.0,0.0,,,STOK HABIS / RE-ORDER,
(C15),DUDUKAN SILINDER,December 2025,-,0.0,0.0,0.0,,,,,PCE,0.0,0.0,0.0,0.0,,,STOK HABIS / RE-ORDER,
(C15),"MATA BOR BESI NACHI D=19,5MM",December 2025,-,0.0,0.0,0.0,,,,,PCE,0.0,0.0,0.0,0.0,,,STOK HABIS / RE-ORDER,
(C15),STANG TAP W 5/32-1/2,December 2025,-,0.0,0.0,0.0,,,,,PCE,0.0,0.0,0.0,0.0,,,STOK HABIS / RE-ORDER,
(C15),"SNEI PLES STANG D= 50MM /2""",December 2025,-,1.0,0.0,0.0,,,,,SET,1.0,1.0,1.0,0.0,,,AMAN,
(C15),GRIMPING TOLLS KABEL,December 2025,-,0.0,0.0,0.0,,,,,PCE,0.0,0.0,0.0,0.0,,,STOK HABIS / RE-ORDER,
(C15),PISAU BUBUT TPGH110304L-FS NX2525 DIA EDGE,December 2025,-,8.0,0.0,0.0,,,,,PCE,8.0,8.0,8.0,0.0,,,AMAN,
(C15),"LONG DRAT (AS BAUT 3/8"")",December 2025,-,0.0,0.0,0.0,,,,,METER,0.0,0.0,0.0,0.0,,,STOK HABIS / RE-ORDER,
(C15),"MUR 3/8""",December 2025,-,0.0,0.0,0.0,,,,,PCE,0.0,0.0,0.0,0.0,,,STOK HABIS / RE-ORDER,
(C15),THUNER 10mm,December 2025,-,0.0,0.0,0.0,,,,,PCE,0.0,0.0,0.0,0.0,,,STOK HABIS / RE-ORDER,
(C15),END MILL HSS-42 8X8 4F,December 2025,-,0.0,0.0,0.0,,,,,PCE,0.0,0.0,0.0,0.0,,,STOK HABIS / RE-ORDER,
(C15),DIE BOLT ADAPTER MC BC,December 2025,-,5.0,0.0,0.0,,,,,PCE,5.0,5.0,5.0,0.0,,,AMAN,
(C15),"SPI UK 6,5X6,5X P:100",December 2025,-,0.0,0.0,0.0,,,,,PCE,0.0,0.0,0.0,0.0,,,STOK HABIS / RE-ORDER,
(C15),"SPI UK 12,8X12,8X P:100",December 2025,-,3.0,0.0,0.0,,,,,PCE,3.0,3.0,3.0,0.0,,,AMAN,
(C15),SPI UK 10X10X100MM,December 2025,-,0.0,0.0,0.0,,,,,PCE,0.0,0.0,0.0,0.0,,,STOK HABIS / RE-ORDER,
(C15),MATA THUNER 30MM ampelas 100,December 2025,-,4.0,0.0,0.0,,,,,PCE,4.0,4.0,4.0,0.0,,,AMAN,
(C15),TAP 5MM,December 2025,-,0.0,0.0,0.0,,,,,SET,0.0,0.0,0.0,0.0,,,STOK HABIS / RE-ORDER,
(C15),ABSOBER ARM DS/BC,December 2025,-,0.0,0.0,0.0,,,,,PCE,0.0,0.0,0.0,0.0,,,STOK HABIS / RE-ORDER,
(C15),KUNCI L MM,December 2025,-,0.0,0.0,0.0,,,,,SET,0.0,0.0,0.0,0.0,,,STOK HABIS / RE-ORDER,
(C15),KUNCI L INCI,December 2025,-,0.0,0.0,0.0,,,,,SET,0.0,0.0,0.0,0.0,,,STOK HABIS / RE-ORDER,
(C15),KUNCI L BINTANG,December 2025,-,0.0,0.0,0.0,,,,,SET,0.0,0.0,0.0,0.0,,,STOK HABIS / RE-ORDER,
(C15), AS GEAR D=50X120MM +MILING KOTAK 1 SISI UNTUK SML2-5 (AS GEAR SCREEN CHANGER),December 2025,-,2.0,0.0,0.0,,,,,PCE,2.0,2.0,2.0,0.0,,,AMAN,
(C15),EXPANSION VALVE VALVE DENFOS 034G7073 SML1,December 2025,-,0.0,0.0,0.0,,,,,PCE,0.0,0.0,0.0,0.0,,,STOK HABIS / RE-ORDER,
(C15),HAND BOR MAKITA 1.5MMX10MM M0600B,December 2025,-,0.0,0.0,0.0,,,,,PCE,0.0,0.0,0.0,0.0,,,STOK HABIS / RE-ORDER,
(C15),BAUT  M4X55MM +MUR,December 2025,-,0.0,0.0,0.0,,,,,PCE,0.0,0.0,0.0,0.0,,,STOK HABIS / RE-ORDER,
(C15),BAUT M8X15MM +MUR,December 2025,-,0.0,0.0,0.0,,,,,PCE,0.0,0.0,0.0,0.0,,,STOK HABIS / RE-ORDER,
(C15),ARM SILINDER PISTON BRAKE,December 2025,-,2.0,0.0,0.0,,,,,PCE,2.0,2.0,2.0,0.0,,,AMAN,
(C15),"BUSHING  D=25,5X20X28MM",December 2025,-,2.0,0.0,0.0,,,,,PCE,2.0,2.0,2.0,0.0,,,AMAN,
(C15),RING D= 25XT: 3MM,December 2025,-,1.0,0.0,0.0,,,,,PCE,1.0,1.0,1.0,0.0,,,AMAN,
(C15),AS PEN D=16XP: 121MM,December 2025,-,1.0,0.0,0.0,,,,,PCE,1.0,1.0,1.0,0.0,,,AMAN,
(C15),BRAKE PAD UK 60X65,December 2025,-,4.0,0.0,0.0,,,,,PCE,4.0,4.0,4.0,0.0,,,AMAN,
(C15),PEN D=8XP.16MM,December 2025,-,2.0,0.0,0.0,,,,,PCE,2.0,2.0,2.0,0.0,,,AMAN,
(C15),DINA SET 20MM,December 2025,-,0.0,0.0,0.0,,,,,PCE,0.0,0.0,0.0,0.0,,,STOK HABIS / RE-ORDER,
(C15),DINA BOLT M10X100,December 2025,-,0.0,0.0,0.0,,,,,PCE,0.0,0.0,0.0,0.0,,,STOK HABIS / RE-ORDER,
(C15),BAUT BREAKET SILINDER,December 2025,-,1.0,0.0,0.0,,,,,PCE,1.0,1.0,1.0,0.0,,,AMAN,
(C15),MOUNTING BREAKET SILINDER,December 2025,-,0.0,0.0,0.0,,,,,PCE,0.0,0.0,0.0,0.0,,,STOK HABIS / RE-ORDER,
(C15),DINA BOLT M12X100MM,December 2025,-,0.0,0.0,0.0,,,,,PCE,0.0,0.0,0.0,0.0,,,STOK HABIS / RE-ORDER,
(C15),DINA BOLT 12MMX75,December 2025,-,0.0,0.0,0.0,,,,,PCE,0.0,0.0,0.0,0.0,,,STOK HABIS / RE-ORDER,
(C15),"PISAU PRESTRECH UK 225X50X1,5",December 2025,-,3.0,0.0,0.0,,,,,PCE,3.0,3.0,3.0,0.0,,,AMAN,
(C15),BREKET TIRAI,December 2025,-,0.0,0.0,0.0,,,,,SET,0.0,0.0,0.0,0.0,,,STOK HABIS / RE-ORDER,
(C15),"SENAY M8X1,25",December 2025,-,1.0,0.0,0.0,,,,,PCE,1.0,1.0,1.0,0.0,,,AMAN,
(C15),PISAU BUBUT MV RAPID EXTRA 1200,December 2025,-,0.0,0.0,0.0,,,,,PCE,0.0,0.0,0.0,0.0,,,STOK HABIS / RE-ORDER,
(C15),KNIFE PRESTRECH 2MMX50X285MM,December 2025,-,3.0,0.0,0.0,,,,,PCE,3.0,3.0,3.0,0.0,,,AMAN,
(C15),KNIFE PRESTRECH 2MMX55X255MM,December 2025,-,0.0,0.0,0.0,,,,,PCE,0.0,0.0,0.0,0.0,,,STOK HABIS / RE-ORDER,
(C15),REPAIR HOUSING POMPA CHILLER,December 2025,-,0.0,0.0,0.0,,,,,PCE,0.0,0.0,0.0,0.0,,,STOK HABIS / RE-ORDER,
(C15),COVER BEARING NIP ROLL 62X37X15,December 2025,-,1.0,0.0,0.0,,,,,PCE,1.0,1.0,1.0,0.0,,,AMAN,
(C15),AS D=10X137MM+GOT SNAPRING 2 SISI,December 2025,-,4.0,0.0,0.0,,,,,PCE,4.0,4.0,4.0,0.0,,,AMAN,
D2,AS BUSHING PLETAIZER NGR 92X204,December 2025,-,2.0,0.0,0.0,,,,,PCE,2.0,2.0,2.0,0.0,,,AMAN,
(C15),HOUSING AS PELETIZER EREMA SML,December 2025,-,0.0,0.0,0.0,,,,,PCE,0.0,0.0,0.0,0.0,,,STOK HABIS / RE-ORDER,
(C15),BRACKET DUDUKAN PNEUMATIC UK63X63X40MM+BUSHING BRONZE,December 2025,-,3.0,0.0,0.0,,,,,SET,3.0,3.0,3.0,0.0,,,AMAN,
(C15),"BAUT M36X 2,0 HEX 36X94MM MAT.S45C ADJUSTER",December 2025,-,0.0,0.0,0.0,,,,,PCE,0.0,0.0,0.0,0.0,,,STOK HABIS / RE-ORDER,
(C15),BAUT ADJUSTER 30MMX80X2.0,December 2025,-,0.0,0.0,0.0,,,,,PCE,0.0,0.0,0.0,0.0,,,STOK HABIS / RE-ORDER,
(C15),BAUT ADJUSTER 36X93,December 2025,-,0.0,0.0,0.0,,,,,PCE,0.0,0.0,0.0,0.0,,,STOK HABIS / RE-ORDER,
(C15),BAUT ADJUSTER D=36X83,December 2025,-,4.0,0.0,0.0,,,,,PCE,1.0,4.0,4.0,3.0,,,AMAN,
(C15),WORM GEAR AB2 D=52X t.14MM Z30 BUSHING D=29X55,December 2025,-,1.0,0.0,0.0,,,,,PCE,1.0,1.0,1.0,0.0,,,AMAN,
(C15),WORM GEAR AB2 DIA 67Xt.15MM Z30+BUSHING DIA=29X55MM,December 2025,-,1.0,0.0,0.0,,,,,PCE,1.0,1.0,1.0,0.0,,,AMAN,
(C15),BRACKET CYLINDER(L)AS HOLLOW UK 60X60X150+PLAT 110X295X10MM,December 2025,-,0.0,0.0,0.0,,,,,PCE,0.0,0.0,0.0,0.0,,,STOK HABIS / RE-ORDER,
(C15),BRACKET CYLINDER(R)AS HOLLOW UK 60X60X200+PLAT 110X110X10MM,December 2025,-,0.0,0.0,0.0,,,,,PCE,0.0,0.0,0.0,0.0,,,STOK HABIS / RE-ORDER,
(C15),"BRACKET CYLINDER  AS 15,7X30MM PLAT 50X60X10MM+BOR=4",December 2025,-,0.0,0.0,0.0,,,,,PCE,0.0,0.0,0.0,0.0,,,STOK HABIS / RE-ORDER,
(C15),"BUSHING ULIR BRONZE M70X1,5X32MM",December 2025,-,1.0,0.0,0.0,,,,,PCE,1.0,1.0,1.0,0.0,,,AMAN,
(C15),BAUT S/S M8 DIA. 15X55MM,December 2025,-,1.0,0.0,0.0,,,,,PCE,1.0,1.0,1.0,0.0,,,AMAN,
(C15),"BUSHING BRONZE DIA 64,5XID 44,2X11,5MM",December 2025,-,1.0,0.0,0.0,,,,,SET,1.0,1.0,1.0,0.0,,,AMAN,
(C15),"BUSHING BRONZE DIA 64,5XID 44,2X11,5MM(CHAMPER)",December 2025,-,1.0,0.0,0.0,,,,,SET,1.0,1.0,1.0,0.0,,,AMAN,
(C15),"STICK CORE NILLON DIA 63,7X760MM",December 2025,-,0.0,0.0,0.0,,,,,PCE,0.0,0.0,0.0,0.0,,,STOK HABIS / RE-ORDER,
(C15),ALUMINIUM HEATER UK.35X390XT.20MM+BOR+MILING,December 2025,-,0.0,0.0,0.0,,,,,PCE,0.0,0.0,0.0,0.0,,,STOK HABIS / RE-ORDER,
(C15),YOKE HANGE UK.44X90X44MM+BUSHING DIA.26X19X11MM,December 2025,-,0.0,0.0,0.0,,,,,SET,0.0,0.0,0.0,0.0,,,STOK HABIS / RE-ORDER,
(C15),PLATE BESI UK.250X250XT.20MM,December 2025,-,0.0,0.0,0.0,,,,,PCE,0.0,0.0,0.0,0.0,,,STOK HABIS / RE-ORDER,
(C15),PLATE BESI UK.200X250XT.20MM,December 2025,-,0.0,0.0,0.0,,,,,PCE,0.0,0.0,0.0,0.0,,,STOK HABIS / RE-ORDER,
(C15),AS S45C DIA.38X605MM +MILLING+DRAT+MUR,December 2025,-,0.0,0.0,0.0,,,,,SET,0.0,0.0,0.0,0.0,,,STOK HABIS / RE-ORDER,
(C15),"RELL CUTTER MATERIAL ALMUNIUM UK 10,2X13XP.100MM GOT 1,6,,",December 2025,-,0.0,0.0,0.0,,,,,PCE,0.0,0.0,0.0,0.0,,,STOK HABIS / RE-ORDER,
(C15),BUSHING BRONZE DIA. 89XID 63 XT.25MM MC BLOWN,December 2025,-,1.0,0.0,0.0,,,,,PCE,1.0,1.0,1.0,0.0,,,AMAN,
(C15),"RELL CUTTER BLOWN UK:10,2X13XP.100MM",December 2025,-,0.0,0.0,0.0,,,,,PCE,0.0,0.0,0.0,0.0,,,STOK HABIS / RE-ORDER,
(C15),"WORM GEAR  AB2 DIA 78 x 23 mm Z40, pakai bushing lama REPAIR",December 2025,-,0.0,0.0,0.0,,,,,PCE,0.0,0.0,0.0,0.0,,,STOK HABIS / RE-ORDER,
(C15),HOUSING BEARING REPAIR NGR,December 2025,-,0.0,0.0,0.0,,,,,PCE,0.0,0.0,0.0,0.0,,,STOK HABIS / RE-ORDER,
D2,KOPLING ROTEX 48,December 2025,-,1.0,0.0,0.0,,,,,SET,1.0,1.0,1.0,0.0,,,AMAN,
(C15),KING PEN D=28X185MM,December 2025,-,2.0,0.0,0.0,,,,,PCE,2.0,2.0,2.0,0.0,,,AMAN,
(C15),BRACKET AS MANDRELL 45X170 REWINDER,December 2025,-,2.0,0.0,0.0,,,,,PCE,2.0,2.0,2.0,0.0,,,AMAN,
(C15),AS MANDRELL 25X27X61 REWINDER,December 2025,-,4.0,0.0,0.0,,,,,PCE,4.0,4.0,4.0,0.0,,,AMAN,
(C15),PUMP FOR KRISBOW HIGH PRESSURE 150 BAR,December 2025,-,0.0,0.0,0.0,,,,,PCE,0.0,0.0,0.0,0.0,,,STOK HABIS / RE-ORDER,
(C15),PULLY  24X24-M8 SML,December 2025,-,0.0,0.0,0.0,,,,,PCE,0.0,0.0,0.0,0.0,,,STOK HABIS / RE-ORDER,
(C15),RUMAH BEARING BLOWN INVERTER REPAIR,December 2025,-,0.0,0.0,0.0,,,,,PCE,0.0,0.0,0.0,0.0,,,STOK HABIS / RE-ORDER,
(C15),"WORM GEAR BRONZ MC REAPING D:90X16,5MM",December 2025,-,0.0,0.0,0.0,,,,,PCE,0.0,0.0,0.0,0.0,,,STOK HABIS / RE-ORDER,
(C15),ORING VITON 4X98 KOBELCO,December 2025,-,0.0,0.0,0.0,,,,,PCE,0.0,0.0,0.0,0.0,,,STOK HABIS / RE-ORDER,
(C15),RANTAI RS 40 ROLLER CHAIN,December 2025,-,1.0,0.0,0.0,,,,,PCE,0.0,1.0,1.0,1.0,,,AMAN,
(C15),GEAR BLIND (RS 40X32T),December 2025,-,1.0,0.0,0.0,,,,,PCE,1.0,1.0,1.0,0.0,,,AMAN,
(C15),GEAR BLIND (RS40X16T),December 2025,-,1.0,0.0,0.0,,,,,PCE,1.0,1.0,1.0,0.0,,,AMAN,
(C15),AS MANDREL 17MMX63MMXM12,December 2025,-,0.0,0.0,0.0,,,,,PCE,0.0,0.0,0.0,0.0,,,STOK HABIS / RE-ORDER,
(C15),AS CYLINDER D:32X84MM (PIN PISTON),December 2025,-,0.0,0.0,0.0,,,,,PCE,0.0,0.0,0.0,0.0,,,STOK HABIS / RE-ORDER,
(C15),"BUSING BEARING (MANDREL 2,5"")",December 2025,-,0.0,0.0,0.0,,,,,PCE,0.0,0.0,0.0,0.0,,,STOK HABIS / RE-ORDER,
(C15),AS MANDREL 17MMX63MMXM16,December 2025,-,0.0,0.0,0.0,,,,,PCE,0.0,0.0,0.0,0.0,,,STOK HABIS / RE-ORDER,
(C15),"HELICAL GEAR Z25 85X35,5MM NAUTILUS",December 2025,-,0.0,0.0,0.0,,,,,SET,0.0,0.0,0.0,0.0,,,STOK HABIS / RE-ORDER,
(C15),SLIDING BAR CATION 30X36X330MM NOZAKI,December 2025,-,1.0,0.0,0.0,,,,,PCE,1.0,1.0,1.0,0.0,,,AMAN,
(C15),WORM GEAR DIA 75X40 EREMA NGR,December 2025,-,0.0,0.0,0.0,,,,,PCE,0.0,0.0,0.0,0.0,,,STOK HABIS / RE-ORDER,
(C15),MOUNTING CYLINDER CUTTING SML,December 2025,-,3.0,0.0,0.0,,,,,PCE,3.0,3.0,3.0,0.0,,,AMAN,
C6,ISOLATOR ASBES MC SEAL MANUAL/ELEMEN,December 2025,-,3.0,0.0,0.0,,,,,PCE,3.0,3.0,3.0,0.0,,,AMAN,
(C15),MATA BOR diameter 3mm,December 2025,-,0.0,0.0,0.0,,,,,PCE,0.0,0.0,0.0,0.0,,,STOK HABIS / RE-ORDER,
(C15),MATA BOR diameter 6mm,December 2025,-,0.0,0.0,0.0,,,,,PCE,0.0,0.0,0.0,0.0,,,STOK HABIS / RE-ORDER,
(C15),MATA BOR diameter 12mm,December 2025,-,1.0,0.0,0.0,,,,,PCE,1.0,1.0,1.0,0.0,,,AMAN,
(C15),MATA BOR diameter 4 mm,December 2025,-,0.0,0.0,0.0,,,,,PCE,0.0,0.0,0.0,0.0,,,STOK HABIS / RE-ORDER,
(C15),MATA BOR diameter 5 mm,December 2025,-,0.0,0.0,0.0,,,,,PCE,0.0,0.0,0.0,0.0,,,STOK HABIS / RE-ORDER,
(C15),"MATA BOR D=10,5MM",December 2025,-,0.0,0.0,0.0,,,,,PCE,0.0,0.0,0.0,0.0,,,STOK HABIS / RE-ORDER,
(C15),"MATA BOR NANCHI D=6,2MM",December 2025,-,0.0,0.0,0.0,,,,,PCE,0.0,0.0,0.0,0.0,,,STOK HABIS / RE-ORDER,
(C15),MATA MILING 8 MM,December 2025,-,0.0,0.0,0.0,,,,,PCE,0.0,0.0,0.0,0.0,,,STOK HABIS / RE-ORDER,
(C15),MATA MILING 5 MM,December 2025,-,0.0,0.0,0.0,,,,,PCE,0.0,0.0,0.0,0.0,,,STOK HABIS / RE-ORDER,
(C15),ENGSEL SUPPORT BOBIN BUBUTAN untuk sml,December 2025,-,8.0,0.0,0.0,,,,,PCE,8.0,8.0,8.0,0.0,,,AMAN,
(C15),"ENGSEL PINTU 4""X3""",December 2025,-,0.0,0.0,0.0,,,,,SET,0.0,0.0,0.0,0.0,,,STOK HABIS / RE-ORDER,
(C15),MATA BOR  BETON 10MM,December 2025,-,0.0,0.0,0.0,,,,,PCE,0.0,0.0,0.0,0.0,,,STOK HABIS / RE-ORDER,
(C15),MATA BOR 6X100 mm BETON,December 2025,-,0.0,0.0,0.0,,,,,PCE,0.0,0.0,0.0,0.0,,,STOK HABIS / RE-ORDER,
(C15),MATA BOR 16X2X200MM,December 2025,-,1.0,0.0,0.0,,,,,PCE,1.0,1.0,1.0,0.0,,,AMAN,
C5,BEARING SKF 6211/C3,December 2025,-,3.0,0.0,0.0,,,,,PCE,3.0,3.0,3.0,0.0,,,AMAN,
(C15),KAWAT TIMAH SOLDER,December 2025,-,0.0,0.0,0.0,,,,,ROLL,0.0,0.0,0.0,0.0,,,STOK HABIS / RE-ORDER,
C6,CLAMP KABEL 12MM,December 2025,-,2.0,0.0,0.0,,,,,PACK,1.0,2.0,2.0,1.0,,,AMAN,
(C15),PAKU SCRUP 30MM,December 2025,-,0.0,0.0,0.0,,,,,PCE,0.0,0.0,0.0,0.0,,,STOK HABIS / RE-ORDER,
(C15),FISHER SCRUP  30MM,December 2025,-,0.0,0.0,0.0,,,,,PCE,0.0,0.0,0.0,0.0,,,STOK HABIS / RE-ORDER,
C6,CLAMP KABEL B261/20,December 2025,-,10.0,0.0,0.0,,,,,PCE,10.0,10.0,10.0,0.0,,,AMAN,
(C15),"SOCK GALVANIS 3/4""",December 2025,-,0.0,0.0,0.0,,,,,PCE,0.0,0.0,0.0,0.0,,,STOK HABIS / RE-ORDER,
(C15),"T GALVANIS 3/4""",December 2025,-,0.0,0.0,0.0,,,,,PCE,0.0,0.0,0.0,0.0,,,STOK HABIS / RE-ORDER,
(C15),"KENY GALVANIS 3/4""",December 2025,-,0.0,0.0,0.0,,,,,PCE,0.0,0.0,0.0,0.0,,,STOK HABIS / RE-ORDER,
(C15),"DOUBLE NEPEL GALVANIS 3/4""",December 2025,-,0.0,0.0,0.0,,,,,PCE,0.0,0.0,0.0,0.0,,,STOK HABIS / RE-ORDER,
(C15),"VLOCK RING GALVANIS 3/4""X1/2""",December 2025,-,0.0,0.0,0.0,,,,,PCE,0.0,0.0,0.0,0.0,,,STOK HABIS / RE-ORDER,
(C15),"VLOCK RING GALVANIS 1/2""X1""",December 2025,-,0.0,0.0,0.0,,,,,PCE,0.0,0.0,0.0,0.0,,,STOK HABIS / RE-ORDER,
(C15),"VLOCK RING GALVANIS 3/8""X1/2""",December 2025,-,0.0,0.0,0.0,,,,,PCE,0.0,0.0,0.0,0.0,,,STOK HABIS / RE-ORDER,
D2,HELICAL GEAR D=29MMX60MM MAT: S45C,December 2025,-,2.0,0.0,0.0,,,,,PCE,2.0,2.0,2.0,0.0,,,AMAN,
D2,HELICAL GEAR D=129MMX17MM MAT EBONIT,December 2025,-,4.0,0.0,0.0,,,,,PCE,4.0,4.0,4.0,0.0,,,AMAN,
D2,"HOUSING BEARING D=78MMX28,5MM",December 2025,-,3.0,0.0,0.0,,,,,PCE,3.0,3.0,3.0,0.0,,,AMAN,
(C15),"VLOCK RING 1/8X1/4""",December 2025,-,0.0,0.0,0.0,,,,,PCE,0.0,0.0,0.0,0.0,,,STOK HABIS / RE-ORDER,
(C15),"VLOCK SHOCK 3/4""X1/2""",December 2025,-,0.0,0.0,0.0,,,,,PCE,0.0,0.0,0.0,0.0,,,STOK HABIS / RE-ORDER,
(C15),"PLUG 1/2""",December 2025,-,0.0,0.0,0.0,,,,,PCE,0.0,0.0,0.0,0.0,,,STOK HABIS / RE-ORDER,
(C15),"DOP DRAT LUAR  GALVANIS 3/4""",December 2025,-,1.0,0.0,0.0,,,,,PCE,1.0,1.0,1.0,0.0,,,AMAN,
(C15),"DOP 3/4"" PVC",December 2025,-,0.0,0.0,0.0,,,,,PCE,0.0,0.0,0.0,0.0,,,STOK HABIS / RE-ORDER,
(C15),"WATER MOOR GALVANIS 3/4""",December 2025,-,0.0,0.0,0.0,,,,,PCE,0.0,0.0,0.0,0.0,,,STOK HABIS / RE-ORDER,
(C15),"WATTER MOOR 1"" PVC",December 2025,-,0.0,0.0,0.0,,,,,PCE,0.0,0.0,0.0,0.0,,,STOK HABIS / RE-ORDER,
(C15),METERAN 5M,December 2025,-,0.0,0.0,0.0,,,,,PCE,0.0,0.0,0.0,0.0,,,STOK HABIS / RE-ORDER,
(C15),METERAN 3M,December 2025,-,0.0,0.0,0.0,,,,,PCE,0.0,0.0,0.0,0.0,,,STOK HABIS / RE-ORDER,
(C15),PAKU ROOFING 12X 30MM,December 2025,-,0.0,0.0,0.0,,,,,BOX,0.0,0.0,0.0,0.0,,,STOK HABIS / RE-ORDER,
(C15),PAKU ROOFING 20MM,December 2025,-,0.0,0.0,0.0,,,,,BOX,0.0,0.0,0.0,0.0,,,STOK HABIS / RE-ORDER,
(C15),DINABOLT 8MMX50MM,December 2025,-,0.0,0.0,0.0,,,,,PCE,0.0,0.0,0.0,0.0,,,STOK HABIS / RE-ORDER,
(C15),DINABOLT 10X65MM,December 2025,-,0.0,0.0,0.0,,,,,PCE,7.0,0.0,0.0,-7.0,,,STOK HABIS / RE-ORDER,
(C15),"STANG SNAY 50,8X16",December 2025,-,0.0,0.0,0.0,,,,,PCE,0.0,0.0,0.0,0.0,,,STOK HABIS / RE-ORDER,
(C15),"MATA SNAY M 20X2 1/2""",December 2025,-,0.0,0.0,0.0,,,,,PCE,0.0,0.0,0.0,0.0,,,STOK HABIS / RE-ORDER,
(C15),MATA TUNER 12MM FX1225M06 KLEBER,December 2025,-,0.0,0.0,0.0,,,,,PCE,0.0,0.0,0.0,0.0,,,STOK HABIS / RE-ORDER,
(C15),MATA TUNER 8MM,December 2025,-,0.0,0.0,0.0,,,,,PCE,0.0,0.0,0.0,0.0,,,STOK HABIS / RE-ORDER,
(C15),MATA TUNER 10MM,December 2025,-,0.0,0.0,0.0,,,,,PCE,0.0,0.0,0.0,0.0,,,STOK HABIS / RE-ORDER,
(C15),FINIL KABEL 120MM WARNA MERAH,December 2025,-,2.0,0.0,0.0,,,,,PCE,2.0,2.0,2.0,0.0,,,AMAN,
(C15),FINIL KABEL 120MM WARNA BIRU ,December 2025,-,3.0,0.0,0.0,,,,,PCE,3.0,3.0,3.0,0.0,,,AMAN,
(C15),FINIL KABEL 120MM WARNA HITAM,December 2025,-,3.0,0.0,0.0,,,,,PCE,3.0,3.0,3.0,0.0,,,AMAN,
(C15),FINIL KABEL 120MM WARNA KUNING,December 2025,-,2.0,0.0,0.0,,,,,PCE,2.0,2.0,2.0,0.0,,,AMAN,
(C15),FINIL KABEL 400MM WARNA BIRU,December 2025,-,0.0,0.0,0.0,,,,,PCE,0.0,0.0,0.0,0.0,,,STOK HABIS / RE-ORDER,
(C15),FINIL KABEL 400MM WARNA KUNING,December 2025,-,6.0,0.0,0.0,,,,,PCE,6.0,6.0,6.0,0.0,,,AMAN,
(C15),FINIL KABEL 400MM WARNA HITAM,December 2025,-,6.0,0.0,0.0,,,,,PCE,6.0,6.0,6.0,0.0,,,AMAN,
(C15),FINIL KABEL 400MM WARNA MERAH,December 2025,-,6.0,0.0,0.0,,,,,PCE,6.0,6.0,6.0,0.0,,,AMAN,
(C15),FINIL KABEL 95MM WARNA  MERAH,December 2025,-,3.0,0.0,0.0,,,,,PCE,3.0,3.0,3.0,0.0,,,AMAN,
(C15),FINIL KABEL 95MM WARNA  BIRU,December 2025,-,0.0,0.0,0.0,,,,,PCE,0.0,0.0,0.0,0.0,,,STOK HABIS / RE-ORDER,
(C15),FINIL KABEL 95MM WARNA  KUNINGAN,December 2025,-,3.0,0.0,0.0,,,,,PCE,3.0,3.0,3.0,0.0,,,AMAN,
(C15),FINIL KABEL 95MM WARNA  HITAM,December 2025,-,3.0,0.0,0.0,,,,,PCE,3.0,3.0,3.0,0.0,,,AMAN,
(C15),FINIL KABEL 35MM WARNA  MERAH,December 2025,-,1.0,0.0,0.0,,,,,PCE,1.0,1.0,1.0,0.0,,,AMAN,
(C15),FINIL KABEL 35MM WARNA  KUNING,December 2025,-,0.0,0.0,0.0,,,,,PCE,0.0,0.0,0.0,0.0,,,STOK HABIS / RE-ORDER,
(C15),FINIL KABEL 35MM WARNA  HITAM,December 2025,-,0.0,0.0,0.0,,,,,PCE,0.0,0.0,0.0,0.0,,,STOK HABIS / RE-ORDER,
(C15),FINIL KABEL 35MM WARNA  BIRU,December 2025,-,3.0,0.0,0.0,,,,,PCE,3.0,3.0,3.0,0.0,,,AMAN,
(C15),FINIL KABEL 25MM WARNA BIRU,December 2025,-,1.0,0.0,0.0,,,,,PCE,1.0,1.0,1.0,0.0,,,AMAN,
(C15),FINIL KABEL 25MM WARNA HIJAU,December 2025,-,0.0,0.0,0.0,,,,,PCE,0.0,0.0,0.0,0.0,,,STOK HABIS / RE-ORDER,
(C15),BREAKET CYLINDER MC NOZAKI 12MMX40MMX145MM,December 2025,-,2.0,0.0,0.0,,,,,PCE,2.0,2.0,2.0,0.0,,,AMAN,
C6,OIL CAN ,December 2025,-,0.0,0.0,0.0,,,,,PCE,0.0,0.0,0.0,0.0,,,STOK HABIS / RE-ORDER,
C6,ENGINE VALVE MB-38-0 EX(OUT),December 2025,-,0.0,0.0,0.0,,,,,PCE,0.0,0.0,0.0,0.0,,,STOK HABIS / RE-ORDER,
C6,ENGINE VALVE MB-38-0 (IN),December 2025,-,0.0,0.0,0.0,,,,,PCE,0.0,0.0,0.0,0.0,,,STOK HABIS / RE-ORDER,
C6,CLAMP 131-139,December 2025,-,0.0,0.0,0.0,,,,,PCE,0.0,0.0,0.0,0.0,,,STOK HABIS / RE-ORDER,
C6,41261-30512-71 FORKLIFT ENGIN MOUNTING,December 2025,-,0.0,0.0,0.0,,,,,PCE,0.0,0.0,0.0,0.0,,,STOK HABIS / RE-ORDER,
C6,BREKET ENGINE MOUNTING FORKLIFT,December 2025,-,0.0,0.0,0.0,,,,,PCE,0.0,0.0,0.0,0.0,,,STOK HABIS / RE-ORDER,
C6,MUR GARDAN  FORKLIFT TOYOTA,December 2025,-,0.0,0.0,0.0,,,,,PCE,0.0,0.0,0.0,0.0,,,STOK HABIS / RE-ORDER,
C6,BAUT 8MM FORKLIFT TOYOTA,December 2025,-,0.0,0.0,0.0,,,,,PCE,0.0,0.0,0.0,0.0,,,STOK HABIS / RE-ORDER,
C6,"AS DRAT 1/2""X13 GAM",December 2025,-,0.0,0.0,0.0,,,,,PCE,0.0,0.0,0.0,0.0,,,STOK HABIS / RE-ORDER,
C6,"EBONIT COKLAT (SEDANG) 110X2,8CM",December 2025,-,0.0,0.0,0.0,,,,,PCE,0.0,0.0,0.0,0.0,,,STOK HABIS / RE-ORDER,
C6,"EBONIT HIJAU (SEDANG)110X2,8CM",December 2025,-,0.0,0.0,0.0,,,,,PCE,0.0,0.0,0.0,0.0,,,STOK HABIS / RE-ORDER,
C6,"RING BRONSE D=150M XDdlm=98,7X10MM",December 2025,-,0.0,0.0,0.0,,,,,PCE,0.0,0.0,0.0,0.0,,,STOK HABIS / RE-ORDER,
C6,EBONIT  COKLAT 160CMX8CMX5MM,December 2025,-,0.0,0.0,0.0,,,,,PCE,0.0,0.0,0.0,0.0,,,STOK HABIS / RE-ORDER,
C6,CLAMP FILTER AUGER 201-213,December 2025,-,0.0,0.0,0.0,,,,,PCE,0.0,0.0,0.0,0.0,,,STOK HABIS / RE-ORDER,
C6,"CORE CUTTER DIA 100X25,4X16",December 2025,-,2.0,0.0,0.0,,,,,PCE,2.0,2.0,2.0,0.0,,,AMAN,
C6,KABEL TIES 200,December 2025,-,1.0,0.0,0.0,,,,,SET,0.0,1.0,1.0,1.0,,,AMAN,
C6,KAWAT LAS D=3.2X350MM RD260(5KG),December 2025,-,1.0,0.0,0.0,,,,,SET,2.0,1.0,1.0,-1.0,,,AMAN,
C6,KABEL TIES 100,December 2025,-,1.0,0.0,0.0,,,,,SET,1.0,1.0,1.0,0.0,,,AMAN,
C6,KABEL TIES 150,December 2025,-,2.0,0.0,0.0,,,,,SET,1.0,2.0,2.0,1.0,,,AMAN,
C6,"KAWAT LAS D=2,6X350MM RD-260",December 2025,-,1.0,0.0,0.0,,,,,SET,1.0,1.0,1.0,0.0,,,AMAN,
C6,"KAWAT LAS RD-260 D=2,0X300MM(2KG)",December 2025,-,0.0,0.0,0.0,,,,,SET,0.0,0.0,0.0,0.0,,,STOK HABIS / RE-ORDER,
C6,"KAWAT LAS LB-52  32MM& 2,6MM",December 2025,-,0.0,0.0,0.0,,,,,SET,0.0,0.0,0.0,0.0,,,STOK HABIS / RE-ORDER,
C6,"KAWAT LAS 3,2 MM RB-26 ",December 2025,-,0.0,0.0,0.0,,,,,SET,0.0,0.0,0.0,0.0,,,STOK HABIS / RE-ORDER,
C6,STANG LAS,December 2025,-,0.0,0.0,0.0,,,,,PCE,0.0,0.0,0.0,0.0,,,STOK HABIS / RE-ORDER,
C6,STANG MASSA,December 2025,-,0.0,0.0,0.0,,,,,PCE,0.0,0.0,0.0,0.0,,,STOK HABIS / RE-ORDER,
C6,"PISAU POTONG CORE 100X25,4X2",December 2025,-,0.0,0.0,0.0,,,,,PCE,0.0,0.0,0.0,0.0,,,STOK HABIS / RE-ORDER,
C6,TERMINAL BLOK 60A,December 2025,-,3.0,0.0,0.0,,,,,PCE,3.0,3.0,3.0,0.0,,,AMAN,
C6,LOCK PINTU PANEL OUMAL,December 2025,-,1.0,0.0,0.0,,,,,PCE,1.0,1.0,1.0,0.0,,,AMAN,
C6,HADLE PANEL D=22MM NGR,December 2025,-,0.0,0.0,0.0,,,,,PCE,0.0,0.0,0.0,0.0,,,STOK HABIS / RE-ORDER,
C6,SIKAT KUNINGAN,December 2025,-,7.0,0.0,0.0,,,,,PCE,7.0,7.0,7.0,0.0,,,AMAN,
C6,Brush Pad NGR,December 2025,-,8.0,0.0,0.0,,,,,PCE,3.0,8.0,8.0,5.0,,,AMAN,
C6,Union Brusher grinder WW-60,December 2025,-,0.0,0.0,0.0,,,,,PCE,0.0,0.0,0.0,0.0,,,STOK HABIS / RE-ORDER,
C6,"UNION BRUSHES SC-30 75mm/m-3"" D.X25m/ml.X6m/ms",December 2025,-,11.0,0.0,0.0,,,,,PCE,11.0,11.0,11.0,0.0,,,AMAN,
C6,"UNION BRUSHHES SE-12  1 1/4""-32mm D.X25L.X6mms SE 12-IF2-00186",December 2025,-,0.0,0.0,0.0,,,,,PCE,0.0,0.0,0.0,0.0,,,STOK HABIS / RE-ORDER,
C6,"Brush AN-075 M10 .P=1,5 3"" LYK CBB-01. DOMAX,KING",December 2025,-,3.0,0.0,0.0,,,,,PCE,5.0,3.0,3.0,-2.0,,,AMAN,
C6,UNION ISO9001 SEP-05 END BRUSH WITH SHANK75mm 16X25L.X6S MAX 4500 R.P.M (TOWER),December 2025,-,5.0,0.0,0.0,,,,,PCE,5.0,5.0,5.0,0.0,,,AMAN,
C6,WHEEL BRUSH 50mm KW0300053,December 2025,-,0.0,0.0,0.0,,,,,PCE,0.0,0.0,0.0,0.0,,,STOK HABIS / RE-ORDER,
C6,"TTB-06 BRASS WIRE 3/4"" DIAX5/16""",December 2025,-,0.0,0.0,0.0,,,,,PCE,0.0,0.0,0.0,0.0,,,STOK HABIS / RE-ORDER,
C6,"TTB-06 BRASS  19DX90LX140 AL 5/16""",December 2025,-,14.0,0.0,0.0,,,,,PCE,14.0,14.0,14.0,0.0,,,AMAN,
C6,"TTB-10 BRASS WIRE 1""DIAX1/2""M",December 2025,-,8.0,0.0,0.0,,,,,PCE,8.0,8.0,8.0,0.0,,,AMAN,
C6,"KUAS 1 1/2""",December 2025,-,5.0,0.0,0.0,,,,,PCE,1.0,5.0,5.0,4.0,,,AMAN,
C6,"KUAS 2""",December 2025,-,4.0,0.0,0.0,,,,,PCE,1.0,4.0,4.0,3.0,,,AMAN,
C6,KABEL MULTI TESTER APPA ATL-3N,December 2025,-,1.0,0.0,0.0,,,,,PCE,1.0,1.0,1.0,0.0,,,AMAN,
C6,"CUP BRUSH CAD-75S D=75mm,S=6mm R.P.M.=4500",December 2025,-,5.0,0.0,0.0,,,,,PCE,5.0,5.0,5.0,0.0,,,AMAN,
C6,SIKAT EAGLE BRAND,December 2025,-,6.0,0.0,0.0,,,,,PCE,9.0,6.0,6.0,-3.0,,,AMAN,
C6,"BRUSH BENZ 1"" MERK LYK ",December 2025,-,3.0,0.0,0.0,,,,,PCE,3.0,3.0,3.0,0.0,,,AMAN,
C6,"KUAS 2,5""",December 2025,-,0.0,0.0,0.0,,,,,PCE,0.0,0.0,0.0,0.0,,,STOK HABIS / RE-ORDER,
C6,GAGANG ROLL SET,December 2025,-,0.0,0.0,0.0,,,,,PCE,0.0,0.0,0.0,0.0,,,STOK HABIS / RE-ORDER,
C6,ROLL SET,December 2025,-,0.0,0.0,0.0,,,,,PCE,0.0,0.0,0.0,0.0,,,STOK HABIS / RE-ORDER,
C7,Bearing SKF 51112,December 2025,-,6.0,0.0,0.0,,,,,PCE,6.0,6.0,6.0,0.0,,,AMAN,
C7,BEARING SKF 51110/51110 C3,December 2025,-,6.0,0.0,0.0,,,,,PCE,6.0,6.0,6.0,0.0,,,AMAN,
C7,Bearing IKO CR-20,December 2025,-,7.0,0.0,0.0,,,,,PCE,7.0,7.0,7.0,0.0,,,AMAN,
C7,Bearing IKO NAST 17 ZZ,December 2025,-,9.0,0.0,0.0,,,,,PCE,9.0,9.0,9.0,0.0,,,AMAN,
C7,Bearing FBJ 1205,December 2025,-,3.0,0.0,0.0,,,,,PCE,3.0,3.0,3.0,0.0,,,AMAN,
C7,Bearing SKF 2209E,December 2025,-,1.0,0.0,0.0,,,,,PCE,1.0,1.0,1.0,0.0,,,AMAN,
C7,Bearing SKF GE 25 ES,December 2025,-,2.0,0.0,0.0,,,,,PCE,2.0,2.0,2.0,0.0,,,AMAN,
C7,Bearing SKF GE 25 ES - 2RS,December 2025,-,0.0,0.0,0.0,,,,,PCE,0.0,0.0,0.0,0.0,,,STOK HABIS / RE-ORDER,
C7,BEARING SKF GE 25 TXE-2LS,December 2025,-,5.0,0.0,0.0,,,,,PCE,5.0,5.0,5.0,0.0,,,AMAN,
C7,Bearing SKF YET 211,December 2025,-,2.0,0.0,0.0,,,,,PCE,2.0,2.0,2.0,0.0,,,AMAN,
C7,BEARING SKF 51109,December 2025,-,2.0,0.0,0.0,,,,,PCE,2.0,2.0,2.0,0.0,,,AMAN,
C7,"Bearing SKF 22206 E, SKF 22206 E/C3",December 2025,-,4.0,0.0,0.0,,,,,PCE,4.0,4.0,4.0,0.0,,,AMAN,
C7,BEARING SKF 22209 E/C3,December 2025,-,3.0,0.0,0.0,,,,,PCE,4.0,3.0,3.0,-1.0,,,AMAN,
C7,BEARING SKF 22310 E/C3,December 2025,-,0.0,0.0,0.0,,,,,PCE,0.0,0.0,0.0,0.0,,,STOK HABIS / RE-ORDER,
C7,BEARING SKF 22309 E/C3,December 2025,-,2.0,0.0,0.0,,,,,PCE,2.0,2.0,2.0,0.0,,,AMAN,
C7,Bearing IKO LRT 222830,December 2025,-,13.0,0.0,0.0,,,,,PCE,13.0,13.0,13.0,0.0,,,AMAN,
C7,Bearing MC Gill CYR 1 3/8 S EXS BC,December 2025,-,0.0,0.0,0.0,,,,,PCE,0.0,0.0,0.0,0.0,,,STOK HABIS / RE-ORDER,
C7,BEARING IKO CRY 22V,December 2025,-,4.0,0.0,0.0,,,,,PCE,4.0,4.0,4.0,0.0,,,AMAN,
C7,Bearing NACHI 22206 EXQW 33 C3,December 2025,-,1.0,0.0,0.0,,,,,PCE,1.0,1.0,1.0,0.0,,,AMAN,
C7,Bearing BMB LME 20UUOP,December 2025,-,7.0,0.0,0.0,,,,,PCE,7.0,7.0,7.0,0.0,,,AMAN,
C7,Bearing KOYO 6206 ZZ CM,December 2025,-,1.0,0.0,0.0,,,,,PCE,1.0,1.0,1.0,0.0,,,AMAN,
C7,BEARING KOYO RCT 47SA6 FORKLIFT THECROP,December 2025,-,0.0,0.0,0.0,,,,,PCE,0.0,0.0,0.0,0.0,,,STOK HABIS / RE-ORDER,
C7,Bearing KSM 62207 2RS,December 2025,-,1.0,0.0,0.0,,,,,PCE,1.0,1.0,1.0,0.0,,,AMAN,
C7,Bearing NKN 6204 2RS C3,December 2025,-,0.0,0.0,0.0,,,,,PCE,0.0,0.0,0.0,0.0,,,STOK HABIS / RE-ORDER,
C7,Bearing MRC 5212 CFF,December 2025,-,1.0,0.0,0.0,,,,,PCE,1.0,1.0,1.0,0.0,,,AMAN,
(C7-C9),Bearing SKF NU 212 ECP(EXS),December 2025,-,0.0,0.0,0.0,,,,,PCE,0.0,0.0,0.0,0.0,,,STOK HABIS / RE-ORDER,
C7,Bearing INA GRAE20 NPPB (Untuk Pulley vanbelt Core pusher SML 2-5),December 2025,-,2.0,0.0,0.0,,,,,PCE,2.0,2.0,2.0,0.0,,,AMAN,
C7,FLANGE BEARING INA FLAN85-MSB,December 2025,-,6.0,0.0,0.0,,,,,PCE,6.0,6.0,6.0,0.0,,,AMAN,
C7,BEARING INA HK5025 000090716 BLOWN,December 2025,-,4.0,0.0,0.0,,,,,PCE,4.0,4.0,4.0,0.0,,,AMAN,
C7,BEARING INA NUTR17-A MC NOZAKI,December 2025,-,5.0,0.0,0.0,,,,,PCE,5.0,5.0,5.0,0.0,,,AMAN,
C7,BEARING INA GE12-DO-E MC NOZAKI,December 2025,-,3.0,0.0,0.0,,,,,PCE,3.0,3.0,3.0,0.0,,,AMAN,
C7,bearing skf YAR 209 -2f,December 2025,-,2.0,0.0,0.0,,,,,PCE,2.0,2.0,2.0,0.0,,,AMAN,
(C7-C9),BEARING SKF 6320/C3,December 2025,-,0.0,0.0,0.0,,,,,PCE,0.0,0.0,0.0,0.0,,,STOK HABIS / RE-ORDER,
(C7-C9),BEARING SKF 32314 J2/Q,December 2025,-,0.0,0.0,0.0,,,,,PCE,0.0,0.0,0.0,0.0,,,STOK HABIS / RE-ORDER,
(C7-C9),BEARING SKF 6217/C4,December 2025,-,0.0,0.0,0.0,,,,,PCE,0.0,0.0,0.0,0.0,,,STOK HABIS / RE-ORDER,
(C7-C9),BEARING FAG 6320 2Z,December 2025,-,0.0,0.0,0.0,,,,,PCE,0.0,0.0,0.0,0.0,,,STOK HABIS / RE-ORDER,
(C7-C9),"BEARING SET ,CON ROD 13041-78205-71 FORKLIFT",December 2025,-,0.0,0.0,0.0,,,,,PCE,0.0,0.0,0.0,0.0,,,STOK HABIS / RE-ORDER,
(C7-C9),BEARING SET 11701-78209-71 FORKLIFT,December 2025,-,0.0,0.0,0.0,,,,,PCE,0.0,0.0,0.0,0.0,,,STOK HABIS / RE-ORDER,
(C7-C9),BEARING NTN 6001 Z,December 2025,-,0.0,0.0,0.0,,,,,PCE,0.0,0.0,0.0,0.0,,,STOK HABIS / RE-ORDER,
(C7-C9),BEARING  SKF 6205 -2Z/C3,December 2025,-,0.0,0.0,0.0,,,,,PCE,0.0,0.0,0.0,0.0,,,STOK HABIS / RE-ORDER,
(C7-C9),HOUSING RING IKO LRT 606825 (COMP COBELCO),December 2025,-,0.0,0.0,0.0,,,,,PCE,0.0,0.0,0.0,0.0,,,STOK HABIS / RE-ORDER,
C8,BEARING SKF 7306 BEP  (COMP COBELCO),December 2025,-,2.0,0.0,0.0,,,,,PCE,2.0,2.0,2.0,0.0,,,AMAN,
C4,BEARING SKF 7308 BEP  (COMP COBELCO),December 2025,-,3.0,0.0,0.0,,,,,PCE,3.0,3.0,3.0,0.0,,,AMAN,
C8,BEARING NSK 210 ET COMP KOBELCO,December 2025,-,1.0,0.0,0.0,,,,,PCE,1.0,1.0,1.0,0.0,,,AMAN,
C7,BEARING FAG 7308-B-XL-2RS-TVP-L198,December 2025,-,2.0,0.0,0.0,,,,,PCE,2.0,2.0,2.0,0.0,,,AMAN,
(C7-C9),BEARING SKF EXPLORER  NU 212 ECP(BARU),December 2025,-,0.0,0.0,0.0,,,,,PCE,0.0,0.0,0.0,0.0,,,STOK HABIS / RE-ORDER,
(C7-C9),BEARING NTN 5960,December 2025,-,0.0,0.0,0.0,,,,,PCE,0.0,0.0,0.0,0.0,,,STOK HABIS / RE-ORDER,
C7,BEARING NSK 7305 AW,December 2025,-,2.0,0.0,0.0,,,,,PCE,2.0,2.0,2.0,0.0,,,AMAN,
(C7-C9),BEARING FAG 6220-2Z C3,December 2025,-,0.0,0.0,0.0,,,,,PCE,0.0,0.0,0.0,0.0,,,STOK HABIS / RE-ORDER,
(C5),BEARING EXPLORER SKF 6220/C3,December 2025,-,2.0,0.0,0.0,,,,,PCE,2.0,2.0,2.0,0.0,,,AMAN,
(C5),BEARING FAG 6220 -J20AA-C3,December 2025,-,2.0,0.0,0.0,,,,,PCE,2.0,2.0,2.0,0.0,,,AMAN,
(C7-C9),BEARING 6220-J20AA C3,December 2025,-,0.0,0.0,0.0,,,,,PCE,0.0,0.0,0.0,0.0,,,STOK HABIS / RE-ORDER,
C7,TAPER LOCK CL  28X55B,December 2025,-,5.0,0.0,0.0,,,,,PCE,5.0,5.0,5.0,0.0,,,AMAN,
C7,BEARING NSK 28 TAG 007,December 2025,-,6.0,0.0,0.0,,,,,PCE,6.0,6.0,6.0,0.0,,,AMAN,
(C7-C9),BEARING KOYO 28TAG 007 C1910,December 2025,-,0.0,0.0,0.0,,,,,PCE,0.0,0.0,0.0,0.0,,,STOK HABIS / RE-ORDER,
(C7-C9),BEARING KOYO 28 TAG 12 GAE,December 2025,-,0.0,0.0,0.0,,,,,PCE,0.0,0.0,0.0,0.0,,,STOK HABIS / RE-ORDER,
C9,BEARING SKF 6202-2RSH(SKF 6202-2Z),December 2025,-,0.0,0.0,0.0,,,,,PCE,1.0,0.0,0.0,-1.0,,,STOK HABIS / RE-ORDER,
C9,BEARING SKF 6202-2RSH/C3,December 2025,-,6.0,0.0,0.0,,,,,PCE,6.0,6.0,6.0,0.0,,,AMAN,
C7,BEARING SKF YAR 211-2F,December 2025,-,3.0,0.0,0.0,,,,,PCE,1.0,3.0,3.0,2.0,,,AMAN,
C11,BEARING SKF 32307 J2/Q,December 2025,-,2.0,0.0,0.0,,,,,PCE,2.0,2.0,2.0,0.0,,,AMAN,
(C7-C9),BEARING FAG NJ312-E-XL TVP2 C3,December 2025,-,0.0,0.0,0.0,,,,,PCE,0.0,0.0,0.0,0.0,,,STOK HABIS / RE-ORDER,
(C7-C9),BEARING FAG 7310-B-XL-TVP,December 2025,-,0.0,0.0,0.0,,,,,PCE,0.0,0.0,0.0,0.0,,,STOK HABIS / RE-ORDER,
(C7-C9),BEARING SKF 2308 ECP/C3,December 2025,-,0.0,0.0,0.0,,,,,PCE,0.0,0.0,0.0,0.0,,,STOK HABIS / RE-ORDER,
(C7-C9),BEARING SKF NJ 2206 ECP/C3,December 2025,-,0.0,0.0,0.0,,,,,PCE,0.0,0.0,0.0,0.0,,,STOK HABIS / RE-ORDER,
(C7-C9),BEARING SKF NU 310 ECP,December 2025,-,0.0,0.0,0.0,,,,,PCE,0.0,0.0,0.0,0.0,,,STOK HABIS / RE-ORDER,
(C7-C9),BEARING IKO LRT 556035,December 2025,-,0.0,0.0,0.0,,,,,PCE,0.0,0.0,0.0,0.0,,,STOK HABIS / RE-ORDER,
C4,BEARING SKF 6017-2Z(2Z/C3),December 2025,-,11.0,0.0,0.0,,,,,PCE,11.0,11.0,11.0,0.0,,,AMAN,
C11,BEARING NTN 6905 ZZ/2AS,December 2025,-,6.0,0.0,0.0,,,,,PCE,6.0,6.0,6.0,0.0,,,AMAN,
(C7-C9),BEARING TIMKEN 3977 MC DS(GEAR BOX CHILL ROLL),December 2025,-,0.0,0.0,0.0,,,,,PCE,0.0,0.0,0.0,0.0,,,STOK HABIS / RE-ORDER,
(C7-C9),BEARING TIMKEN 3920  MC DS(GEAR BOX CHILL ROLL),December 2025,-,0.0,0.0,0.0,,,,,PCE,0.0,0.0,0.0,0.0,,,STOK HABIS / RE-ORDER,
(C7-C9),BEARING  TIMKEN SET 330 HM 803146-HM 803110 MC DS(GEAR BOX CHILL ROLL),December 2025,-,0.0,0.0,0.0,,,,,PCE,0.0,0.0,0.0,0.0,,,STOK HABIS / RE-ORDER,
(C7-C9),BEARING TIMKEN HH 421210  MC DS,December 2025,-,0.0,0.0,0.0,,,,,PCE,0.0,0.0,0.0,0.0,,,STOK HABIS / RE-ORDER,
(C7-C9),BEARING TIMKEN JM 736110  MC DS,December 2025,-,0.0,0.0,0.0,,,,,PCE,0.0,0.0,0.0,0.0,,,STOK HABIS / RE-ORDER,
(C7-C9),BEARING TIMKEN 93125 M8 VD/93750 MC DS,December 2025,-,0.0,0.0,0.0,,,,,SET,0.0,0.0,0.0,0.0,,,STOK HABIS / RE-ORDER,
(C7-C9),BEARING FAG 1206 TV/C3 UNTUK WINDER ROLL BLOWN,December 2025,-,0.0,0.0,0.0,,,,,PCE,0.0,0.0,0.0,0.0,,,STOK HABIS / RE-ORDER,
(C7-C9),BEARING FAG 6220 C3 VL0241,December 2025,-,0.0,405.42,0.0,,,,,PCE,0.0,0.0,0.0,0.0,,,STOK HABIS / RE-ORDER,
C8,BEARING FAG UC 206,December 2025,-,1.0,0.0,0.0,,,,,PCE,1.0,1.0,1.0,0.0,,,AMAN,
C8,BEARING FAG UC 204,December 2025,-,2.0,0.0,0.0,,,,,PCE,2.0,2.0,2.0,0.0,,,AMAN,
C8,FYH BEARING UC 206,December 2025,-,5.0,0.0,0.0,,,,,PCE,5.0,5.0,5.0,0.0,,,AMAN,
C8,FYH BEARING UC 207,December 2025,-,4.0,0.0,0.0,,,,,PCE,4.0,4.0,4.0,0.0,,,AMAN,
C8,FYH BEARING UC 208,December 2025,-,4.0,0.0,0.0,,,,,PCE,4.0,4.0,4.0,0.0,,,AMAN,
C8,BEARING INA GE45-KLL-B,December 2025,-,2.0,0.0,0.0,,,,,PCE,2.0,2.0,2.0,0.0,,,AMAN,
C7,BEARING SKF 22208 E,December 2025,-,2.0,0.0,0.0,,,,,PCE,2.0,2.0,2.0,0.0,,,AMAN,
C4,BEARING NTN 6900ZZCM/5K,December 2025,-,8.0,0.0,0.0,,,,,PCE,8.0,8.0,8.0,0.0,,,AMAN,
(C7-C9),BEARING NSK 28 TAG 12,December 2025,-,0.0,0.0,0.0,,,,,PCE,0.0,0.0,0.0,0.0,,,STOK HABIS / RE-ORDER,
C8,Bearing Fbj UCFL205,December 2025,-,1.0,0.0,0.0,,,,,PCE,1.0,1.0,1.0,0.0,,,AMAN,
C8,Bearing IKO  LBB 32,December 2025,-,2.0,0.0,0.0,,,,,PCE,2.0,2.0,2.0,0.0,,,AMAN,
C8,Bearing WTW 62205 2RS,December 2025,-,15.0,0.0,0.0,,,,,PCE,15.0,15.0,15.0,0.0,,,AMAN,
C8,Bearing JAF 5209 2RS,December 2025,-,0.0,0.0,0.0,,,,,PCE,0.0,0.0,0.0,0.0,,,STOK HABIS / RE-ORDER,
C8,BEARING KSM 5209-2RS,December 2025,-,0.0,0.0,0.0,,,,,PCE,0.0,0.0,0.0,0.0,,,STOK HABIS / RE-ORDER,
C8,BEARING JTE-KT KOYO 5209-2RS,December 2025,-,3.0,0.0,0.0,,,,,PCE,3.0,3.0,3.0,0.0,,,AMAN,
C8,Bearing MRK 28TAG12,December 2025,-,0.0,0.0,0.0,,,,,PCE,0.0,0.0,0.0,0.0,,,STOK HABIS / RE-ORDER,
C8,Bearing FBJ UCP 208 24,December 2025,-,2.0,0.0,0.0,,,,,PCE,2.0,2.0,2.0,0.0,,,AMAN,
C8,Bearing FBJ UCP 205 16,December 2025,-,2.0,0.0,0.0,,,,,PCE,2.0,2.0,2.0,0.0,,,AMAN,
C8,Bearing FYH ER 211,December 2025,-,2.0,0.0,0.0,,,,,PCE,2.0,2.0,2.0,0.0,,,AMAN,
C8,"ROD END MOUNTING D=16X1,5 DRAT 1,5",December 2025,-,4.0,0.0,0.0,,,,,PCE,4.0,4.0,4.0,0.0,,,AMAN,
C8,Seal Master MP 19TxFC -1505 (TANPA DUS),December 2025,-,1.0,0.0,0.0,,,,,PCE,1.0,1.0,1.0,0.0,,,AMAN,
C8,PILOW BLOCK BEARING UCFL204J,December 2025,-,0.0,0.0,0.0,,,,,PCE,0.0,0.0,0.0,0.0,,,STOK HABIS / RE-ORDER,
C8,ONE WAY BEARING HF2016-L564,December 2025,-,3.0,0.0,0.0,,,,,PCE,3.0,3.0,3.0,0.0,,,AMAN,
C8,BLOCK BEARING HIWIN W 25C,December 2025,-,0.0,0.0,0.0,,,,,PCE,0.0,0.0,0.0,0.0,,,STOK HABIS / RE-ORDER,
C8,BEARING BAMBU ESREK IKO RNA 69/22,December 2025,-,9.0,0.0,0.0,,,,,PCE,9.0,9.0,9.0,0.0,,,AMAN,
C8,BUSHING AS EXCEL,December 2025,-,0.0,0.0,0.0,,,,,PCE,0.0,0.0,0.0,0.0,,,STOK HABIS / RE-ORDER,
C8,FLOW BEARING UCP207J,December 2025,-,0.0,0.0,0.0,,,,,PCE,0.0,0.0,0.0,0.0,,,STOK HABIS / RE-ORDER,
C8,BEARING FILOW BLOCK SKF FYTB 40 TF,December 2025,-,1.0,0.0,0.0,,,,,PCE,1.0,1.0,1.0,0.0,,,AMAN,
C8,BEARING  PILLOW CLOCK FAG UCF 206 J7,December 2025,-,0.0,0.0,0.0,,,,,PCE,0.0,0.0,0.0,0.0,,,STOK HABIS / RE-ORDER,
C8,BEARING SKF 30204 J2/Q (C4),December 2025,-,3.0,0.0,0.0,,,,,PCE,1.0,3.0,3.0,2.0,,,AMAN,
C8,BEARING SKF 32010 X,December 2025,-,2.0,0.0,0.0,,,,,PCE,0.0,2.0,2.0,2.0,,,AMAN,
C9,REXROTH LINEAR BLOCK BEARING P/N:R165321420,December 2025,-,0.0,2400000.0,0.0,,,,,PCE       ,0.0,0.0,0.0,0.0,,,STOK HABIS / RE-ORDER,
C9,REXROTH LINEAR BLOCK BEARING MNR:R165181420,December 2025,-,2.0,0.0,0.0,,,,,PCE,2.0,2.0,2.0,0.0,,,AMAN,
C9,REXROTH LINEAR BLOCK BEARING MNR:R165321420,December 2025,-,2.0,0.0,0.0,,,,,PCE,2.0,2.0,2.0,0.0,,,AMAN,
C9,LINEAR BUSHING E-LBHM16LUU,December 2025,-,6.0,0.0,0.0,,,,,PCE,6.0,6.0,6.0,0.0,,,AMAN,
C9,Bearing SKF 62207-2RS1,December 2025,-,4.0,0.0,0.0,,,,,PCE,4.0,4.0,4.0,0.0,,,AMAN,
C9,Bearing SKF 6205-2RS1 + 6205-2Z,December 2025,-,8.0,0.0,0.0,,,,,PCE,9.0,8.0,8.0,-1.0,,,AMAN,
C9,Bearing SKF 6207-2Z,December 2025,-,0.0,0.0,0.0,,,,,PCE,0.0,0.0,0.0,0.0,,,STOK HABIS / RE-ORDER,
C9,BEARING  SKF 6207-2Z/C3,December 2025,-,5.0,0.0,0.0,,,,,PCE,5.0,5.0,5.0,0.0,,,AMAN,
C9,Bearing SKF 6208-2RS1/C3,December 2025,-,3.0,0.0,0.0,,,,,PCE,3.0,3.0,3.0,0.0,,,AMAN,
C9,Bearing SKF 6209-2RS1,December 2025,-,3.0,0.0,0.0,,,,,PCE,3.0,3.0,3.0,0.0,,,AMAN,
C9,BEARING  SKF 6209-C3,December 2025,-,3.0,0.0,0.0,,,,,PCE,3.0,3.0,3.0,0.0,,,AMAN,
C9,BEARING SKF 6209-2Z/C3,December 2025,-,1.0,0.0,0.0,,,,,PCE,1.0,1.0,1.0,0.0,,,AMAN,
C9,"Bearing SKF 6204-2RSH dan SKF 6204-2RS1/C3,2RSH C3",December 2025,-,0.0,0.0,0.0,,,,,PCE,0.0,0.0,0.0,0.0,,,STOK HABIS / RE-ORDER,
C9,Bearing SKF 6206-2Z dan SKF 6206-2Z/C3,December 2025,-,0.0,0.0,0.0,,,,,PCE,0.0,0.0,0.0,0.0,,,STOK HABIS / RE-ORDER,
C9,Bearing SKF 6204-2Z,December 2025,-,3.0,0.0,0.0,,,,,PCE,3.0,3.0,3.0,0.0,,,AMAN,
C9,Bearing SKF 6203-2Z/C3,December 2025,-,1.0,0.0,0.0,,,,,PCE,1.0,1.0,1.0,0.0,,,AMAN,
C9,BEARING SKF 6203-2RSH,December 2025,-,6.0,0.0,0.0,,,,,PCE,6.0,6.0,6.0,0.0,,,AMAN,
C9,Bearing SKF 1204 ETN9+ SKF1204 ETN9(C3),December 2025,-,6.0,0.0,0.0,,,,,PCE,4.0,6.0,6.0,2.0,,,AMAN,
C9,Bearing SKF 1205 ETN9,December 2025,-,6.0,0.0,0.0,,,,,PCE,6.0,6.0,6.0,0.0,,,AMAN,
C9,Bearing SKF 6208-2Z,December 2025,-,2.0,0.0,0.0,,,,,PCE,2.0,2.0,2.0,0.0,,,AMAN,
C12,Bearing SKF 61908 - 2RS1,December 2025,-,3.0,0.0,0.0,,,,,PCE,3.0,3.0,3.0,0.0,,,AMAN,
C9,Bearing 1208 ETN9/C3,December 2025,-,0.0,0.0,0.0,,,,,PCE,0.0,0.0,0.0,0.0,,,STOK HABIS / RE-ORDER,
C9,BEARING FAG 1208 TVH-C3,December 2025,-,5.0,0.0,0.0,,,,,PCE,2.0,5.0,5.0,3.0,,,AMAN,
C9,Bearing SKF 62205 - 2RS1,December 2025,-,4.0,0.0,0.0,,,,,PCE,4.0,4.0,4.0,0.0,,,AMAN,
C9,Bearing SKF 6200 - 2RSH/C3,December 2025,-,7.0,0.0,0.0,,,,,PCE,7.0,7.0,7.0,0.0,,,AMAN,
C9,Bearing SKF 16006,December 2025,-,6.0,0.0,0.0,,,,,PCE,6.0,6.0,6.0,0.0,,,AMAN,
C9,Bearing SKF 16009 2Z,December 2025,-,3.0,0.0,0.0,,,,,PCE,3.0,3.0,3.0,0.0,,,AMAN,
C9,Bearing koyo 1204,December 2025,-,0.0,0.0,0.0,,,,,PCE,0.0,0.0,0.0,0.0,,,STOK HABIS / RE-ORDER,
C9,BEARING SKF 1206 ETN9,December 2025,-,9.0,0.0,0.0,,,,,PCE,9.0,9.0,9.0,0.0,,,AMAN,
C9,PLAT KUNINGAN 6mmX 1m(0.5MM),December 2025,-,0.0,0.0,0.0,,,,,METER,0.0,0.0,0.0,0.0,,,STOK HABIS / RE-ORDER,
C9,BEARING SKF 6201-2Z (SKF 6201-2Z/C3),December 2025,-,6.0,0.0,0.0,,,,,PCE,6.0,6.0,6.0,0.0,,,AMAN,
C9,BEARING SKF 62207-2RS1/C3,December 2025,-,2.0,0.0,0.0,,,,,PCE,2.0,2.0,2.0,0.0,,,AMAN,
C9,BEARING SKF 16005,December 2025,-,7.0,0.0,0.0,,,,,PCE,7.0,7.0,7.0,0.0,,,AMAN,
C9,BEARING SKF 6206-2RS1,December 2025,-,5.0,0.0,0.0,,,,,PCE,5.0,5.0,5.0,0.0,,,AMAN,
C9,"BEARING SKF 6205-2RSH,6205-2RSH/C3",December 2025,-,0.0,0.0,0.0,,,,,PCE,0.0,0.0,0.0,0.0,,,STOK HABIS / RE-ORDER,
C10,Seal Master Bearing MFC 19TX ALP,December 2025,-,6.0,0.0,0.0,,,,,PCE,6.0,6.0,6.0,0.0,,,AMAN,
C10,"Pillow Block Seal Master Bearing 13""/16"" EMP-19T",December 2025,-,2.0,0.0,0.0,,,,,PCE,2.0,2.0,2.0,0.0,,,AMAN,
C10,BEARING TIMKEN SET14 L44643-L44610 MC WRAPING,December 2025,-,2.0,0.0,0.0,,,,,PCE,2.0,2.0,2.0,0.0,,,AMAN,
C10,Bearing TIMKEN 5517 C (EXS),December 2025,-,2.0,0.0,0.0,,,,,PCE,2.0,2.0,2.0,0.0,,,AMAN,
C10,Bearing TIMKEN 567 (EXS),December 2025,-,2.0,0.0,0.0,,,,,PCE,2.0,2.0,2.0,0.0,,,AMAN,
C10,Bearing TIMKEN 13318,December 2025,-,1.0,0.0,0.0,,,,,PCE,1.0,1.0,1.0,0.0,,,AMAN,
C10,BEARING ER47 TIMKEN ,December 2025,-,0.0,25.0,0.0,,,,,PCE,0.0,0.0,0.0,0.0,,,STOK HABIS / RE-ORDER,
C10,BEARING SEAL MASTER ER47,December 2025,-,3.0,0.0,0.0,,,,,PCE,3.0,3.0,3.0,0.0,,,AMAN,
C10,Bearing SKF RLS 6 (TANPA DUS),December 2025,-,2.0,0.0,0.0,,,,,PCE,2.0,2.0,2.0,0.0,,,AMAN,
C10,Bearing MRK 28 Ta9 12 Tanpa dus,December 2025,-,0.0,0.0,0.0,,,,,PCE,0.0,0.0,0.0,0.0,,,STOK HABIS / RE-ORDER,
C10,Bearing FBJ 6005 Z (TANPA DUS),December 2025,-,2.0,0.0,0.0,,,,,PCE,2.0,2.0,2.0,0.0,,,AMAN,
C10,Bearing FBJ 6006 Z (TANPA DUS),December 2025,-,1.0,0.0,0.0,,,,,PCE,1.0,1.0,1.0,0.0,,,AMAN,
C10,Bearing INDOKA 6301 2RS (TANPA DUS),December 2025,-,0.0,0.0,0.0,,,,,PCE,0.0,0.0,0.0,0.0,,,STOK HABIS / RE-ORDER,
C10,Bearing NTN 6303 LU (TANPA DUS),December 2025,-,2.0,0.0,0.0,,,,,PCE,2.0,2.0,2.0,0.0,,,AMAN,
C10,Bearing NTN 6909 LU (TANPA DUS),December 2025,-,2.0,0.0,0.0,,,,,PCE,2.0,2.0,2.0,0.0,,,AMAN,
C10,Bearing KOYO 6207 RS (TANPA DUS),December 2025,-,1.0,0.0,0.0,,,,,PCE,1.0,1.0,1.0,0.0,,,AMAN,
C10,Bearing bambu IKO NA 6906,December 2025,-,2.0,0.0,0.0,,,,,PCE,2.0,2.0,2.0,0.0,,,AMAN,
C10,Bearing NKN FL-207 (TANPA DUS),December 2025,-,2.0,0.0,0.0,,,,,PCE,2.0,2.0,2.0,0.0,,,AMAN,
C10,Bearing FBJ FL-205 (TANPA DUS),December 2025,-,2.0,0.0,0.0,,,,,PCE,2.0,2.0,2.0,0.0,,,AMAN,
C10,BEARING NTN 6909Z (TANPA DUS),December 2025,-,2.0,0.0,0.0,,,,,PCE,2.0,2.0,2.0,0.0,,,AMAN,
C11,BEARING NTN 6909 Z,December 2025,-,2.0,0.0,0.0,,,,,PCE,2.0,2.0,2.0,0.0,,,AMAN,
C11,Bearing SKF 3212 A-2Z/C3MT33,December 2025,-,2.0,0.0,0.0,,,,,PCE,2.0,2.0,2.0,0.0,,,AMAN,
C11,Bearing SKF 3209 A-2RS1TN9/MT33,December 2025,-,5.0,0.0,0.0,,,,,PCE,5.0,5.0,5.0,0.0,,,AMAN,
C11,Bearing SKF 3207 A-2RS1TN9/MT33,December 2025,-,4.0,0.0,0.0,,,,,PCE,5.0,4.0,4.0,-1.0,,,AMAN,
C11,BEARING SKF 3206 A-2ZTN9/MT33,December 2025,-,3.0,0.0,0.0,,,,,PCE,3.0,3.0,3.0,0.0,,,AMAN,
C11,Bearing SKF Explorer 3207 ATN9/C3,December 2025,-,4.0,0.0,0.0,,,,,PCE,3.0,4.0,4.0,1.0,,,AMAN,
C11,Bearing NTN 6010 ZZ cm/5k,December 2025,-,1.0,0.0,0.0,,,,,PCE,1.0,1.0,1.0,0.0,,,AMAN,
C11,Bearing NTN 6208 LLU/2ASUI,December 2025,-,4.0,0.0,0.0,,,,,PCE,4.0,4.0,4.0,0.0,,,AMAN,
C11,Bearing NTN 6308 LLU/2ASUI,December 2025,-,1.0,0.0,0.0,,,,,PCE,1.0,1.0,1.0,0.0,,,AMAN,
C11,Bearing NTN 6312 ZZ cm/5k ,December 2025,-,0.0,0.0,0.0,,,,,PCE,0.0,0.0,0.0,0.0,,,STOK HABIS / RE-ORDER,
C11,Bearing NTN 6212 ZZ cm/5k ,December 2025,-,1.0,0.0,0.0,,,,,PCE,1.0,1.0,1.0,0.0,,,AMAN,
C11,Bearing NTN 6213 ZZ c3/5k,December 2025,-,0.0,0.0,0.0,,,,,PCE,0.0,0.0,0.0,0.0,,,STOK HABIS / RE-ORDER,
C11,Bearing NTN NA 490 1R,December 2025,-,3.0,0.0,0.0,,,,,PCE,3.0,3.0,3.0,0.0,,,AMAN,
C11,Bearing NTN 6007 ZZ/2ASU1,December 2025,-,0.0,0.0,0.0,,,,,PCE,0.0,0.0,0.0,0.0,,,STOK HABIS / RE-ORDER,
C11,Bearing NTN 1204 S,December 2025,-,0.0,0.0,0.0,,,,,PCE,0.0,0.0,0.0,0.0,,,STOK HABIS / RE-ORDER,
C11,Bearing NTN 1R 40x45x30  2U1406,December 2025,-,6.0,0.0,0.0,,,,,PCE,6.0,6.0,6.0,0.0,,,AMAN,
C11,BEARING IKO 40X45X30,December 2025,-,0.0,0.0,0.0,,,,,PCE,0.0,0.0,0.0,0.0,,,STOK HABIS / RE-ORDER,
C11,Bearing NIN 6203 ZZ,December 2025,-,2.0,0.0,0.0,,,,,PCE,2.0,2.0,2.0,0.0,,,AMAN,
C11,Bearing NTN 6309 LLUCM/5K,December 2025,-,3.0,0.0,0.0,,,,,PCE,3.0,3.0,3.0,0.0,,,AMAN,
C11,BEARING NTN  NA 6906R,December 2025,-,1.0,0.0,0.0,,,,,PCE,1.0,1.0,1.0,0.0,,,AMAN,
C11,BEARING NTN NA 5906 COMP KOBELCO,December 2025,-,1.0,0.0,0.0,,,,,PCE,1.0,1.0,1.0,0.0,,,AMAN,
C11,BEARING NTN 6226ZZ,December 2025,-,2.0,0.0,0.0,,,,,PCE,2.0,2.0,2.0,0.0,,,AMAN,
C11,BEARING SKF 3208 A-2RS1TN9,December 2025,-,5.0,0.0,0.0,,,,,PCE,2.0,5.0,5.0,3.0,,,AMAN,
C11,BEARING NTN 6217 C4,December 2025,-,2.0,0.0,0.0,,,,,PCE,2.0,2.0,2.0,0.0,,,AMAN,
C11,BEARING 32010X SKF,December 2025,-,0.0,0.0,0.0,,,,,PCE,0.0,0.0,0.0,0.0,,,STOK HABIS / RE-ORDER,
C11,BEARING SKF 30306  FORKLIFT,December 2025,-,4.0,0.0,0.0,,,,,PCE,4.0,4.0,4.0,0.0,,,AMAN,
C11,BEARING SKF 32209 FORKLIFT,December 2025,-,2.0,0.0,0.0,,,,,PCE,2.0,2.0,2.0,0.0,,,AMAN,
C11,BEARING NTN 32209 FORKLIFT,December 2025,-,0.0,0.0,0.0,,,,,PCE,0.0,0.0,0.0,0.0,,,STOK HABIS / RE-ORDER,
C12,Bearing SKF 6305-2Z dan SKF 6305-2RS1(2Z/C3),December 2025,-,6.0,0.0,0.0,,,,,PCE,6.0,6.0,6.0,0.0,,,AMAN,
C12,Bearing SKF 63009-2RS1,December 2025,-,6.0,0.0,0.0,,,,,PCE,6.0,6.0,6.0,0.0,,,AMAN,
C12,Bearing SKF 6308-2RS1,December 2025,-,0.0,0.0,0.0,,,,,PCE,0.0,0.0,0.0,0.0,,,STOK HABIS / RE-ORDER,
C12,BEARING SKF 6308-2RS1/C3,December 2025,-,3.0,0.0,0.0,,,,,PCE,5.0,3.0,3.0,-2.0,,,AMAN,
C12,Bearing SKF 6307-2Z/C3,December 2025,-,3.0,0.0,0.0,,,,,PCE,3.0,3.0,3.0,0.0,,,AMAN,
C12,Bearing SKF 6306-2Z & SKF 6306-2Z/C3 ,December 2025,-,4.0,0.0,0.0,,,,,PCE,4.0,4.0,4.0,0.0,,,AMAN,
C12,BEARING SKF 6306-2RS1/C3,December 2025,-,3.0,0.0,0.0,,,,,PCE,3.0,3.0,3.0,0.0,,,AMAN,
C12,BEARING SKF 6300 2RS1/C3,December 2025,-,8.0,0.0,0.0,,,,,PCE,8.0,8.0,8.0,0.0,,,AMAN,
C12,Bearing SKF 63007-2RS1,December 2025,-,6.0,0.0,0.0,,,,,PCE,6.0,6.0,6.0,0.0,,,AMAN,
C12,BEARING KSM 63007-2RS,December 2025,-,1.0,0.0,0.0,,,,,PCE,1.0,1.0,1.0,0.0,,,AMAN,
C12,Bearing SKF 63006-2RS1 & 63006-2z/c3,December 2025,-,6.0,0.0,0.0,,,,,PCE,6.0,6.0,6.0,0.0,,,AMAN,
C12,BEARING FAG 63006-A-2RSR,December 2025,-,0.0,0.0,0.0,,,,,PCE,0.0,0.0,0.0,0.0,,,STOK HABIS / RE-ORDER,
C12,BEARING FAG 63007-A-2RSR,December 2025,-,0.0,0.0,0.0,,,,,PCE,0.0,0.0,0.0,0.0,,,STOK HABIS / RE-ORDER,
C12,"Bearing SKF 6309-2RS1/C3  ,6309-2RS1",December 2025,-,4.0,0.0,0.0,,,,,PCE,4.0,4.0,4.0,0.0,,,AMAN,
C12,BEARING SKF 6310-2Z,December 2025,-,4.0,0.0,0.0,,,,,PCE,4.0,4.0,4.0,0.0,,,AMAN,
C12,Bearing SKF 61909-2RZ,December 2025,-,10.0,0.0,0.0,,,,,PCE,10.0,10.0,10.0,0.0,,,AMAN,
C12,Bearing SKF 61909-2RS1,December 2025,-,8.0,0.0,0.0,,,,,PCE,8.0,8.0,8.0,0.0,,,AMAN,
C12,Bearing SKF 63003-2RS1,December 2025,-,7.0,0.0,0.0,,,,,PCE,7.0,7.0,7.0,0.0,,,AMAN,
C12,BEARING KSM 63003-2RS,December 2025,-,0.0,0.0,0.0,,,,,PCE,0.0,0.0,0.0,0.0,,,STOK HABIS / RE-ORDER,
C12,Bearing SKF 6304-2RSH/2RS1/C3,December 2025,-,5.0,0.0,0.0,,,,,PCE,6.0,5.0,5.0,-1.0,,,AMAN,
C12,Bearing  SKF 6309 2Z/C3,December 2025,-,0.0,0.0,0.0,,,,,PCE,0.0,0.0,0.0,0.0,,,STOK HABIS / RE-ORDER,
C4,Bearing SKF 6007 2Z,December 2025,-,3.0,0.0,0.0,,,,,PCE,3.0,3.0,3.0,0.0,,,AMAN,
C12,Bearing SKF 63010 2RS1,December 2025,-,1.0,0.0,0.0,,,,,PCE,1.0,1.0,1.0,0.0,,,AMAN,
C12,Bearing TIMKEN 63003 2RS,December 2025,-,0.0,0.0,0.0,,,,,PCE,0.0,0.0,0.0,0.0,,,STOK HABIS / RE-ORDER,
C12,BEARING SKF 61901-2Z,December 2025,-,30.0,0.0,0.0,,,,,PCE,30.0,30.0,30.0,0.0,,,AMAN,
C12,BERING SKF 61903-2RS1,December 2025,-,21.0,0.0,0.0,,,,,PCE,21.0,21.0,21.0,0.0,,,AMAN,
C12,BEARING SKF 61905-2RS1,December 2025,-,9.0,0.0,0.0,,,,,PCE,9.0,9.0,9.0,0.0,,,AMAN,
C12,BEARING SKF 6301-2RS1,December 2025,-,3.0,0.0,0.0,,,,,PCE,3.0,3.0,3.0,0.0,,,AMAN,
C13,Master Rem Forklift Toyota,December 2025,-,0.0,0.0,0.0,,,,,PCE       ,0.0,0.0,0.0,0.0,,,STOK HABIS / RE-ORDER,
C13,MASTER REM KOPLING BAWAH (FORKLIFT,December 2025,-,0.0,0.0,0.0,,,,,PCE       ,0.0,0.0,0.0,0.0,,,STOK HABIS / RE-ORDER,
C13,PIN PAKU PER KAMPAS REM FORKLIFT,December 2025,-,0.0,0.0,0.0,,,,,PCE       ,0.0,0.0,0.0,0.0,,,STOK HABIS / RE-ORDER,
C13,Baut Forklift,December 2025,-,0.0,0.0,0.0,,,,,PCE,0.0,0.0,0.0,0.0,,,STOK HABIS / RE-ORDER,
C13,Filter Solar Forklift,December 2025,-,1.0,0.0,0.0,,,,,PCE,1.0,1.0,1.0,0.0,,,AMAN,
C13,Kampas Rem Forklift,December 2025,-,2.0,0.0,0.0,,,,,PCE       ,2.0,2.0,2.0,0.0,,,AMAN,
C13,KAMPAS KOPLING  transmisi forklip metik 32461-23330-71,December 2025,-,18.0,0.0,0.0,,,,,PCE       ,18.0,18.0,18.0,0.0,,,AMAN,
C13,Diodapinamo mis/keuprok forklip 27700-78155-71,December 2025,-,0.0,0.0,0.0,,,,,PCE       ,0.0,0.0,0.0,0.0,,,STOK HABIS / RE-ORDER,
C13,DISC KOPLING 32425-23330-71,December 2025,-,10.0,0.0,0.0,,,,,PCE,10.0,10.0,10.0,0.0,,,AMAN,
C13,43735-26600-71 COLLAR,December 2025,-,2.0,0.0,0.0,,,,,PCE,2.0,2.0,2.0,0.0,,,AMAN,
C13,90179-14002-71 NUT,December 2025,-,2.0,0.0,0.0,,,,,PCE,2.0,2.0,2.0,0.0,,,AMAN,
C13,43731-23442-71 PIN(BAUT THEROD),December 2025,-,2.0,0.0,0.0,,,,,PCE,2.0,2.0,2.0,0.0,,,AMAN,
C13,ARM THEROD,December 2025,-,0.0,0.0,0.0,,,,,PCE,0.0,0.0,0.0,0.0,,,STOK HABIS / RE-ORDER,
C13,90179-14001-71 NUT,December 2025,-,0.0,0.0,0.0,,,,,PCE,0.0,0.0,0.0,0.0,,,STOK HABIS / RE-ORDER,
C13,REGULATOR FORKLIFT,December 2025,-,2.0,0.0,0.0,,,,,PCE,2.0,2.0,2.0,0.0,,,AMAN,
C13,CYLINDER LINEAR FORKLIFT(11461-78200-71),December 2025,-,4.0,0.0,0.0,,,,,PCE,4.0,4.0,4.0,0.0,,,AMAN,
C13,BUSI FORKLIFT W16/BOSCH/DENSO,December 2025,-,4.0,0.0,0.0,,,,,PCE,4.0,4.0,4.0,0.0,,,AMAN,
C13,"WASHER SEAL TOYOTA 8FD 20X42X1,2MM",December 2025,-,0.0,0.0,0.0,,,,,PCE,0.0,0.0,0.0,0.0,,,STOK HABIS / RE-ORDER,
C13,ENGINE MOUNTING  FORKLIFT,December 2025,-,0.0,0.0,0.0,,,,,PCE,0.0,0.0,0.0,0.0,,,STOK HABIS / RE-ORDER,
C13,NUT CASTLE FORKLIFT,December 2025,-,1.0,0.0,0.0,,,,,PCE,1.0,1.0,1.0,0.0,,,AMAN,
C13,KNUCKLE FORKLIFT,December 2025,-,0.0,0.0,0.0,,,,,PCE,0.0,0.0,0.0,0.0,,,STOK HABIS / RE-ORDER,
C13,KOPLING SET TOYOTA ,December 2025,-,0.0,0.0,0.0,,,,,SET,0.0,0.0,0.0,0.0,,,STOK HABIS / RE-ORDER,
C13,SELANG D=DLM 10MM FORKLIFT 1 1/2X55,December 2025,-,0.0,0.0,0.0,,,,,METER,0.0,0.0,0.0,0.0,,,STOK HABIS / RE-ORDER,
C13,"BAUT  18X1/2""X45MM FORKLIFT",December 2025,-,1.0,0.0,0.0,,,,,PCE,1.0,1.0,1.0,0.0,,,AMAN,
C13,CLAMP ACCU KININGAN KECIL FORKLIFT,December 2025,-,2.0,0.0,0.0,,,,,SET,2.0,2.0,2.0,0.0,,,AMAN,
C13,CLAMP KEPALA ACCU BESAR DISEL,December 2025,-,4.0,0.0,0.0,,,,,SET,4.0,4.0,4.0,0.0,,,AMAN,
C13,SELANG AIR/WATER PUMP 1 1/2X55,December 2025,-,0.0,0.0,0.0,,,,,PCS,0.0,0.0,0.0,0.0,,,STOK HABIS / RE-ORDER,
C13,JIMCO Fuel Filter JFC 12005 saringan bahan Bakar SOLAR,December 2025,-,4.0,0.0,0.0,,,,,PCE,4.0,4.0,4.0,0.0,,,AMAN,
C13,FILTER SOLAR SAKURA FC-1707 DISEL,December 2025,-,0.0,0.0,0.0,,,,,PCE,0.0,0.0,0.0,0.0,,,STOK HABIS / RE-ORDER,
C13,FLEET GUARD lube Filter LF3335 SOLAR,December 2025,-,1.0,0.0,0.0,,,,,PCE,1.0,1.0,1.0,0.0,,,AMAN,
C13,FITER OLI SAKURA C-1142 FORKLIFT DIESEL,December 2025,-,5.0,0.0,0.0,,,,,PCE,5.0,5.0,5.0,0.0,,,AMAN,
C13,SAKURA Hydrolic Filter H 5919,December 2025,-,0.0,0.0,0.0,,,,,PCE,0.0,0.0,0.0,0.0,,,STOK HABIS / RE-ORDER,
C13,FILTER HYDROLIK FORKLIFT 5930,December 2025,-,0.0,0.0,0.0,,,,,PCE,0.0,0.0,0.0,0.0,,,STOK HABIS / RE-ORDER,
C13,FILTER TANGKI BAWAH FORKLIFT,December 2025,-,0.0,0.0,0.0,,,,,PCE,0.0,0.0,0.0,0.0,,,STOK HABIS / RE-ORDER,
C13,FILTER UDARA DONALDSON P 548062 / JIMCO JAE-88138  FORKLIFT/JIMCO JAE-88139,December 2025,-,4.0,0.0,0.0,,,,,PCE,3.0,4.0,4.0,1.0,,,AMAN,
C13,OIL FILTER C-1011 UNTUK FORKLIFT GASOLINE,December 2025,-,6.0,0.0,0.0,,,,,PCE,5.0,6.0,6.0,1.0,,,AMAN,
C13,FILTER HIDROLIKFORKLIFT  67502-26600-71,December 2025,-,2.0,0.0,0.0,,,,,PCE,2.0,2.0,2.0,0.0,,,AMAN,
(C5),Bearing SKF 6212-2RS1,December 2025,-,1.0,0.0,0.0,,,,,PCE,1.0,1.0,1.0,0.0,,,AMAN,
(C5),BEARING SKF 6212 2RS1/C3,December 2025,-,4.0,0.0,0.0,,,,,PCE,4.0,4.0,4.0,0.0,,,AMAN,
(C5),"Bearing SKF 6312 2RS1/C3, 2RS1",December 2025,-,4.0,0.0,0.0,,,,,PCE,4.0,4.0,4.0,0.0,,,AMAN,
(C5),Bearing SKF 6212-2Z,December 2025,-,6.0,0.0,0.0,,,,,PCE,6.0,6.0,6.0,0.0,,,AMAN,
(C5),Bearing SKF 6311-2Z C3,December 2025,-,4.0,0.0,0.0,,,,,PCE,4.0,4.0,4.0,0.0,,,AMAN,
(C5),Bearing SKF 6213 2Z,December 2025,-,2.0,0.0,0.0,,,,,PCE,2.0,2.0,2.0,0.0,,,AMAN,
(C5),Marlin taper bush 3spz 170 2012,December 2025,-,1.0,0.0,0.0,,,,,PCE,1.0,1.0,1.0,0.0,,,AMAN,
(C5),Marlin taper bush 2517T 38mm,December 2025,-,3.0,0.0,0.0,,,,,PCE,3.0,3.0,3.0,0.0,,,AMAN,
(C5),PULLY TAPER LOCK D= AS 24MM 22-8M-20 1008 MARTIN,December 2025,-,1.0,0.0,0.0,,,,,SET,1.0,1.0,1.0,0.0,,,AMAN,
(C5),PULLY TAPER LOCK 24MM-8M-30-1108,December 2025,-,3.0,0.0,0.0,,,,,SET,3.0,3.0,3.0,0.0,,,AMAN,
(C5),BEARING FAG 6217 C4,December 2025,-,1.0,0.0,0.0,,,,,PCE,1.0,1.0,1.0,0.0,,,AMAN,
(C5),BEARING FAG 6217-J20AA,December 2025,-,3.0,0.0,0.0,,,,,PCE,3.0,3.0,3.0,0.0,,,AMAN,
(C5),BEARING FAG 1219-M GEARBOX MC BLOWN,December 2025,-,0.0,0.0,0.0,,,,,PCE,0.0,0.0,0.0,0.0,,,STOK HABIS / RE-ORDER,
(C5),BEARING FAG 22217-E1-XL GEARBOX MC BLOWN,December 2025,-,0.0,0.0,0.0,,,,,PCE,0.0,0.0,0.0,0.0,,,STOK HABIS / RE-ORDER,
(C5),BEARING FAG 29420-E1-XL GEARBOX MX BLOWN,December 2025,-,0.0,0.0,0.0,,,,,PCE,0.0,0.0,0.0,0.0,,,STOK HABIS / RE-ORDER,
(C5),BEARING SKF 6319-2RS1/C3,December 2025,-,1.0,0.0,0.0,,,,,PCE,1.0,1.0,1.0,0.0,,,AMAN,
(C5),BEARING SKF 6314-2RS1/C3,December 2025,-,4.0,0.0,0.0,,,,,PCE,4.0,4.0,4.0,0.0,,,AMAN,
(C5),BEARING SFKF 6314-2RS1,December 2025,-,3.0,0.0,0.0,,,,,PCE,3.0,3.0,3.0,0.0,,,AMAN,
(C5),BEARING SKF 6313 2RS1,December 2025,-,2.0,0.0,0.0,,,,,PCE,2.0,2.0,2.0,0.0,,,AMAN,
(C5),BEARING SKF 6318 2RS1,December 2025,-,2.0,0.0,0.0,,,,,PCE,2.0,2.0,2.0,0.0,,,AMAN,
(C5),BEARING SKF 6316/C3,December 2025,-,2.0,0.0,0.0,,,,,PCE,0.0,2.0,2.0,2.0,,,AMAN,
DS,CHROMIUM STEEL BEARING,December 2025,-,2.0,0.0,0.0,,,,,PCE,2.0,2.0,2.0,0.0,,,AMAN,
(C5),BEARING SKF 6217 C3 INSULATED BEARING WITH CERAMIC COATED 85X150X28MM,December 2025,-,2.0,232.55,465.1,,,,,PCE,2.0,2.0,2.0,0.0,,,AMAN,
C16,"CLAMP 8"" 188-200",December 2025,-,4.0,0.0,0.0,,,,,PCE,4.0,4.0,4.0,0.0,,,AMAN,
C16,TEFLON  DIE KECIL,December 2025,-,4.0,0.0,0.0,,,,,PCE,4.0,4.0,4.0,0.0,,,AMAN,
C16,TEFLON DIE BESAR,December 2025,-,2.0,0.0,0.0,,,,,PCE,2.0,2.0,2.0,0.0,,,AMAN,
D1,"MCB-117441 CABLE FOBK,PS,FL,100 (KABEL MOTOR SERVO)",December 2025,-,1.0,0.0,0.0,,,,,PCE,1.0,1.0,1.0,0.0,,,AMAN,
D1,Stoper Slider SML 2 Inch,December 2025,-,4.0,0.0,0.0,,,,,PCE       ,4.0,4.0,4.0,0.0,,,AMAN,
D1,"Distance Block Pusher 3"" UNTUK SML",December 2025,-,9.0,0.0,0.0,,,,,PCE       ,9.0,9.0,9.0,0.0,,,AMAN,
D1,"Stoper Slider SML 2,5 Inch",December 2025,-,7.0,0.0,0.0,,,,,PCE       ,8.0,7.0,7.0,-1.0,,,AMAN,
D1,Stoper Slider PUSHER SML 3 inch,December 2025,-,8.0,0.0,0.0,,,,,PCE       ,8.0,8.0,8.0,0.0,,,AMAN,
D1,MESIN BOR DONG CENG,December 2025,-,0.0,0.0,0.0,,,,,NIU,0.0,0.0,0.0,0.0,,,STOK HABIS / RE-ORDER,
D1,R. PRESS PLASTIK WRAPP (BARU) D=80X580 P.AS=580,December 2025,-,1.0,0.0,0.0,,,,,PCE,1.0,1.0,1.0,0.0,,,AMAN,
D1,AUTO DRAIN 03500037,December 2025,-,2.0,0.0,0.0,,,,,PCE,2.0,2.0,2.0,0.0,,,AMAN,
D1,NILFISK VACUM(ASESORIS VACUM),December 2025,-,1.0,0.0,0.0,,,,,PCE,1.0,1.0,1.0,0.0,,,AMAN,
D1,SIEMENT CPU MODUL S7-200 CPU SR 30 SUPPLY 120-240VAC/110VDC,December 2025,-,1.0,0.0,0.0,,,,,PCE,1.0,1.0,1.0,0.0,,,AMAN,
D1,SIEMENT DIGITAL INPUT/OUTPUT EMDR16 SUPPLY 24 VDC OUMAL 2,December 2025,-,2.0,0.0,0.0,,,,,PCE,2.0,2.0,2.0,0.0,,,AMAN,
D1,LCD CHILLER OUMAL 2 TK8072 IP,December 2025,-,1.0,0.0,0.0,,,,,PCE,1.0,1.0,1.0,0.0,,,AMAN,
D1,FLO SWITCH OUMAL 3 HFS-25,December 2025,-,2.0,0.0,0.0,,,,,PCE,2.0,2.0,2.0,0.0,,,AMAN,
D1,DUCTED FAN JT22082 WHITE 220V(XN FULLTECH),December 2025,-,3.0,0.0,0.0,,,,,NIU,3.0,3.0,3.0,0.0,,,AMAN,
D1,"FILTER FAN 5""",December 2025,-,0.0,0.0,0.0,,,,,PCE,0.0,0.0,0.0,0.0,,,STOK HABIS / RE-ORDER,
D1,"FILTER FAN 9""",December 2025,-,1.0,0.0,0.0,,,,,PCE,1.0,1.0,1.0,0.0,,,AMAN,
D1,"PLAT NOVATEX 4MMX28,5MMX120CM",December 2025,-,0.0,0.0,0.0,,,,,PCE,0.0,0.0,0.0,0.0,,,STOK HABIS / RE-ORDER,
D1,"CONDUEBREN 3/4""(SELONGSONG KABEL)",December 2025,-,0.0,0.0,0.0,,,,,METER,0.0,0.0,0.0,0.0,,,STOK HABIS / RE-ORDER,
D1,"SELONGSONG KABEL 1 1/2""",December 2025,-,1.95,0.0,0.0,,,,,METER,1.95,1.95,1.95,0.0,,,AMAN,
LGN,SELONGSONG KABEL D=10MM,December 2025,-,300.0,0.0,0.0,,,,,METER,300.0,300.0,300.0,0.0,,,AMAN,
LGN,KABEL INTERNET  BALDEN,December 2025,-,300.0,0.0,0.0,,,,,METER,300.0,300.0,300.0,0.0,,,AMAN,
D1,CONDUEBREN  D=42MM (SELONGSONG KABEL),December 2025,-,0.0,0.0,0.0,,,,,METER,0.0,0.0,0.0,0.0,,,STOK HABIS / RE-ORDER,
D1,"KAWAT LAS RD-3,2",December 2025,-,0.0,0.0,0.0,,,,,SET,0.0,0.0,0.0,0.0,,,STOK HABIS / RE-ORDER,
D1,KAWAT LAS NIKKO STEEL NSN-308 D=216X300MM,December 2025,-,0.0,0.0,0.0,,,,,SET,0.0,0.0,0.0,0.0,,,STOK HABIS / RE-ORDER,
LGN,"SELANG AIR 1"" MAX PRESSURE 8 BAR 300 PSI 1""2B",December 2025,-,2.599999999999999,0.0,0.0,,,,,METER,2.599999999999999,2.599999999999999,2.599999999999999,0.0,,,AMAN,
LGN,"SELANG AIR 1/2"" MAX PRESSURE 8 BAR 300PSI 1/2""X1B",December 2025,-,8.700000000000001,0.0,0.0,,,,,METER,10.200000000000001,8.700000000000001,8.700000000000001,-1.5,,,AMAN,
D1,PALU 3KG,December 2025,-,0.0,0.0,0.0,,,,,PCE,0.0,0.0,0.0,0.0,,,STOK HABIS / RE-ORDER,
D1,SLIDING BEARING YD1230 KB (MC DS),December 2025,-,0.0,0.0,0.0,,,,,PCE,0.0,0.0,0.0,0.0,,,STOK HABIS / RE-ORDER,
D1,SLIDING BEARING THK HSR25C1SS (MC DS),December 2025,-,2.0,0.0,0.0,,,,,PCE,2.0,2.0,2.0,0.0,,,AMAN,
D1,SLIDING RELL BEARING (MC DS),December 2025,-,1.0,0.0,0.0,,,,,PCE,1.0,1.0,1.0,0.0,,,AMAN,
D1,SLIDING BEARING W 25C HIWIN,December 2025,-,0.0,0.0,0.0,,,,,PCE,0.0,0.0,0.0,0.0,,,STOK HABIS / RE-ORDER,
D1,"U-BOLT 2,5""",December 2025,-,0.0,0.0,0.0,,,,,PCE,0.0,0.0,0.0,0.0,,,STOK HABIS / RE-ORDER,
D1,"KAWAT LAS ANCURAN 3,2",December 2025,-,0.0,0.0,0.0,,,,,BUNGKUS,0.0,0.0,0.0,0.0,,,STOK HABIS / RE-ORDER,
D1,NILON PUTIH D=40MM,December 2025,-,0.0,0.0,0.0,,,,,METER,0.0,0.0,0.0,0.0,,,STOK HABIS / RE-ORDER,
D1,Grease Molycote Longterm BR 2 plus,December 2025,-,3.0,0.0,0.0,,,,,PCE,3.0,3.0,3.0,0.0,,,AMAN,
D1,GREASE KLUBER BARIETA (L55/2),December 2025,-,1.0,0.0,0.0,,,,,KG,1.0,1.0,1.0,0.0,,,AMAN,
 D1,Oli Castrol Magnatec (FORKLIFT)10W-40,December 2025,-,0.0,0.0,0.0,,,,,CAN,1.0,0.0,0.0,-1.0,,,STOK HABIS / RE-ORDER,
D1,KluberPlex Lubrication BEM 41-32,December 2025,-,0.0,0.0,0.0,,,,,PCE,0.0,0.0,0.0,0.0,,,STOK HABIS / RE-ORDER,
D1,Vasco D 48,December 2025,-,1.0,0.0,0.0,,,,,PCE,1.0,1.0,1.0,0.0,,,AMAN,
D1,Mobil DTE 10 Excel 46,December 2025,-,15.0,0.0,0.0,,,,,PCE,15.0,15.0,15.0,0.0,,,AMAN,
D1,OLI TRANMISI  METIC ATF,December 2025,-,3.0,0.0,0.0,,,,,CAN,3.0,3.0,3.0,0.0,,,AMAN,
LGN,OLI TRANKNUS SUPER HYDRO VG32,December 2025,-,0.0,0.0,0.0,,,,,PAIL,0.0,0.0,0.0,0.0,,,STOK HABIS / RE-ORDER,
LGN,OLI SHELL CORENA S3R 46 ,December 2025,-,0.0,0.0,0.0,,,,,PAIL,0.0,0.0,0.0,0.0,,,STOK HABIS / RE-ORDER,
D1,0LI GEAR BOX SAE 90 PERTAMINA (transmisi ),December 2025,-,2.0,0.0,0.0,,,,,CAN,1.0,2.0,2.0,1.0,,,AMAN,
D1,Oli Gardner AEON PD,December 2025,-,21.0,0.0,0.0,,,,,PCE,21.0,21.0,21.0,0.0,,,AMAN,
D1,Prestone engine flush,December 2025,-,4.0,0.0,0.0,,,,,PCE,4.0,4.0,4.0,0.0,,,AMAN,
D1,Lampu Phillip 36 W TL 40,December 2025,-,33.0,0.0,0.0,,,,,PCE,33.0,33.0,33.0,0.0,,,AMAN,
D1,Lampu Phillip 18 W TL 20,December 2025,-,27.0,0.0,0.0,,,,,PCE,29.0,27.0,27.0,-2.0,,,AMAN,
D1,Lampu Phillip 16 W TL 40 LED,December 2025,-,19.0,0.0,0.0,,,,,PCE,21.0,19.0,19.0,-2.0,,,AMAN,
D1,LAMPU PHILIPS 36 W YELOW TL 40 TL-D36W/827,December 2025,-,1.0,0.0,0.0,,,,,PCE,1.0,1.0,1.0,0.0,,,AMAN,
D1,Lampu Phillip 15 W TL 20,December 2025,-,2.0,0.0,0.0,,,,,PCE,2.0,2.0,2.0,0.0,,,AMAN,
D1,Lampu Neon Chiyoda YELOW TL 40,December 2025,-,0.0,0.0,0.0,,,,,PCE,0.0,0.0,0.0,0.0,,,STOK HABIS / RE-ORDER,
D1,Lampu phlight FTC 40W BL,December 2025,-,18.0,0.0,0.0,,,,,PCE,18.0,18.0,18.0,0.0,,,AMAN,
D1,"Lampu ciyoda FL20 red ,yelow",December 2025,-,3.0,0.0,0.0,,,,,PCE,3.0,3.0,3.0,0.0,,,AMAN,
D1,LAMPU EXPOISON PROF LED DOUBLE LAMP PHILIPS,December 2025,-,6.0,0.0,0.0,,,,,PCE,7.0,6.0,6.0,-1.0,,,AMAN,
D1,"Lampu MEIWA F20 T8 BL,TL 20 GOLD STAR,FLUORESCENT WARNA BIRU(LAMP SERANGGA)",December 2025,-,9.0,0.0,0.0,,,,,PCE,9.0,9.0,9.0,0.0,,,AMAN,
D1,INSERT KILLER 2X20W,December 2025,-,2.0,0.0,0.0,,,,,PCE,2.0,2.0,2.0,0.0,,,AMAN,
D1,BALAS INSERT KILLER,December 2025,-,5.0,0.0,0.0,,,,,PCE,5.0,5.0,5.0,0.0,,,AMAN,
D1,Lampu FTC T9 20W BL,December 2025,-,6.0,0.0,0.0,,,,,PCE,6.0,6.0,6.0,0.0,,,AMAN,
D1,LAMPU PHILIPS 58W,December 2025,-,3.0,0.0,0.0,,,,,PCE,3.0,3.0,3.0,0.0,,,AMAN,
D1,LAMPU SERANGGA 64CMX33CMX12CM,December 2025,-,0.0,0.0,0.0,,,,,PCE,0.0,0.0,0.0,0.0,,,STOK HABIS / RE-ORDER,
D1,Box TL 40 w SYLVANIA/PILCHO,December 2025,-,7.0,0.0,0.0,,,,,PCE,7.0,7.0,7.0,0.0,,,AMAN,
D1,Box TL 20w PHILIPS,December 2025,-,6.0,0.0,0.0,,,,,PCE,6.0,6.0,6.0,0.0,,,AMAN,
D1,BOX TL 20 + LAMPU LED SINGLE,December 2025,-,1.0,0.0,0.0,,,,,SET,2.0,1.0,1.0,-1.0,,,AMAN,
D1,BOX TL 40 + LAMPU LED SINGLE,December 2025,-,0.0,0.0,0.0,,,,,SET,0.0,0.0,0.0,0.0,,,STOK HABIS / RE-ORDER,
D1,BOX TL LED 36 WATT DOUBLE,December 2025,-,0.0,0.0,0.0,,,,,PCE,0.0,0.0,0.0,0.0,,,STOK HABIS / RE-ORDER,
D1,LAMPU TL LED 16W,December 2025,-,0.0,0.0,0.0,,,,,PCE,0.0,0.0,0.0,0.0,,,STOK HABIS / RE-ORDER,
D1,LAMPU TL LED 18W,December 2025,-,20.0,0.0,0.0,,,,,PCE,20.0,20.0,20.0,0.0,,,AMAN,
D1,LAMPU TEMBAK FORKLIFT 25052040,December 2025,-,0.0,0.0,0.0,,,,,PCE,0.0,0.0,0.0,0.0,,,STOK HABIS / RE-ORDER,
D1,SPION FORKLIFT,December 2025,-,0.0,0.0,0.0,,,,,SET,0.0,0.0,0.0,0.0,,,STOK HABIS / RE-ORDER,
D1,LAMPU DEPAN LW199 FORKLIFT,December 2025,-,0.0,0.0,0.0,,,,,SET,0.0,0.0,0.0,0.0,,,STOK HABIS / RE-ORDER,
D1,Mobiltemp SHC 100 61806623,December 2025,-,1.0,0.0,0.0,,,,,CAN,1.0,1.0,1.0,0.0,,,AMAN,
D1,Sure Filter SFA 8889 P/ filter udara comp cobelco,December 2025,-,3.0,0.0,0.0,,,,,PCE,3.0,3.0,3.0,0.0,,,AMAN,
D1,AIR ACCU,December 2025,-,7.0,0.0,0.0,,,,,PCE,7.0,7.0,7.0,0.0,,,AMAN,
D1,AIR ACCU ZUUR (MERAH),December 2025,-,2.0,0.0,0.0,,,,,PCE,2.0,2.0,2.0,0.0,,,AMAN,
D1,MSE7 GREASE Q 109 (sml 1),December 2025,-,0.0,0.0,0.0,,,,,PCE,0.0,0.0,0.0,0.0,,,STOK HABIS / RE-ORDER,
D1,HAIGH TEMPERATURE GREASE VECON F222,December 2025,-,1.0,0.0,0.0,,,,,PCE,1.0,1.0,1.0,0.0,,,AMAN,
D1,MINYAK REM PRESTONE ( TOP 1),December 2025,-,0.0,0.0,0.0,,,,,PCE,0.0,0.0,0.0,0.0,,,STOK HABIS / RE-ORDER,
D1,MINYAK REM ONE SOE,December 2025,-,3.0,0.0,0.0,,,,,PCE,3.0,3.0,3.0,0.0,,,AMAN,
D1,FILTER RESIN SFA 0434PF DLU:200MMXDLM:135MMXT.140 SML1,December 2025,-,4.0,0.0,0.0,,,,,PCE,4.0,4.0,4.0,0.0,,,AMAN,
D1,MIST SEPARATOR DIA 121X145X38MM,December 2025,-,2.0,0.0,0.0,,,,,PCE,2.0,2.0,2.0,0.0,,,AMAN,
D1,SMC MIST SEPARATOR ELEMENT AM-EL 650 ,December 2025,-,3.0,0.0,0.0,,,,,PCE,3.0,3.0,3.0,0.0,,,AMAN,
D1,SMC MAIN LINE FILTER ELEMENT AM-EL AFF 75 VZ,December 2025,-,2.0,0.0,0.0,,,,,PCE,2.0,2.0,2.0,0.0,,,AMAN,
D1,SMC MIST SEPARATOR ELEMENT AM-EL 850,December 2025,-,1.0,0.0,0.0,,,,,PCE,1.0,1.0,1.0,0.0,,,AMAN,
D2,HEATER BAN 340X35 240V 1100W BLOWN,December 2025,-,3.0,0.0,0.0,,,,,PCE       ,3.0,3.0,3.0,0.0,,,AMAN,
D2,Kopling Gearbox Winder BC/DS,December 2025,-,1.0,0.0,0.0,,,,,PCE       ,1.0,1.0,1.0,0.0,,,AMAN,
D2,KOPLING ROTEX 90,December 2025,-,0.0,0.0,0.0,,,,,SET,0.0,0.0,0.0,0.0,,,STOK HABIS / RE-ORDER,
D2,KOPLING ROTEX 75,December 2025,-,0.0,0.0,0.0,,,,,SET,0.0,0.0,0.0,0.0,,,STOK HABIS / RE-ORDER,
B3,KARET KOPLING ROTEX 55,December 2025,-,2.0,0.0,0.0,,,,,PCE,2.0,2.0,2.0,0.0,,,AMAN,
D2,KOPLING ROTEX 55,December 2025,-,1.0,0.0,0.0,,,,,SET,1.0,1.0,1.0,0.0,,,AMAN,
D2,HEATER Ngr 400v 1800w  212x90,December 2025,-,1.0,0.0,0.0,,,,,PCE       ,1.0,1.0,1.0,0.0,,,AMAN,
D2,RUMAH CARBON BRUSH,December 2025,-,0.0,0.0,0.0,,,,,PCE       ,0.0,0.0,0.0,0.0,,,STOK HABIS / RE-ORDER,
D2,WEB TESTION SENSOR,December 2025,-,1.0,0.0,0.0,,,,,PCE,1.0,1.0,1.0,0.0,,,AMAN,
D2,"D:95MM 0,4MMX20 MESH ",December 2025,-,0.0,0.41,0.0,,,,,PCE,0.0,0.0,0.0,0.0,,,STOK HABIS / RE-ORDER,
D2,"D:95MM 0,254MMX40 MESH ",December 2025,-,0.0,0.45,0.0,,,,,PCE,0.0,0.0,0.0,0.0,,,STOK HABIS / RE-ORDER,
D2,"D:95MM 0,12MMX80 MESH ",December 2025,-,0.0,0.47,0.0,,,,,PCE,0.0,0.0,0.0,0.0,,,STOK HABIS / RE-ORDER,
D2,"D:148MM 0,4MMX20 MESH ",December 2025,-,0.0,0.55,0.0,,,,,PCE,0.0,0.0,0.0,0.0,,,STOK HABIS / RE-ORDER,
D2,"D:148MM 0,254MMX40 MESH ",December 2025,-,0.0,0.53,0.0,,,,,PCE,0.0,0.0,0.0,0.0,,,STOK HABIS / RE-ORDER,
D2,"D:148MM 0,12MMX80 MESH ",December 2025,-,0.0,0.8,0.0,,,,,PCE,0.0,0.0,0.0,0.0,,,STOK HABIS / RE-ORDER,
D2,"D:103MM 0,4MMX20 MESH ",December 2025,-,0.0,0.47,0.0,,,,,PCE,0.0,0.0,0.0,0.0,,,STOK HABIS / RE-ORDER,
D2,"D:103MM 0,254MMX40 MESH ",December 2025,-,0.0,0.5,0.0,,,,,PCE,0.0,0.0,0.0,0.0,,,STOK HABIS / RE-ORDER,
D2,"D:103MM 0,12MMX80 MESH ",December 2025,-,0.0,0.45,0.0,,,,,PCE,0.0,0.0,0.0,0.0,,,STOK HABIS / RE-ORDER,
D2,"D:164MM 0,4MMX20 MESH ",December 2025,-,0.0,0.65,0.0,,,,,PCE,0.0,0.0,0.0,0.0,,,STOK HABIS / RE-ORDER,
D2,"D:164MM 0,254MMX40 MESH ",December 2025,-,0.0,0.7,0.0,,,,,PCE,0.0,0.0,0.0,0.0,,,STOK HABIS / RE-ORDER,
D2,"D:164MM 0,12MMX80 MESH ",December 2025,-,0.0,0.83,0.0,,,,,PCE,0.0,0.0,0.0,0.0,,,STOK HABIS / RE-ORDER,
D2,"D:115MM 0,4MMX20 MESH ",December 2025,-,0.0,0.34,0.0,,,,,PCE,0.0,0.0,0.0,0.0,,,STOK HABIS / RE-ORDER,
D2,"D:115MM 0,254MMX40 MESH ",December 2025,-,0.0,0.31,0.0,,,,,PCE,0.0,0.0,0.0,0.0,,,STOK HABIS / RE-ORDER,
D2,"D:115MM 0,12MMX80 MESH ",December 2025,-,0.0,0.53,0.0,,,,,PCE,0.0,0.0,0.0,0.0,,,STOK HABIS / RE-ORDER,
D2,VALVE ADAPTER Ext B Mesin BC 260X165 240V 1500W LOKAL,December 2025,-,8.0,0.0,0.0,,,,,PCS,8.0,8.0,8.0,0.0,,,AMAN,
D2,HEATER 63X150 415V 2200W LOKAL,December 2025,-,3.0,0.0,0.0,,,,,PCS,3.0,3.0,3.0,0.0,,,AMAN,
D2,HEATER BAND 150X63 REPAIR,December 2025,-,5.0,0.0,0.0,,,,,PCE,5.0,5.0,5.0,0.0,,,AMAN,
D2,HEATER 150X50 415V 1750 W UNTUK SML 2-5,December 2025,-,5.0,0.0,0.0,,,,,PCE,5.0,5.0,5.0,0.0,,,AMAN,
D2,HEATER 150X48 REPAIR 415V 1750W UNTUK SML 2-5,December 2025,-,2.0,0.0,0.0,,,,,PCE,2.0,2.0,2.0,0.0,,,AMAN,
D2,CARBON BRUSH 2(10X25X40 MM) REPAIR,December 2025,-,8.0,0.0,0.0,,,,,PCE,8.0,8.0,8.0,0.0,,,AMAN,
D2,CARBON BRUSH 2(10X26X40MM),December 2025,-,18.0,0.0,0.0,,,,,PCE,18.0,18.0,18.0,0.0,,,AMAN,
D2,PISTON TOYOTA 13101-UC010 ,December 2025,-,4.0,0.0,0.0,,,,,PCE,4.0,4.0,4.0,0.0,,,AMAN,
D2,RING PISTON DISEL FORKLIFT,December 2025,-,1.0,0.0,0.0,,,,,SET,1.0,1.0,1.0,0.0,,,AMAN,
D2,KOPLING KTR ROTEX 24,December 2025,-,1.0,0.0,0.0,,,,,SET,1.0,1.0,1.0,0.0,,,AMAN,
D2,KOPLING ROTEX 38,December 2025,-,1.0,0.0,0.0,,,,,SET,1.0,1.0,1.0,0.0,,,AMAN,
D2,SOCK AS BEARING CENTRIFUGAL MC NGR,December 2025,-,1.0,0.0,0.0,,,,,PCE,1.0,1.0,1.0,0.0,,,AMAN,
D2,AS KUNINGAN  P=20CMX D=100 SML 2-5,December 2025,-,1.0,0.0,0.0,,,,,PCE,1.0,1.0,1.0,0.0,,,AMAN,
D2,HEATER  230V 100 W 1 J 9 20 58X20 BLOWN,December 2025,-,10.0,0.0,0.0,,,,,PCE,10.0,10.0,10.0,0.0,,,AMAN,
D2,HEATER 58X45 BLOWN,December 2025,-,5.0,0.0,0.0,,,,,PCE,5.0,5.0,5.0,0.0,,,AMAN,
D2,"CHUCK MANREL 2""D=50,2MM DL=57XL35MM",December 2025,-,0.0,0.0,0.0,,,,,PCS,0.0,0.0,0.0,0.0,,,STOK HABIS / RE-ORDER,
D2,"ONDA  CHUCK VALVE 1""",December 2025,-,1.0,0.0,0.0,,,,,PCE,1.0,1.0,1.0,0.0,,,AMAN,
D2,GEAR COUPLING Z 16 ( COUPLING  SPINDLE),December 2025,-,0.0,0.0,0.0,,,,,SET,0.0,0.0,0.0,0.0,,,STOK HABIS / RE-ORDER,
D2,GASKET KIT 04111-20323-71,December 2025,-,0.0,0.0,0.0,,,,,SET,0.0,0.0,0.0,0.0,,,STOK HABIS / RE-ORDER,
D2,BUSI FORKLIFT 90048-51036-001,December 2025,-,0.0,0.0,0.0,,,,,PCE,0.0,0.0,0.0,0.0,,,STOK HABIS / RE-ORDER,
D2,GEAR OLI PUMP 15100-UC020 FORKLIFT,December 2025,-,0.0,0.0,0.0,,,,,PCE,0.0,0.0,0.0,0.0,,,STOK HABIS / RE-ORDER,
D2,GUIDE 11126-76009-71 FORKLIFT,December 2025,-,0.0,0.0,0.0,,,,,PCE,0.0,0.0,0.0,0.0,,,STOK HABIS / RE-ORDER,
D2,BUSSING 90999-73950-71 FORKLIFT,December 2025,-,0.0,0.0,0.0,,,,,PCE,0.0,0.0,0.0,0.0,,,STOK HABIS / RE-ORDER,
D2,VALVE IN OUT 13711-UC010,December 2025,-,0.0,0.0,0.0,,,,,PCE,0.0,0.0,0.0,0.0,,,STOK HABIS / RE-ORDER,
D2,HEATER D=120X90 NGR,December 2025,-,1.0,0.0,0.0,,,,,PCE,1.0,1.0,1.0,0.0,,,AMAN,
D2,SEATING VALVE IN,December 2025,-,0.0,0.0,0.0,,,,,PCE,0.0,0.0,0.0,0.0,,,STOK HABIS / RE-ORDER,
D2,SEATING VALVE EX HAUST VALVE 11135-UC010,December 2025,-,0.0,0.0,0.0,,,,,PCE,0.0,0.0,0.0,0.0,,,STOK HABIS / RE-ORDER,
D2,GLOW PLUG 19850-UC010,December 2025,-,0.0,0.0,0.0,,,,,PCE,0.0,0.0,0.0,0.0,,,STOK HABIS / RE-ORDER,
D2,PELATUK CARBON BRUSH,December 2025,-,37.0,0.0,0.0,,,,,PCE,37.0,37.0,37.0,0.0,,,AMAN,
D2,KAWAT HEATER NIKELIN REWINDER,December 2025,-,131.5,0.0,0.0,,,,,METER,132.5,131.5,131.5,-1.0,,,AMAN,
D2,ORING SECEL RING FORKLIFT,December 2025,-,0.0,0.0,0.0,,,,,SET,0.0,0.0,0.0,0.0,,,STOK HABIS / RE-ORDER,
D2,CHUCK REWINDER,December 2025,-,0.0,0.0,0.0,,,,,PCE,0.0,0.0,0.0,0.0,,,STOK HABIS / RE-ORDER,
D2,HOLDER FORKLIFT 23600-78200-71,December 2025,-,0.0,0.0,0.0,,,,,PCE,0.0,0.0,0.0,0.0,,,STOK HABIS / RE-ORDER,
D2,AS ALMUNIUM D=113MMX25CM,December 2025,-,0.0,0.0,0.0,,,,,PCE,0.0,0.0,0.0,0.0,,,STOK HABIS / RE-ORDER,
D2,"BALL VALVE 1/4"" REWINDER HATO",December 2025,-,2.0,0.0,0.0,,,,,PCE,2.0,2.0,2.0,0.0,,,AMAN,
D2,"COVER BEARING SATELIT ROLL 42,5X22X12",December 2025,-,0.0,0.0,0.0,,,,,PCE,0.0,0.0,0.0,0.0,,,STOK HABIS / RE-ORDER,
D2,"KABEL 2X0,75MM2 (NYMHY)",December 2025,-,0.0,0.0,0.0,,,,,METER,0.0,0.0,0.0,0.0,,,STOK HABIS / RE-ORDER,
D2,LOCK NUT SKF KM8 30BR,December 2025,-,0.0,0.0,0.0,,,,,PCE,0.0,0.0,0.0,0.0,,,STOK HABIS / RE-ORDER,
D2,LOCK NUT SKF 10.009S,December 2025,-,0.0,0.0,0.0,,,,,PCE,0.0,0.0,0.0,0.0,,,STOK HABIS / RE-ORDER,
D2,LOCK NUT M10,December 2025,-,5.0,0.0,0.0,,,,,PCE,5.0,5.0,5.0,0.0,,,AMAN,
D2,"MUR TORN 1 1/2""",December 2025,-,0.0,0.0,0.0,,,,,PCE,0.0,0.0,0.0,0.0,,,STOK HABIS / RE-ORDER,
D2,"NEPEL HOSE 1""X20MM",December 2025,-,0.0,0.0,0.0,,,,,PCE,0.0,0.0,0.0,0.0,,,STOK HABIS / RE-ORDER,
D2,"VLOK RING 1 1/4""X1 1/2""",December 2025,-,0.0,0.0,0.0,,,,,PCE,0.0,0.0,0.0,0.0,,,STOK HABIS / RE-ORDER,
D2,"DOUBLE NEPEL 1 1/4""",December 2025,-,0.0,0.0,0.0,,,,,PCE,0.0,0.0,0.0,0.0,,,STOK HABIS / RE-ORDER,
D2,"REDUCER 1 1/4""X3/4"" GALVANIS",December 2025,-,0.0,0.0,0.0,,,,,PCE,0.0,0.0,0.0,0.0,,,STOK HABIS / RE-ORDER,
D2,"SARINGAN   D=103X0,4MMX20 MESH LOKAL",December 2025,-,1600.0,0.0,0.0,,,,,PCE,0.0,1600.0,1600.0,1600.0,,,AMAN,
D2,"SARINGAN   D=103X0,254MMX40 MESH LOKAL",December 2025,-,2280.0,0.0,0.0,,,,,PCE,680.0,2280.0,2280.0,1600.0,,,AMAN,
D2,"SARINGAN D=103X0,12MMX80 MESH LOKAL",December 2025,-,1590.0,0.0,0.0,,,,,PCE,0.0,1590.0,1590.0,1590.0,,,AMAN,
D2,"SARINGAN   D=95MMX0,4MMX20 MESS LOKAL",December 2025,-,590.0,0.0,0.0,,,,,PCE,620.0,590.0,590.0,-30.0,,,AMAN,
D2,"SARINGAN   D=95MMX0,254MMX40 MESS LOKAL",December 2025,-,200.0,0.0,0.0,,,,,PCE,230.0,200.0,200.0,-30.0,,,AMAN,
D2,"SARINGAN D=95MMX0,12MMX80 MESH LOKAL",December 2025,-,1040.0,0.0,0.0,,,,,PCE,1070.0,1040.0,1040.0,-30.0,,,AMAN,
D2,"SARINGAN   D=148X0,4MMX20 MESS LOKAL",December 2025,-,0.0,0.0,0.0,,,,,PCE,0.0,0.0,0.0,0.0,,,STOK HABIS / RE-ORDER,
D2,"SARINGAN   D=148X0,254MMX40 MESS LOKAL",December 2025,-,260.0,0.0,0.0,,,,,PCE,280.0,260.0,260.0,-20.0,,,AMAN,
D2,"SARINGAN D=148X0,12MMX80 MESH LOKAL",December 2025,-,0.0,0.0,0.0,,,,,PCE,0.0,0.0,0.0,0.0,,,STOK HABIS / RE-ORDER,
D2,"SARINGAN   D=164X0,4MMX20 MESS LOKAL",December 2025,-,464.0,0.0,0.0,,,,,PCE,0.0,464.0,464.0,464.0,,,AMAN,
D2,"SARINGAN   D=164X0,254MMX40 MESS LOKAL",December 2025,-,480.0,0.0,0.0,,,,,PCE,0.0,480.0,480.0,480.0,,,AMAN,
D2,"SARINGAN D=164X0,12MMX80 MESH LOKAL",December 2025,-,475.0,0.0,0.0,,,,,PCE,0.0,475.0,475.0,475.0,,,AMAN,
D2,"SARINGAN   D=130X0,4MMX20 MESS LOKAL",December 2025,-,700.0,0.0,0.0,,,,,PCE,710.0,700.0,700.0,-10.0,,,AMAN,
D2,"SARINGAN   D=130X0,254MMX40 MESS LOKAL",December 2025,-,1170.0,0.0,0.0,,,,,PCE,1180.0,1170.0,1170.0,-10.0,,,AMAN,
D2,"SARINGAN D=130X0,12MMX80 MESH LOKAL",December 2025,-,440.0,0.0,0.0,,,,,PCE,450.0,440.0,440.0,-10.0,,,AMAN,
D2,BD PLAST FILTERING SYSTEM POLYMER FILTRATION MELT PIPES AND ADAPTER USAG E 3/4,December 2025,-,1.0,0.0,0.0,,,,,PCS,1.0,1.0,1.0,0.0,,,AMAN,
D2,BREKET POLYMERI ADAPTER,December 2025,-,6.0,0.0,0.0,,,,,PCE,6.0,6.0,6.0,0.0,,,AMAN,
D2,BREKET FILTER POLYMERI,December 2025,-,2.0,0.0,0.0,,,,,PCE,2.0,2.0,2.0,0.0,,,AMAN,
D2,ADAPTER FILTER ZUBEHOV 3595,December 2025,-,1.0,0.0,0.0,,,,,PCE,1.0,1.0,1.0,0.0,,,AMAN,
D2,BRACKET BLOWER TRIM ,December 2025,-,3.0,0.0,0.0,,,,,PCE,3.0,3.0,3.0,0.0,,,AMAN,
D2,AS EXENTRIK D=45XOD54XT40MM,December 2025,-,0.0,0.0,0.0,,,,,PCE,0.0,0.0,0.0,0.0,,,STOK HABIS / RE-ORDER,
D2,AS ULIR UK D=39X400MM,December 2025,-,0.0,0.0,0.0,,,,,PCE,0.0,0.0,0.0,0.0,,,STOK HABIS / RE-ORDER,
D2,AS GEAR BOX AUGER,December 2025,-,0.0,0.0,0.0,,,,,PCE,0.0,0.0,0.0,0.0,,,STOK HABIS / RE-ORDER,
D2,KAMPAS  REM  MC PRESTRECH/BRAKE PAD,December 2025,-,7.0,0.0,0.0,,,,,PCE,7.0,7.0,7.0,0.0,,,AMAN,
D2,IMPELER POMPA CHILLER NGR,December 2025,-,1.0,0.0,0.0,,,,,PCE,1.0,1.0,1.0,0.0,,,AMAN,
D2,IMPELER EREMA SML 1,December 2025,-,0.0,0.0,0.0,,,,,PCE,0.0,0.0,0.0,0.0,,,STOK HABIS / RE-ORDER,
D2,"AS ALMUNIUM 6"" 150X80MM",December 2025,-,0.0,0.0,0.0,,,,,PCE,0.0,0.0,0.0,0.0,,,STOK HABIS / RE-ORDER,
D2,RODA HAND PALET REPAIR,December 2025,-,0.0,0.0,0.0,,,,,PCE,0.0,0.0,0.0,0.0,,,STOK HABIS / RE-ORDER,
D2,RODA HAND PALET DALTON 80X90,December 2025,-,4.0,0.0,0.0,,,,,PCE,4.0,4.0,4.0,0.0,,,AMAN,
D2,"RODA HAND PALET DALTON 200 X50 MM 8""",December 2025,-,2.0,0.0,0.0,,,,,PCE,0.0,2.0,2.0,2.0,,,AMAN,
D2,HEATER 100V CHILLER SML2,December 2025,-,1.0,0.0,0.0,,,,,PCE,1.0,1.0,1.0,0.0,,,AMAN,
D2,HEATER 140-150W/220 EUROCHILLER (BRADERINDO),December 2025,-,0.0,0.0,0.0,,,,,PCE,0.0,0.0,0.0,0.0,,,STOK HABIS / RE-ORDER,
D2,PNEUMATIC RRR SILINDER D=40X70,December 2025,-,1.0,0.0,0.0,,,,,PCE,1.0,1.0,1.0,0.0,,,AMAN,
D2,PNEUMATIC RRR SILINDER D=40X240,December 2025,-,2.0,0.0,0.0,,,,,PCE,2.0,2.0,2.0,0.0,,,AMAN,
D2,BAUT BAJA HITAM  16MMX140MM,December 2025,-,2.0,0.0,0.0,,,,,PCE,2.0,2.0,2.0,0.0,,,AMAN,
D2,REPAIR WORM GEAR EREMA NGR,December 2025,-,0.0,0.0,0.0,,,,,PCE,0.0,0.0,0.0,0.0,,,STOK HABIS / RE-ORDER,
D2,LONG DRAT M8,December 2025,-,0.0,0.0,0.0,,,,,PCE,0.0,0.0,0.0,0.0,,,STOK HABIS / RE-ORDER,
D2,LONG DRAT D=6MM(M6),December 2025,-,0.0,0.0,0.0,,,,,BATANG,0.0,0.0,0.0,0.0,,,STOK HABIS / RE-ORDER,
D2,LONG DRAT 5MM,December 2025,-,0.0,0.0,0.0,,,,,METER,0.0,0.0,0.0,0.0,,,STOK HABIS / RE-ORDER,
D2,LONG DRAT M 16X1M,December 2025,-,1.0,0.0,0.0,,,,,BATANG,1.0,1.0,1.0,0.0,,,AMAN,
D2,LONG DRAT M14X1M,December 2025,-,1.0,0.0,0.0,,,,,BATANG,1.0,1.0,1.0,0.0,,,AMAN,
D2,MUR M16 BIYASA,December 2025,-,10.0,0.0,0.0,,,,,PCE,10.0,10.0,10.0,0.0,,,AMAN,
D2,MUR M14,December 2025,-,10.0,0.0,0.0,,,,,PCE,10.0,10.0,10.0,0.0,,,AMAN,
D2,PIN CHUCK 8MMX16MM,December 2025,-,20.0,0.0,0.0,,,,,PCE,20.0,20.0,20.0,0.0,,,AMAN,
D2,"BUSHING CHUCK 16MMX18,3X16MM",December 2025,-,23.0,0.0,0.0,,,,,PCE,23.0,23.0,23.0,0.0,,,AMAN,
D2,ENGSEL CHUCK,December 2025,-,6.0,0.0,0.0,,,,,PCE,6.0,6.0,6.0,0.0,,,AMAN,
D2,"KIPAS MOTOR 6A7 D= 1 1/2""X210 BC",December 2025,-,0.0,0.0,0.0,,,,,PCE,0.0,0.0,0.0,0.0,,,STOK HABIS / RE-ORDER,
D2,IMPELER  BRONZE CHILLER SML1,December 2025,-,1.0,0.0,0.0,,,,,PCE,1.0,1.0,1.0,0.0,,,AMAN,
D2,"7001 RUBBER CLAMPING STRIPS JE 1575MM LANG FUER WELLE MATERIAL 2""",December 2025,-,-1.176836406102666e-14,0.0,-0.0,,,,,METER,-1.176836406102666e-14,-1.176836406102666e-14,-1.176836406102666e-14,0.0,,,AMAN,
D2,"7002 RUBBER CLAMPING STRIPS JE 1510MM  LANG FUER WELLE MATERIAL 3""",December 2025,-,34.25999999999999,0.0,0.0,,,,,METER,49.71999999999999,34.25999999999999,34.25999999999999,-15.46,,,AMAN,
D2,BAUT L TANAM 12X15MM,December 2025,-,0.0,0.0,0.0,,,,,PCE,0.0,0.0,0.0,0.0,,,STOK HABIS / RE-ORDER,
D2,BAUT L TANAM  M12X20MM,December 2025,-,12.0,0.0,0.0,,,,,PCE,12.0,12.0,12.0,0.0,,,AMAN,
D2,"BAUT L TANAM 5/8""X2 1/2""",December 2025,-,4.0,0.0,0.0,,,,,PCE,4.0,4.0,4.0,0.0,,,AMAN,
D2,"BATU GRINDA A46PV P 6""X1""X1 11/4""",December 2025,-,1.0,0.0,0.0,,,,,PCE,1.0,1.0,1.0,0.0,,,AMAN,
D2,"BATU GRINDA HALUS NURTON 150X25X31,75 39C80K6VK",December 2025,-,0.0,0.0,0.0,,,,,PCE,0.0,0.0,0.0,0.0,,,STOK HABIS / RE-ORDER,
D2,"BATU GRINDING WHEEL GC 6""X25X1 1/4""X GRIT 100 HALUS",December 2025,-,0.0,0.0,0.0,,,,,PCE,0.0,0.0,0.0,0.0,,,STOK HABIS / RE-ORDER,
D2,"BATU GRINDING WHEEL 150X20X31,75 KASAR",December 2025,-,0.0,0.0,0.0,,,,,PCE,0.0,0.0,0.0,0.0,,,STOK HABIS / RE-ORDER,
D2,STRIP HEATER  80X160 415V 600W,December 2025,-,1.0,0.0,0.0,,,,,PCE,1.0,1.0,1.0,0.0,,,AMAN,
D2,STRIP HEATER  90X111 415V 550W,December 2025,-,1.0,0.0,0.0,,,,,PCE,1.0,1.0,1.0,0.0,,,AMAN,
D2,HEATER BAN CRAMIC 415V 2750W 315X50 415V 2750W NEW (SML),December 2025,-,3.0,0.0,0.0,,,,,PCE,3.0,3.0,3.0,0.0,,,AMAN,
D2,HEATER BAN CRAMIC 415V 2750W 315X50 415V 2750W REPAIR,December 2025,-,1.0,0.0,0.0,,,,,PCE,1.0,1.0,1.0,0.0,,,AMAN,
D2,HEATER  300X25 EURO CHILER400V,December 2025,-,8.0,0.0,0.0,,,,,PCE,8.0,8.0,8.0,0.0,,,AMAN,
D2,HAND PLATE MANREL UK 45X170XT.22MM+BUSHING DRAT DIA=48X75MM+AS DIA. 25,December 2025,-,0.0,0.0,0.0,,,,,SET,0.0,0.0,0.0,0.0,,,STOK HABIS / RE-ORDER,
D2,PLATE BESI MESIN ARVOR UK 35X56XT.10MM ,December 2025,-,0.0,0.0,0.0,,,,,PCE,0.0,0.0,0.0,0.0,,,STOK HABIS / RE-ORDER,
D2,PERBOS REPAIR,December 2025,-,0.0,0.0,0.0,,,,,PCE,0.0,0.0,0.0,0.0,,,STOK HABIS / RE-ORDER,
D2,AS PULLY TIMING BELT REPAIR,December 2025,-,0.0,0.0,0.0,,,,,PCE,0.0,0.0,0.0,0.0,,,STOK HABIS / RE-ORDER,
D2,MASTER KOPLING ATAS FORKLIFT,December 2025,-,0.0,0.0,0.0,,,,,NIU,0.0,0.0,0.0,0.0,,,STOK HABIS / RE-ORDER,
D2,MASTER KOPLING BAWAH FORKLIFT,December 2025,-,0.0,0.0,0.0,,,,,NIU,0.0,0.0,0.0,0.0,,,STOK HABIS / RE-ORDER,
D2,AS HOUSING BEARING D=55X110MM material: SS304,December 2025,-,0.0,0.0,0.0,,,,,PCE,0.0,0.0,0.0,0.0,,,STOK HABIS / RE-ORDER,
D2,MAC 16561 DUST SEAL,December 2025,-,20.0,0.0,0.0,,,,,PCE,20.0,20.0,20.0,0.0,,,AMAN,
D2,MAC  16544 PRESSURE SEAL PILOT VALVE ADAPTER,December 2025,-,20.0,0.0,0.0,,,,,PCE,20.0,20.0,20.0,0.0,,,AMAN,
D2,MAC 16542 PRESSURE SEAL PILOT VALVE BODY TO SEAL ADAPTER,December 2025,-,20.0,0.0,0.0,,,,,PCE,20.0,20.0,20.0,0.0,,,AMAN,
D2,MAC 16546 BODY ACCUMULATOR PRESSURE SEAL,December 2025,-,20.0,0.0,0.0,,,,,PCE,20.0,20.0,20.0,0.0,,,AMAN,
D2,MAC 16552 SEAL KIT,December 2025,-,20.0,0.0,0.0,,,,,PCE,20.0,20.0,20.0,0.0,,,AMAN,
D2,"MAC 16545 PRESSURE SEAL B""END RETAINER & ADAPTER BODY SEAL",December 2025,-,20.0,0.0,0.0,,,,,PCE,20.0,20.0,20.0,0.0,,,AMAN,
D2,HEATER BAN MC BLOWN 230 W 1500  MEP 95 D-53120.698,December 2025,-,4.0,0.0,0.0,,,,,PCE,4.0,4.0,4.0,0.0,,,AMAN,
D2,THERMAL EXPANSION VALVE TE55,December 2025,-,0.0,0.0,0.0,,,,,PCE,0.0,0.0,0.0,0.0,,,STOK HABIS / RE-ORDER,
D2,GEAR KOPLING ROTEX 28,December 2025,-,1.0,0.0,0.0,,,,,SET,1.0,1.0,1.0,0.0,,,AMAN,
D2,ARM MANDREL AS DIA.45MM UK 80X85X40XP.130MM,December 2025,-,0.0,0.0,0.0,,,,,SET,0.0,0.0,0.0,0.0,,,STOK HABIS / RE-ORDER,
D2,ARM MANDREL AS DIA.45MM UK 80X85X40XP.160MM,December 2025,-,0.0,0.0,0.0,,,,,SET,0.0,0.0,0.0,0.0,,,STOK HABIS / RE-ORDER,
D2,PLATE EXTENSION ARM MANDREL UK 45X170XT.20MM,December 2025,-,0.0,0.0,0.0,,,,,PCE,0.0,0.0,0.0,0.0,,,STOK HABIS / RE-ORDER,
D2,BAUT M12 ARM MANDREL HEX 22X71MM,December 2025,-,0.0,0.0,0.0,,,,,PCE,0.0,0.0,0.0,0.0,,,STOK HABIS / RE-ORDER,
D2,HOUSING SS304 DIA 95X210MM,December 2025,-,0.0,0.0,0.0,,,,,PCE,0.0,0.0,0.0,0.0,,,STOK HABIS / RE-ORDER,
D2,RODA PENGUNCI OD 130XID 30XT.30MM+BORTAP+BELAH,December 2025,-,2.0,0.0,0.0,,,,,SET,2.0,2.0,2.0,0.0,,,AMAN,
D2,"MUR M16X1,5 DIA DIA 56XT.8MM",December 2025,-,0.0,0.0,0.0,,,,,PCE,0.0,0.0,0.0,0.0,,,STOK HABIS / RE-ORDER,
D2,ALAT PENGETOK PLASTIK DIA.4X6 UK 70X120X65MM+AS DIA 30X80,December 2025,-,0.0,0.0,0.0,,,,,PCE,0.0,0.0,0.0,0.0,,,STOK HABIS / RE-ORDER,
D2,"BAUT DOUBLE DRAT UK 1/8""X12GX165MM+MUR",December 2025,-,0.0,0.0,0.0,,,,,SET,0.0,0.0,0.0,0.0,,,STOK HABIS / RE-ORDER,
D2,END STOPPER CYLINDER MATERIAL ALMUNIUM 114X114X32MM,December 2025,-,0.0,0.0,0.0,,,,,SET,0.0,0.0,0.0,0.0,,,STOK HABIS / RE-ORDER,
D2,HOUSING HEATER 30X20X39 MC NOZAKI,December 2025,-,0.0,0.0,0.0,,,,,PCE,0.0,0.0,0.0,0.0,,,STOK HABIS / RE-ORDER,
D2,SLEEVE CHUCK MAT. VCN DIA. 75X165MM,December 2025,-,0.0,0.0,0.0,,,,,PCE,0.0,0.0,0.0,0.0,,,STOK HABIS / RE-ORDER,
D2,BUSHING MANDREL DIA 60X30MM,December 2025,-,2.0,0.0,0.0,,,,,PCE,2.0,2.0,2.0,0.0,,,AMAN,
D2,FLANG BESI D=200X115X13,December 2025,-,0.0,0.0,0.0,,,,,PCE,0.0,0.0,0.0,0.0,,,STOK HABIS / RE-ORDER,
D2,MOUNTING CYLINDER M20 DIA 40X102MM (CUTTER),December 2025,-,1.0,0.0,0.0,,,,,PCE,2.0,1.0,1.0,-1.0,,,AMAN,
D2,MOUNTING CYLINDER M16 HEX  28X74MM (AUXILARY),December 2025,-,0.0,0.0,0.0,,,,,PCE,0.0,0.0,0.0,0.0,,,STOK HABIS / RE-ORDER,
D2,BAUT MOUNTING M16 HEX 28X74MM (AUXILARY),December 2025,-,3.0,0.0,0.0,,,,,PCE,3.0,3.0,3.0,0.0,,,AMAN,
D2,BAUT MOUNTING CYLINDER M16 HEX 28X82 (CONTACK ROLLER),December 2025,-,4.0,0.0,0.0,,,,,PCE,4.0,4.0,4.0,0.0,,,AMAN,
D2,SLEAVE CHUCK 75X165MM LKAL,December 2025,-,0.0,0.0,0.0,,,,,PCE,0.0,0.0,0.0,0.0,,,STOK HABIS / RE-ORDER,
D2,SLIDING BAR MAT SKD II uk. 40x250x12mm,December 2025,-,16.0,0.0,0.0,,,,,PCE,16.0,16.0,16.0,0.0,,,AMAN,
D2,65000040 ROLLER KUGELROLLER KR-OGT-25,December 2025,-,15.0,0.0,0.0,,,,,PCE,15.0,15.0,15.0,0.0,,,AMAN,
D2,65000016 STRIP LAISTE 40X12X350,December 2025,-,3.0,0.0,0.0,,,,,PCE,3.0,3.0,3.0,0.0,,,AMAN,
D2,BUSHING HOUSING BEARING DIA.92X204MM NGR,December 2025,-,0.0,0.0,0.0,,,,,PCE,0.0,0.0,0.0,0.0,,,STOK HABIS / RE-ORDER,
D2,GEAR COUPLING MAT CVN DIA 74X45MM,December 2025,-,2.0,0.0,0.0,,,,,PCE,2.0,2.0,2.0,0.0,,,AMAN,
D2,PIPA TEMBAGA DIA 10X480MM LETTER U,December 2025,-,1.0,0.0,0.0,,,,,PCE,1.0,1.0,1.0,0.0,,,AMAN,
D2,"DOUBLE NEPEL 1/4""",December 2025,-,2.0,0.0,0.0,,,,,PCE,2.0,2.0,2.0,0.0,,,AMAN,
D2,MOUNTING CYLINDERMATERIAL BESI UTK CARGING BAR SML,December 2025,-,3.0,0.0,0.0,,,,,PCE,3.0,3.0,3.0,0.0,,,AMAN,
D2,AS FINISHING CORE D=30X550MM,December 2025,-,0.0,0.0,0.0,,,,,PCE,0.0,0.0,0.0,0.0,,,STOK HABIS / RE-ORDER,
D2,TUTUP MOTOR UK 190X190X60MM,December 2025,-,0.0,0.0,0.0,,,,,PCE,0.0,0.0,0.0,0.0,,,STOK HABIS / RE-ORDER,
D2,IMPELER MAS S/S,December 2025,-,0.0,0.0,0.0,,,,,PCE,0.0,0.0,0.0,0.0,,,STOK HABIS / RE-ORDER,
D2,PER D=15X82MM,December 2025,-,3.0,0.0,0.0,,,,,PCE,3.0,3.0,3.0,0.0,,,AMAN,
D2,PER  TEKAN D=LUAR 22MMX30MM,December 2025,-,3.0,0.0,0.0,,,,,PCE,3.0,3.0,3.0,0.0,,,AMAN,
D2,"IMPELER FAN D=AS 11MMX D=LUAR 133MMXT.59MM(5""X57)",December 2025,-,0.0,0.0,0.0,,,,,PCE,0.0,0.0,0.0,0.0,,,STOK HABIS / RE-ORDER,
D2,KUNCI L SHOCK 6MM,December 2025,-,1.0,0.0,0.0,,,,,PCE,1.0,1.0,1.0,0.0,,,AMAN,
D2,KUNCI L SHOXK 4 MM,December 2025,-,0.0,0.0,0.0,,,,,PCE,0.0,0.0,0.0,0.0,,,STOK HABIS / RE-ORDER,
D2,SPROKET 40-1/2 BLOWN,December 2025,-,0.0,0.0,0.0,,,,,PCE,0.0,0.0,0.0,0.0,,,STOK HABIS / RE-ORDER,
D2,PER TARIK D=7X85MM,December 2025,-,0.0,0.0,0.0,,,,,PCE,0.0,0.0,0.0,0.0,,,STOK HABIS / RE-ORDER,
D2,"PER TARIK 4,5MM MC NAUTILUS",December 2025,-,0.5,0.0,0.0,,,,,CM,0.5,0.5,0.5,0.0,,,AMAN,
D2,COIL MAGNET DRILL 220 VDC REPAIR,December 2025,-,0.0,0.0,0.0,,,,,PCE,0.0,0.0,0.0,0.0,,,STOK HABIS / RE-ORDER,
D2,THEROD REPAIR BEARING(DUDUKAN TROMOL),December 2025,-,0.0,0.0,0.0,,,,,PCE,0.0,0.0,0.0,0.0,,,STOK HABIS / RE-ORDER,
D2,ELECTRIC EXP VALVE ETS 100 034G0508 DENFOS,December 2025,-,2.0,0.0,0.0,,,,,PCE,2.0,2.0,2.0,0.0,,,AMAN,
D2,ELECTRIC EXP VALVE ETS 25B,December 2025,-,0.0,0.0,0.0,,,,,PCE,0.0,0.0,0.0,0.0,,,STOK HABIS / RE-ORDER,
D2,"CHECK VALVE 1 1/2"" (KUNINGAN)",December 2025,-,1.0,0.0,0.0,,,,,PCE,1.0,1.0,1.0,0.0,,,AMAN,
D2,HOUSING BEARING NGR D=45X108 REPAIR,December 2025,-,0.0,0.0,0.0,,,,,PCE,0.0,0.0,0.0,0.0,,,STOK HABIS / RE-ORDER,
D2,HOUSING BEARING NGR D=45X108 (pengering),December 2025,-,0.0,0.0,0.0,,,,,PCE,0.0,0.0,0.0,0.0,,,STOK HABIS / RE-ORDER,
D2,AS HOUSING BEARING D=34X43 NGR,December 2025,-,0.0,0.0,0.0,,,,,PCE,0.0,0.0,0.0,0.0,,,STOK HABIS / RE-ORDER,
D2,HOUSING AS PENGERING 45X32X109 MC NGR,December 2025,-,1.0,0.0,0.0,,,,,PCE,1.0,1.0,1.0,0.0,,,AMAN,
A8,COUNTER OMRON DH48J-11A/ BERN DH48J-A COIL 220V ,December 2025,-,2.0,0.0,0.0,,,,,PCE,2.0,2.0,2.0,0.0,,,AMAN,
D2,"BAUT L M16X1,5X60",December 2025,-,4.0,0.0,0.0,,,,,PCE,4.0,4.0,4.0,0.0,,,AMAN,
D2,BAUT STAINLESH M12X35MM,December 2025,-,2.0,0.0,0.0,,,,,SET,2.0,2.0,2.0,0.0,,,AMAN,
D2,BAUT M12X35 HITAM,December 2025,-,10.0,0.0,0.0,,,,,PCE,10.0,10.0,10.0,0.0,,,AMAN,
D2,BAUT L M6X20MM,December 2025,-,1.0,0.0,0.0,,,,,PCE,14.0,1.0,1.0,-13.0,,,AMAN,
D2,BAUT M6X20MM,December 2025,-,0.0,0.0,0.0,,,,,PCE,0.0,0.0,0.0,0.0,,,STOK HABIS / RE-ORDER,
D2,BAUT M6X25MM(KEMPU),December 2025,-,0.0,0.0,0.0,,,,,SET,0.0,0.0,0.0,0.0,,,STOK HABIS / RE-ORDER,
D2,BAUT L M8X20MM,December 2025,-,8.0,0.0,0.0,,,,,PCE,8.0,8.0,8.0,0.0,,,AMAN,
D2,"BAUT L M12X50MM FULL DRAT 12,9",December 2025,-,8.0,0.0,0.0,,,,,PCE,12.0,8.0,8.0,-4.0,,,AMAN,
D2,PLAT S/S UNTUK EREMA ,December 2025,-,1.0,0.0,0.0,,,,,PCE,1.0,1.0,1.0,0.0,,,AMAN,
D2,ASS HOOK HOIST KRAIN,December 2025,-,0.0,0.0,0.0,,,,,PCE,0.0,0.0,0.0,0.0,,,STOK HABIS / RE-ORDER,
D2,BAUT L M20X85MM EREMA,December 2025,-,4.0,0.0,0.0,,,,,PCE,4.0,4.0,4.0,0.0,,,AMAN,
D2,BAUT M10X65MM,December 2025,-,0.0,0.0,0.0,,,,,PCE,0.0,0.0,0.0,0.0,,,STOK HABIS / RE-ORDER,
D2,DUDUKAN CYLINDER 52MMX52MM SML1,December 2025,-,3.0,0.0,0.0,,,,,PCE,3.0,3.0,3.0,0.0,,,AMAN,
D2,HEATER 1080x50 220V 1500W,December 2025,-,1.0,0.0,0.0,,,,,SET,1.0,1.0,1.0,0.0,,,AMAN,
D2,HEATER 1090X50 230V 1500W,December 2025,-,2.0,0.0,0.0,,,,,SET,2.0,2.0,2.0,0.0,,,AMAN,
D2,HEATER BAND 240X40 240V/1000W MC BLOWN,December 2025,-,4.0,0.0,0.0,,,,,PCE,4.0,4.0,4.0,0.0,,,AMAN,
D2,HEATER 265X25 240VOLT 650W MC BC,December 2025,-,3.0,0.0,0.0,,,,,PCE,3.0,3.0,3.0,0.0,,,AMAN,
D2,ABSORBER STABILUS 752827 0150N 111/23 AV14 / GAS SPRING 150N,December 2025,-,0.0,0.0,0.0,,,,,PCE,0.0,0.0,0.0,0.0,,,STOK HABIS / RE-ORDER,
(C15),AS SPIRAL GEAR EREMA,December 2025,-,0.0,0.0,0.0,,,,,PCE,0.0,0.0,0.0,0.0,,,STOK HABIS / RE-ORDER,
D2,COVER DINAMO REPAIR MOTOR AUGER SML,December 2025,-,0.0,0.0,0.0,,,,,PCE,0.0,0.0,0.0,0.0,,,STOK HABIS / RE-ORDER,
D2,AS SPIRAL GEAR REPAIR/AS ROTOR MOTOR AUGER SML,December 2025,-,-1.0,0.0,-0.0,,,,,PCE,-1.0,-1.0,-1.0,0.0,,,AMAN,
B11,CHARGER 30 ELTEX  REPAIR,December 2025,-,1.0,0.0,0.0,,,,,PCE,1.0,1.0,1.0,0.0,,,AMAN,
B11,KABEL CONTROL SUPERFLEX 1MMX32 MC DS,December 2025,-,0.0,0.0,0.0,,,,,METER,0.0,0.0,0.0,0.0,,,STOK HABIS / RE-ORDER,
B9,THERMO COPELES HS 7321900000 OUMAL,December 2025,-,4.0,0.0,0.0,,,,,PCE,4.0,4.0,4.0,0.0,,,AMAN,
D2,ROLLER IDLER ASM . 1.90DX20.88 GALVANIZED,December 2025,-,0.0,0.0,0.0,,,,,PCE,0.0,0.0,0.0,0.0,,,STOK HABIS / RE-ORDER,
D2,ROLLER DRIVEN PRE-STRECH FDS 3-3/8DX21 OPEN CELL METRIC RS2 KYWY,December 2025,-,0.0,0.0,0.0,,,,,PCE,0.0,0.0,0.0,0.0,,,STOK HABIS / RE-ORDER,
D2,ROD END 5/16-24 THREADX5/16 FEMALE,December 2025,-,0.0,0.0,0.0,,,,,PCE,0.0,0.0,0.0,0.0,,,STOK HABIS / RE-ORDER,
D2,SWITCH PROXIMITY 18MMX50MMX12MM,December 2025,-,0.0,0.0,0.0,,,,,PCE,0.0,0.0,0.0,0.0,,,STOK HABIS / RE-ORDER,
D2,"HELICAL GEAR D=51,1X OZ30 REPAIR",December 2025,-,0.0,0.0,0.0,,,,,PCE,0.0,0.0,0.0,0.0,,,STOK HABIS / RE-ORDER,
D2,"HELICAL GEAR D=68,1X OZ30 REPAIR",December 2025,-,0.0,0.0,0.0,,,,,PCE,0.0,0.0,0.0,0.0,,,STOK HABIS / RE-ORDER,
D2,COUPLING DS MAX CVN Z16,December 2025,-,0.0,0.0,0.0,,,,,PCE,0.0,0.0,0.0,0.0,,,STOK HABIS / RE-ORDER,
D2,WORM GEAR EREMA,December 2025,-,0.0,0.0,0.0,,,,,PCE,0.0,0.0,0.0,0.0,,,STOK HABIS / RE-ORDER,
D2,GEAR BOX MAT  BRONZ,December 2025,-,0.0,0.0,0.0,,,,,PCE,0.0,0.0,0.0,0.0,,,STOK HABIS / RE-ORDER,
D2,COVER GEAR BOX,December 2025,-,0.0,0.0,0.0,,,,,PCE,0.0,0.0,0.0,0.0,,,STOK HABIS / RE-ORDER,
D2,CUTTER HOLDER 304 TBL 10MM,December 2025,-,0.0,0.0,0.0,,,,,PCE,0.0,0.0,0.0,0.0,,,STOK HABIS / RE-ORDER,
D2,AS CUTTER PELETIZER 35X415MM,December 2025,-,0.0,0.0,0.0,,,,,PCE,0.0,0.0,0.0,0.0,,,STOK HABIS / RE-ORDER,
D2,ROLLER D=31X150MM MC NAUTILUS,December 2025,-,0.0,0.0,0.0,,,,,PCE,0.0,0.0,0.0,0.0,,,STOK HABIS / RE-ORDER,
B9,STICK HEATER D=19MMX235MM 380 V 1400W DS,December 2025,-,5.0,0.0,0.0,,,,,PCE,5.0,5.0,5.0,0.0,,,AMAN,
D2,KLAINT SELANG 4 inc 78-100MM,December 2025,-,14.0,0.0,0.0,,,,,PCE,14.0,14.0,14.0,0.0,,,AMAN,
D2,"KLAN SELANG NO24 2"" 35-51",December 2025,-,9.0,0.0,0.0,,,,,PCE,10.0,9.0,9.0,-1.0,,,AMAN,
D2,"CLAMP SELANG 1 1/2""",December 2025,-,0.0,0.0,0.0,,,,,PCE,0.0,0.0,0.0,0.0,,,STOK HABIS / RE-ORDER,
D2,"CLAMP SELANG 1/2""",December 2025,-,2.0,0.0,0.0,,,,,PCE,2.0,2.0,2.0,0.0,,,AMAN,
D2,"CLAMP SELANG 5/8""""",December 2025,-,0.0,0.0,0.0,,,,,PCE,0.0,0.0,0.0,0.0,,,STOK HABIS / RE-ORDER,
D2,"CLAMP SELANG 3/4"" 12-20MM",December 2025,-,19.0,0.0,0.0,,,,,PCE,4.0,19.0,19.0,15.0,,,AMAN,
D2,"KLAINT SELANG 12""",December 2025,-,0.0,0.0,0.0,,,,,PCE,0.0,0.0,0.0,0.0,,,STOK HABIS / RE-ORDER,
D2,"CLAMP SELANG 1""",December 2025,-,0.0,0.0,0.0,,,,,PCE,0.0,0.0,0.0,0.0,,,STOK HABIS / RE-ORDER,
D2,"CLAMP PIPA BESI 1/2""",December 2025,-,17.0,0.0,0.0,,,,,PCE,17.0,17.0,17.0,0.0,,,AMAN,
D2,"CLAMP PIPA BESI 1""",December 2025,-,10.0,0.0,0.0,,,,,PCE,10.0,10.0,10.0,0.0,,,AMAN,
D2,"CLAMP PIPA 3/4"" BESI",December 2025,-,0.0,0.0,0.0,,,,,PCE,30.0,0.0,0.0,-30.0,,,STOK HABIS / RE-ORDER,
D2,FISHER D=6MM+SKRUP,December 2025,-,1.0,0.0,0.0,,,,,BOX,1.0,1.0,1.0,0.0,,,AMAN,
D2,PYLOX CLEAR,December 2025,-,0.0,0.0,0.0,,,,,CAN,0.0,0.0,0.0,0.0,,,STOK HABIS / RE-ORDER,
D2,CAK BOR MAKTEK,December 2025,-,0.0,0.0,0.0,,,,,PCE,0.0,0.0,0.0,0.0,,,STOK HABIS / RE-ORDER,
D2,BEARING OSCILATING FRAME LOKAL,December 2025,-,4.0,0.0,0.0,,,,,PCE,4.0,4.0,4.0,0.0,,,AMAN,
D2,"BALL VALVE KUNINGAN 1 1/4""",December 2025,-,0.0,0.0,0.0,,,,,PCE,0.0,0.0,0.0,0.0,,,STOK HABIS / RE-ORDER,
D2,"BALL VALVE PVC 1 1/4""",December 2025,-,0.0,0.0,0.0,,,,,PCE,0.0,0.0,0.0,0.0,,,STOK HABIS / RE-ORDER,
D2,"PIPA PVC 1/2""",December 2025,-,0.0,0.0,0.0,,,,,PCE,0.0,0.0,0.0,0.0,,,STOK HABIS / RE-ORDER,
D2,"DOP 1"" RUCIKA",December 2025,-,0.0,0.0,0.0,,,,,PCE,1.0,0.0,0.0,-1.0,,,STOK HABIS / RE-ORDER,
D2,"BALL VALVE 1"" PVC",December 2025,-,0.0,0.0,0.0,,,,,PCE,0.0,0.0,0.0,0.0,,,STOK HABIS / RE-ORDER,
D2,"KENY PVC 1 """,December 2025,-,0.0,0.0,0.0,,,,,PCE,0.0,0.0,0.0,0.0,,,STOK HABIS / RE-ORDER,
D2,"SOCK PVC 1 """,December 2025,-,0.0,0.0,0.0,,,,,PCE,0.0,0.0,0.0,0.0,,,STOK HABIS / RE-ORDER,
D2,"SOCK DRAT LUAR 1"" PVC",December 2025,-,0.0,0.0,0.0,,,,,PCE,0.0,0.0,0.0,0.0,,,STOK HABIS / RE-ORDER,
D2,"SOCK DRAT DALAM 1"" PVC",December 2025,-,0.0,0.0,0.0,,,,,PCE,0.0,0.0,0.0,0.0,,,STOK HABIS / RE-ORDER,
D2,"REDUSER PVC 1""X3/4",December 2025,-,1.0,0.0,0.0,,,,,PCE,1.0,1.0,1.0,0.0,,,AMAN,
D2,"TEE PVC 1""",December 2025,-,0.0,0.0,0.0,,,,,PCE,0.0,0.0,0.0,0.0,,,STOK HABIS / RE-ORDER,
D2,"DOP PVC1/2""",December 2025,-,0.0,0.0,0.0,,,,,PCE,0.0,0.0,0.0,0.0,,,STOK HABIS / RE-ORDER,
D2,TESEN KLEP,December 2025,-,0.0,0.0,0.0,,,,,PCE,0.0,0.0,0.0,0.0,,,STOK HABIS / RE-ORDER,
D2,"WATER MOOR 1"" PVC",December 2025,-,0.0,0.0,0.0,,,,,PCE,0.0,0.0,0.0,0.0,,,STOK HABIS / RE-ORDER,
D2,"WATER MOOR  1/2"" GALVANIS",December 2025,-,2.0,0.0,0.0,,,,,PCE,2.0,2.0,2.0,0.0,,,AMAN,
D2,"U BOLT 6""",December 2025,-,0.0,0.0,0.0,,,,,PCE,0.0,0.0,0.0,0.0,,,STOK HABIS / RE-ORDER,
D2,"U BOLT 3/4""X1/8""",December 2025,-,0.0,0.0,0.0,,,,,PCE,0.0,0.0,0.0,0.0,,,STOK HABIS / RE-ORDER,
D2,DINASET 16MM,December 2025,-,0.0,0.0,0.0,,,,,SET,0.0,0.0,0.0,0.0,,,STOK HABIS / RE-ORDER,
D2,BAUT MUR RING M16X50 BLOWN,December 2025,-,0.0,0.0,0.0,,,,,SET,0.0,0.0,0.0,0.0,,,STOK HABIS / RE-ORDER,
D2,BAUT MUR RING M12X40 BLOWN,December 2025,-,0.0,0.0,0.0,,,,,SET,0.0,0.0,0.0,0.0,,,STOK HABIS / RE-ORDER,
D2,BAUT 90X12MM BLOWN,December 2025,-,0.0,0.0,0.0,,,,,PCS,0.0,0.0,0.0,0.0,,,STOK HABIS / RE-ORDER,
D2,BAUT 17X12MM BLOWN,December 2025,-,0.0,0.0,0.0,,,,,PCS,0.0,0.0,0.0,0.0,,,STOK HABIS / RE-ORDER,
D2,NILON  PUSHER 18.5X 18.5,December 2025,-,0.0,0.0,0.0,,,,,PCE,0.0,0.0,0.0,0.0,,,STOK HABIS / RE-ORDER,
D2,"KENY PVC 3/4""",December 2025,-,0.0,0.0,0.0,,,,,PCE,0.0,0.0,0.0,0.0,,,STOK HABIS / RE-ORDER,
D2,"SOCK DRAD LUAR 3/4"" PVC",December 2025,-,0.0,0.0,0.0,,,,,PCE,0.0,0.0,0.0,0.0,,,STOK HABIS / RE-ORDER,
D2,"SOCK DRAD DALAM 3/4""",December 2025,-,0.0,0.0,0.0,,,,,PCE,0.0,0.0,0.0,0.0,,,STOK HABIS / RE-ORDER,
D2,"TEE PVC 3/4""",December 2025,-,0.0,0.0,0.0,,,,,PCE,0.0,0.0,0.0,0.0,,,STOK HABIS / RE-ORDER,
D2,"TEE GALVANIS 1""",December 2025,-,0.0,0.0,0.0,,,,,PCE,0.0,0.0,0.0,0.0,,,STOK HABIS / RE-ORDER,
D2,"DOUBLE NEPEL GALVANIS 1""",December 2025,-,0.0,0.0,0.0,,,,,PCE,0.0,0.0,0.0,0.0,,,STOK HABIS / RE-ORDER,
D2,"BALL VALVE 3/4"" PVC",December 2025,-,0.0,0.0,0.0,,,,,PCE,0.0,0.0,0.0,0.0,,,STOK HABIS / RE-ORDER,
D2,"BALL VALVE 3/4"" KUNINGAN",December 2025,-,0.0,0.0,0.0,,,,,PCE,0.0,0.0,0.0,0.0,,,STOK HABIS / RE-ORDER,
D2,"ROTARY VALVE 1 1/2""",December 2025,-,0.0,0.0,0.0,,,,,PCE,0.0,0.0,0.0,0.0,,,STOK HABIS / RE-ORDER,
D2,CLAMP ACCU KUNINGAN,December 2025,-,0.0,0.0,0.0,,,,,PCE,0.0,0.0,0.0,0.0,,,STOK HABIS / RE-ORDER,
D2,WASHER SET 11011-UC010 FORKLIFT,December 2025,-,0.0,0.0,0.0,,,,,SET,0.0,0.0,0.0,0.0,,,STOK HABIS / RE-ORDER,
D2,NILON  PUTIH D=30MMX1M,December 2025,-,0.0,0.0,0.0,,,,,PCE,0.0,0.0,0.0,0.0,,,STOK HABIS / RE-ORDER,
D2,"REGULATOR 1 1/2""",December 2025,-,0.0,0.0,0.0,,,,,PCE,0.0,0.0,0.0,0.0,,,STOK HABIS / RE-ORDER,
D2,"SOCK DRAT LUAR 1/2""",December 2025,-,0.0,0.0,0.0,,,,,PCE,0.0,0.0,0.0,0.0,,,STOK HABIS / RE-ORDER,
D2,"SOCK DRAT DALAM 1/2""",December 2025,-,0.0,0.0,0.0,,,,,PCE,0.0,0.0,0.0,0.0,,,STOK HABIS / RE-ORDER,
D2,"TENSEN KLEP 1/2""",December 2025,-,0.0,0.0,0.0,,,,,PCE,0.0,0.0,0.0,0.0,,,STOK HABIS / RE-ORDER,
D2,"KERAN 1/2""",December 2025,-,1.0,0.0,0.0,,,,,PCE,2.0,1.0,1.0,-1.0,,,AMAN,
D2,GEAR NILON NAUTILUS,December 2025,-,0.0,0.0,0.0,,,,,PCE,0.0,0.0,0.0,0.0,,,STOK HABIS / RE-ORDER,
D2,"ROTARY VALVE 1/2""",December 2025,-,1.0,0.0,0.0,,,,,PCE,1.0,1.0,1.0,0.0,,,AMAN,
D2,KERAN ANGSA,December 2025,-,0.0,0.0,0.0,,,,,PCE,0.0,0.0,0.0,0.0,,,STOK HABIS / RE-ORDER,
D2,CORONG  KECIL,December 2025,-,0.0,0.0,0.0,,,,,PCE,0.0,0.0,0.0,0.0,,,STOK HABIS / RE-ORDER,
D2,CORONG SEDANG,December 2025,-,0.0,0.0,0.0,,,,,PCE,0.0,0.0,0.0,0.0,,,STOK HABIS / RE-ORDER,
D2,LITERAN PLASTIK(TEKO),December 2025,-,1.0,0.0,0.0,,,,,PCE,1.0,1.0,1.0,0.0,,,AMAN,
D2,SIKAT EXKLUSIVE,December 2025,-,0.0,0.0,0.0,,,,,PCE,0.0,0.0,0.0,0.0,,,STOK HABIS / RE-ORDER,
D2,SELANG KOMP ADEKOM SHOCK,December 2025,-,0.0,0.0,0.0,,,,,PCE,0.0,0.0,0.0,0.0,,,STOK HABIS / RE-ORDER,
D2,"REDUSER 1 1/4""X1""",December 2025,-,0.0,0.0,0.0,,,,,PCE,0.0,0.0,0.0,0.0,,,STOK HABIS / RE-ORDER,
D2,"BALL VALVE 1 1/2"" MC CORE",December 2025,-,2.0,0.0,0.0,,,,,PCE,2.0,2.0,2.0,0.0,,,AMAN,
D2,"BALL VALVE 1/2"" KIT(ONDA) KUNINGAN",December 2025,-,0.0,0.0,0.0,,,,,PCE,0.0,0.0,0.0,0.0,,,STOK HABIS / RE-ORDER,
D2,"BALL VALVE 1/2""  PVC",December 2025,-,1.0,0.0,0.0,,,,,PCE,1.0,1.0,1.0,0.0,,,AMAN,
D2,"KENY PVC 1/2""",December 2025,-,0.0,0.0,0.0,,,,,PCE,0.0,0.0,0.0,0.0,,,STOK HABIS / RE-ORDER,
D2,"CLAMP PIPA 1/2""  BESI",December 2025,-,0.0,0.0,0.0,,,,,PCE,0.0,0.0,0.0,0.0,,,STOK HABIS / RE-ORDER,
D2,"TEE PVC 1/2""",December 2025,-,0.0,0.0,0.0,,,,,PCE,0.0,0.0,0.0,0.0,,,STOK HABIS / RE-ORDER,
D2,"SHOCK DRAT DALAM PVC 1/2""",December 2025,-,0.0,0.0,0.0,,,,,PCE,0.0,0.0,0.0,0.0,,,STOK HABIS / RE-ORDER,
D2,"SHOCK DRAT LUAR PVC 1/4""",December 2025,-,0.0,0.0,0.0,,,,,PCE,0.0,0.0,0.0,0.0,,,STOK HABIS / RE-ORDER,
D2,"ELGO 1/2""",December 2025,-,0.0,0.0,0.0,,,,,PCE,0.0,0.0,0.0,0.0,,,STOK HABIS / RE-ORDER,
D2,"REGUSER SHOCK 1"">1/2""",December 2025,-,0.0,0.0,0.0,,,,,PCE,0.0,0.0,0.0,0.0,,,STOK HABIS / RE-ORDER,
D2,"WATTER MOOR 1/2""",December 2025,-,1.0,0.0,0.0,,,,,PCE,1.0,1.0,1.0,0.0,,,AMAN,
D2,"CLAMP 6""",December 2025,-,0.0,0.0,0.0,,,,,PCE,0.0,0.0,0.0,0.0,,,STOK HABIS / RE-ORDER,
D2,"CLAMP SELANG 8""",December 2025,-,2.0,0.0,0.0,,,,,PCE,2.0,2.0,2.0,0.0,,,AMAN,
D2,"CLAMP SELANG 10""",December 2025,-,6.0,0.0,0.0,,,,,PCE,6.0,6.0,6.0,0.0,,,AMAN,
D2,SELANG GEMUK OPT-JIS,December 2025,-,0.0,0.0,0.0,,,,,PCE,0.0,0.0,0.0,0.0,,,STOK HABIS / RE-ORDER,
D2,"REDUSER  3/4""X1/2"" GALVANIS",December 2025,-,0.0,0.0,0.0,,,,,PCE,0.0,0.0,0.0,0.0,,,STOK HABIS / RE-ORDER,
D2,"REDUSER 1""X1/2"" PVC",December 2025,-,1.0,0.0,0.0,,,,,PCE,1.0,1.0,1.0,0.0,,,AMAN,
D2,"SOCK PVC 1/2""",December 2025,-,0.0,0.0,0.0,,,,,PCE,0.0,0.0,0.0,0.0,,,STOK HABIS / RE-ORDER,
D2,"PELAMPUNG  BOLA 1/2"" ONDA",December 2025,-,1.0,0.0,0.0,,,,,SET,1.0,1.0,1.0,0.0,,,AMAN,
D2,"PELAMPUNG BOLA 1""",December 2025,-,0.0,0.0,0.0,,,,,SET,0.0,0.0,0.0,0.0,,,STOK HABIS / RE-ORDER,
D2,KAIN KASSA ,December 2025,-,0.0,0.0,0.0,,,,,PCE,0.0,0.0,0.0,0.0,,,STOK HABIS / RE-ORDER,
D2,RING BAJA/PLAT 12MM,December 2025,-,0.0,0.0,0.0,,,,,PCE,0.0,0.0,0.0,0.0,,,STOK HABIS / RE-ORDER,
D2,BAUT M12X125MM,December 2025,-,1.0,0.0,0.0,,,,,PCE,1.0,1.0,1.0,0.0,,,AMAN,
D2,BAUT L BAJA 12X90MM,December 2025,-,0.0,0.0,0.0,,,,,PCE,0.0,0.0,0.0,0.0,,,STOK HABIS / RE-ORDER,
D2,"CLAMP SELANG 1-1/4""",December 2025,-,0.0,0.0,0.0,,,,,PCE,0.0,0.0,0.0,0.0,,,STOK HABIS / RE-ORDER,
D2,KACA SEPION FORKLIFT,December 2025,-,0.0,0.0,0.0,,,,,PCE,0.0,0.0,0.0,0.0,,,STOK HABIS / RE-ORDER,
D2,"ELBOW 6""",December 2025,-,4.0,0.0,0.0,,,,,PCE,4.0,4.0,4.0,0.0,,,AMAN,
D2,"U-BOLD 5""",December 2025,-,0.0,0.0,0.0,,,,,PCE,0.0,0.0,0.0,0.0,,,STOK HABIS / RE-ORDER,
D2,"U-BOLD 6""",December 2025,-,0.0,0.0,0.0,,,,,PCE,0.0,0.0,0.0,0.0,,,STOK HABIS / RE-ORDER,
D2,"U-BOLD 1 1/2""",December 2025,-,13.0,0.0,0.0,,,,,PCE,13.0,13.0,13.0,0.0,,,AMAN,
D2,"U-BOLT 1/2""",December 2025,-,0.0,0.0,0.0,,,,,PCE,0.0,0.0,0.0,0.0,,,STOK HABIS / RE-ORDER,
D2,"CLAMP SELANG 3""",December 2025,-,11.0,0.0,0.0,,,,,PCE,13.0,11.0,11.0,-2.0,,,AMAN,
D2,"CLAMP CELANG 3-1/2"" 44-99MM",December 2025,-,0.0,0.0,0.0,,,,,PCE,0.0,0.0,0.0,0.0,,,STOK HABIS / RE-ORDER,
D2,CLAMP SELANG 32-51MM,December 2025,-,0.0,0.0,0.0,,,,,PCE,0.0,0.0,0.0,0.0,,,STOK HABIS / RE-ORDER,
D2,NEPEL FILTER,December 2025,-,0.0,0.0,0.0,,,,,PCE,0.0,0.0,0.0,0.0,,,STOK HABIS / RE-ORDER,
D2,"GALVANIS  ELBOW 1/2""",December 2025,-,0.0,0.0,0.0,,,,,PCE,0.0,0.0,0.0,0.0,,,STOK HABIS / RE-ORDER,
D2,"GALVANIS DOUBLE NEPEL 1/2""",December 2025,-,0.0,0.0,0.0,,,,,PCE,0.0,0.0,0.0,0.0,,,STOK HABIS / RE-ORDER,
D2,"GALVANIS TEE 1/2""",December 2025,-,0.0,0.0,0.0,,,,,PCE,0.0,0.0,0.0,0.0,,,STOK HABIS / RE-ORDER,
D2,"SHOCK GALVANIS 1/2""",December 2025,-,0.0,0.0,0.0,,,,,PCE,0.0,0.0,0.0,0.0,,,STOK HABIS / RE-ORDER,
D2,SELANG TANGKI HIDROLIK,December 2025,-,0.0,0.0,0.0,,,,,PCE,0.0,0.0,0.0,0.0,,,STOK HABIS / RE-ORDER,
D2,SELANG COUNTER VALVE HIDROLIK UK 350MM,December 2025,-,0.0,0.0,0.0,,,,,PCE,0.0,0.0,0.0,0.0,,,STOK HABIS / RE-ORDER,
D2,"PIPA TEMBAGA(SHOCK 13/8"")",December 2025,-,0.0,0.0,0.0,,,,,PCE,0.0,0.0,0.0,0.0,,,STOK HABIS / RE-ORDER,
D2,"ELBOW PIPA TEMBAGA 13/8""",December 2025,-,0.0,0.0,0.0,,,,,PCE,0.0,0.0,0.0,0.0,,,STOK HABIS / RE-ORDER,
D2,"PIPA TEMBAGA 13/8""",December 2025,-,0.0,0.0,0.0,,,,,METER,0.0,0.0,0.0,0.0,,,STOK HABIS / RE-ORDER,
D2,JEMPER AKI FORKLIFT,December 2025,-,0.0,0.0,0.0,,,,,SET,0.0,0.0,0.0,0.0,,,STOK HABIS / RE-ORDER,
D2,ELBOW KUNINGAN  3/8,December 2025,-,1.0,0.0,0.0,,,,,PCE,1.0,1.0,1.0,0.0,,,AMAN,
D2,"DOUBLE NEPEL GALVANIS 3/8""",December 2025,-,1.0,0.0,0.0,,,,,PCE,1.0,1.0,1.0,0.0,,,AMAN,
D2,AS RELL MAB HGR 25-660 MC DS,December 2025,-,0.0,0.0,0.0,,,,,PCE,0.0,0.0,0.0,0.0,,,STOK HABIS / RE-ORDER,
D2,AS DUDUKAN TEEROD FORKLIFT (REPAIR TAMBAH DAGING),December 2025,-,0.0,0.0,0.0,,,,,NIU,0.0,0.0,0.0,0.0,,,STOK HABIS / RE-ORDER,
D2,"PIPA GALVANIS 2 1/2""",December 2025,-,0.0,0.0,0.0,,,,,PCE,0.0,0.0,0.0,0.0,,,STOK HABIS / RE-ORDER,
D2,"SOCK GALVANIS 2 1/2""",December 2025,-,0.0,0.0,0.0,,,,,PCE,0.0,0.0,0.0,0.0,,,STOK HABIS / RE-ORDER,
D2,"KENY GALVANIS 2 1/2""",December 2025,-,0.0,0.0,0.0,,,,,PCE,0.0,0.0,0.0,0.0,,,STOK HABIS / RE-ORDER,
D2,"T GALVANIS 2 1/2""",December 2025,-,0.0,0.0,0.0,,,,,PCE,0.0,0.0,0.0,0.0,,,STOK HABIS / RE-ORDER,
D2,ROLL PONG MC ARVOR D=30X110MM,December 2025,-,7.0,0.0,0.0,,,,,PCE,7.0,7.0,7.0,0.0,,,AMAN,
D2,"TEE PVC 1 1/2""",December 2025,-,0.0,0.0,0.0,,,,,PCE,0.0,0.0,0.0,0.0,,,STOK HABIS / RE-ORDER,
D2,KARET NBR 110-60-16 ENGIN MOUNTING,December 2025,-,4.0,0.0,0.0,,,,,PCE,4.0,4.0,4.0,0.0,,,AMAN,
D2,MOUNTING RUBBER VIBRATION ISOLATOR KOMPRESSOR,December 2025,-,0.0,0.0,0.0,,,,,PCE,0.0,0.0,0.0,0.0,,,STOK HABIS / RE-ORDER,
D2,"SCRENER KITZ 1 1/4""",December 2025,-,0.0,0.0,0.0,,,,,PCE,0.0,0.0,0.0,0.0,,,STOK HABIS / RE-ORDER,
D2,BELT /PER D=3MMXP 465MM PISAU MC CUTTING BLUE PE 1500,December 2025,-,0.0,0.0,0.0,,,,,PCE,0.0,0.0,0.0,0.0,,,STOK HABIS / RE-ORDER,
D2,NITTO DENKO,December 2025,-,0.0,0.0,0.0,,,,,PCE,0.0,0.0,0.0,0.0,,,STOK HABIS / RE-ORDER,
D2,BATU ASAH WA 220 KINIK MC SEALER(GRED 400),December 2025,-,0.0,0.0,0.0,,,,,PCE,0.0,0.0,0.0,0.0,,,STOK HABIS / RE-ORDER,
D2,"SOK GALVANIS 1"" BESI GLG",December 2025,-,0.0,0.0,0.0,,,,,PCE,0.0,0.0,0.0,0.0,,,STOK HABIS / RE-ORDER,
D2,BEARING OSCILATING DIA.45X75MM+DRAT 1 SISI,December 2025,-,0.0,0.0,0.0,,,,,PCE,0.0,0.0,0.0,0.0,,,STOK HABIS / RE-ORDER,
D2,PLAT PENGGARIS T.2MM UK 25X150MM MAT.S/S,December 2025,-,0.0,0.0,0.0,,,,,PCE,0.0,0.0,0.0,0.0,,,STOK HABIS / RE-ORDER,
D2,STANG BLENDER,December 2025,-,0.0,0.0,0.0,,,,,SET,0.0,0.0,0.0,0.0,,,STOK HABIS / RE-ORDER,
D2,"RODA FLEXIBLE 5""",December 2025,-,0.0,0.0,0.0,,,,,PCE,0.0,0.0,0.0,0.0,,,STOK HABIS / RE-ORDER,
D2,"RODA FLEXIBLE 3""",December 2025,-,0.0,0.0,0.0,,,,,PCE,0.0,0.0,0.0,0.0,,,STOK HABIS / RE-ORDER,
D2,"RODA CASTER NYLON 3""(HIDUP)",December 2025,-,0.0,0.0,0.0,,,,,PCE,0.0,0.0,0.0,0.0,,,STOK HABIS / RE-ORDER,
D2,"RODA CASTER NYLON 3""(MATI)",December 2025,-,0.0,0.0,0.0,,,,,PCE,0.0,0.0,0.0,0.0,,,STOK HABIS / RE-ORDER,
D2,BAUT M6 S/S D=10XP.310MM,December 2025,-,2.0,0.0,0.0,,,,,PCE,2.0,2.0,2.0,0.0,,,AMAN,
D2,"SOCK DRAT LUAR  1 1/2""PVC",December 2025,-,0.0,0.0,0.0,,,,,PCE,0.0,0.0,0.0,0.0,,,STOK HABIS / RE-ORDER,
D2,"WATER MOOR PVC 1 1/2""",December 2025,-,0.0,0.0,0.0,,,,,PCE,0.0,0.0,0.0,0.0,,,STOK HABIS / RE-ORDER,
D2,"REDUSER 1 1/4""X3/4"" PVC",December 2025,-,0.0,0.0,0.0,,,,,PCE,0.0,0.0,0.0,0.0,,,STOK HABIS / RE-ORDER,
D2,"REDUSER 1 1/2"" X1 1/4"" PVC",December 2025,-,0.0,0.0,0.0,,,,,PCE,0.0,0.0,0.0,0.0,,,STOK HABIS / RE-ORDER,
D2,"REDUSER 1 1/4""X1"" PVC",December 2025,-,0.0,0.0,0.0,,,,,PCE,0.0,0.0,0.0,0.0,,,STOK HABIS / RE-ORDER,
D2,RODA BEARING GERBANG,December 2025,-,0.0,0.0,0.0,,,,,PCE,0.0,0.0,0.0,0.0,,,STOK HABIS / RE-ORDER,
D2,"CLAMP PIPA 1 1/4""",December 2025,-,0.0,0.0,0.0,,,,,PCE,0.0,0.0,0.0,0.0,,,STOK HABIS / RE-ORDER,
D2,PAKU BETON  5CM,December 2025,-,0.0,0.0,0.0,,,,,PCE,0.0,0.0,0.0,0.0,,,STOK HABIS / RE-ORDER,
D2,"PAKU BETON 1 1/2""",December 2025,-,0.0,0.0,0.0,,,,,BOX,0.0,0.0,0.0,0.0,,,STOK HABIS / RE-ORDER,
D2,"SCREENER  KUNINGAN  1""",December 2025,-,0.0,0.0,0.0,,,,,PCE,0.0,0.0,0.0,0.0,,,STOK HABIS / RE-ORDER,
D2,BAUT L M8X100MM,December 2025,-,8.0,0.0,0.0,,,,,PCE,8.0,8.0,8.0,0.0,,,AMAN,
D2,IMPELER POMPA TOREN,December 2025,-,0.0,0.0,0.0,,,,,PCE,0.0,0.0,0.0,0.0,,,STOK HABIS / RE-ORDER,
D2,SPARE PART POMPA STEM KRISBOW,December 2025,-,0.0,0.0,0.0,,,,,NIU,0.0,0.0,0.0,0.0,,,STOK HABIS / RE-ORDER,
D2,TAP M6 MM,December 2025,-,0.0,0.0,0.0,,,,,SET,0.0,0.0,0.0,0.0,,,STOK HABIS / RE-ORDER,
D2,"MATA BOR NANCHI  5,2MM",December 2025,-,0.0,0.0,0.0,,,,,PCE,0.0,0.0,0.0,0.0,,,STOK HABIS / RE-ORDER,
D2,"DOUBLE NEPEL GALVANIS 1 1/2""",December 2025,-,0.0,0.0,0.0,,,,,PCE,0.0,0.0,0.0,0.0,,,STOK HABIS / RE-ORDER,
D2,"SHOCK GALVANIS 1 1/2""",December 2025,-,0.0,0.0,0.0,,,,,PCE,0.0,0.0,0.0,0.0,,,STOK HABIS / RE-ORDER,
D2,"BALL VALVE KUNINGAN ONDA 1 1/2""",December 2025,-,0.0,0.0,0.0,,,,,PCE,0.0,0.0,0.0,0.0,,,STOK HABIS / RE-ORDER,
D2,"TEE GALVANIS 1 1/2""",December 2025,-,0.0,0.0,0.0,,,,,PCE,0.0,0.0,0.0,0.0,,,STOK HABIS / RE-ORDER,
D2,"WATER MOOR GALVANIS 1 1/2""",December 2025,-,0.0,0.0,0.0,,,,,PCE,0.0,0.0,0.0,0.0,,,STOK HABIS / RE-ORDER,
D2,"DOUBLE NEPEL GALVANIS 1 1/4""",December 2025,-,0.0,0.0,0.0,,,,,PCE,0.0,0.0,0.0,0.0,,,STOK HABIS / RE-ORDER,
D2,"REDUCER GALVANIS 1 1/4""X3/4""",December 2025,-,0.0,0.0,0.0,,,,,PCE,0.0,0.0,0.0,0.0,,,STOK HABIS / RE-ORDER,
D2,"REDUCER GALVANIS 1 1/2""X1""",December 2025,-,0.0,0.0,0.0,,,,,PCE,0.0,0.0,0.0,0.0,,,STOK HABIS / RE-ORDER,
D2,"REDUCER GALVANIS  1/2""X1""",December 2025,-,0.0,0.0,0.0,,,,,PCE,0.0,0.0,0.0,0.0,,,STOK HABIS / RE-ORDER,
D2,"REDUCER GALVANIS  2""X1""",December 2025,-,0.0,0.0,0.0,,,,,PCE,0.0,0.0,0.0,0.0,,,STOK HABIS / RE-ORDER,
D2,"REDUCER GALVANIS  2""X3""",December 2025,-,0.0,0.0,0.0,,,,,PCE,0.0,0.0,0.0,0.0,,,STOK HABIS / RE-ORDER,
D2,"KENY GALVANIS 1 1/2""",December 2025,-,0.0,0.0,0.0,,,,,PCE,0.0,0.0,0.0,0.0,,,STOK HABIS / RE-ORDER,
D2,"BALL VALVE GALVANIS 1""",December 2025,-,0.0,0.0,0.0,,,,,PCE,0.0,0.0,0.0,0.0,,,STOK HABIS / RE-ORDER,
D2,"BALL D.NEPEL GALVANIS 1""",December 2025,-,0.0,0.0,0.0,,,,,PCE,0.0,0.0,0.0,0.0,,,STOK HABIS / RE-ORDER,
D2," KENY GALVANIS 1""",December 2025,-,0.0,0.0,0.0,,,,,PCE,0.0,0.0,0.0,0.0,,,STOK HABIS / RE-ORDER,
D2,"WATER MOOR GALVANIS 1""",December 2025,-,0.0,0.0,0.0,,,,,PCE,0.0,0.0,0.0,0.0,,,STOK HABIS / RE-ORDER,
D2,"BALL VALVE 2"" GALVANIS",December 2025,-,0.0,0.0,0.0,,,,,PCE,0.0,0.0,0.0,0.0,,,STOK HABIS / RE-ORDER,
D2,"D-NEPEL 2"" GALVANIS",December 2025,-,0.0,0.0,0.0,,,,,PCE,0.0,0.0,0.0,0.0,,,STOK HABIS / RE-ORDER,
D2,"TEE GALVANIS 2""",December 2025,-,0.0,0.0,0.0,,,,,PCE,0.0,0.0,0.0,0.0,,,STOK HABIS / RE-ORDER,
D2,"ELBOW GALVANIS 2""",December 2025,-,0.0,0.0,0.0,,,,,PCE,0.0,0.0,0.0,0.0,,,STOK HABIS / RE-ORDER,
D2,"WATER MOOR GALVANIS 2""",December 2025,-,0.0,0.0,0.0,,,,,PCE,0.0,0.0,0.0,0.0,,,STOK HABIS / RE-ORDER,
D2,"REDUSER 2""X1 1/2"" GALVANIS",December 2025,-,0.0,0.0,0.0,,,,,PCE,0.0,0.0,0.0,0.0,,,STOK HABIS / RE-ORDER,
D2,"CLAMP SELANG GALVANIS 1 1/2""",December 2025,-,0.0,0.0,0.0,,,,,SET,0.0,0.0,0.0,0.0,,,STOK HABIS / RE-ORDER,
D2,"NEPEL SELANG ANGIN GALVANIS 1 1/2""X50",December 2025,-,1.0,0.0,0.0,,,,,PCE,1.0,1.0,1.0,0.0,,,AMAN,
D2,"EL BOW BESI 4""",December 2025,-,0.0,0.0,0.0,,,,,PCE,0.0,0.0,0.0,0.0,,,STOK HABIS / RE-ORDER,
D2,"DOP GALVANIS 1/2""",December 2025,-,0.0,0.0,0.0,,,,,PCE,0.0,0.0,0.0,0.0,,,STOK HABIS / RE-ORDER,
D2,TAPER LOCK  D=AS 24MMX38XLEBAR 8MM  GIGI.24 BC1108F,December 2025,-,0.0,0.0,0.0,,,,,PCE,0.0,0.0,0.0,0.0,,,STOK HABIS / RE-ORDER,
D2,TAPER LOCK 1610-30 MC DS,December 2025,-,4.0,0.0,0.0,,,,,SET,4.0,4.0,4.0,0.0,,,AMAN,
D2,STANG PISAU BUBUT,December 2025,-,0.0,0.0,0.0,,,,,PCE,0.0,0.0,0.0,0.0,,,STOK HABIS / RE-ORDER,
D2,"TANG SNAPRING BUKA 9""",December 2025,-,0.0,0.0,0.0,,,,,PCE,0.0,0.0,0.0,0.0,,,STOK HABIS / RE-ORDER,
D2,"TANG SNAPRING TUTUP 9""",December 2025,-,0.0,0.0,0.0,,,,,PCE,0.0,0.0,0.0,0.0,,,STOK HABIS / RE-ORDER,
D2,"VLOCK SHOK 1 1/2""X1""",December 2025,-,0.0,0.0,0.0,,,,,PCE,0.0,0.0,0.0,0.0,,,STOK HABIS / RE-ORDER,
D2,"NEPEL SELANG 1""",December 2025,-,0.0,0.0,0.0,,,,,PCE,0.0,0.0,0.0,0.0,,,STOK HABIS / RE-ORDER,
D2,"REDECER /DOUBLE NEPEL 3/8""X1/4""",December 2025,-,0.0,0.0,0.0,,,,,PCE,0.0,0.0,0.0,0.0,,,STOK HABIS / RE-ORDER,
D2,PAKU RIPET 4MM/5MM,December 2025,-,0.0,0.0,0.0,,,,,BOX,0.0,0.0,0.0,0.0,,,STOK HABIS / RE-ORDER,
D2,BAUT L M6X30MM STAINLESS,December 2025,-,0.0,0.0,0.0,,,,,PCE,0.0,0.0,0.0,0.0,,,STOK HABIS / RE-ORDER,
D2,BAUT M10X60,December 2025,-,0.0,0.0,0.0,,,,,PCE,0.0,0.0,0.0,0.0,,,STOK HABIS / RE-ORDER,
D2,BAUT M10X15MM,December 2025,-,28.0,0.0,0.0,,,,,PCE,28.0,28.0,28.0,0.0,,,AMAN,
D2,WING BOLT 6MMX15MM,December 2025,-,14.0,0.0,0.0,,,,,PCE,14.0,14.0,14.0,0.0,,,AMAN,
D2,"PULLY 4"" B DOUBLE ROW",December 2025,-,1.0,0.0,0.0,,,,,PCE,1.0,1.0,1.0,0.0,,,AMAN,
D2,BAUT 16X35MM NGR,December 2025,-,6.0,0.0,0.0,,,,,PCE,8.0,6.0,6.0,-2.0,,,AMAN,
D2,BAUT M14X50MM+MUR,December 2025,-,3.0,0.0,0.0,,,,,PCE,3.0,3.0,3.0,0.0,,,AMAN,
D2,BAUT L PERSENG VLB 5/16 INCHI,December 2025,-,7.0,0.0,0.0,,,,,PCE,7.0,7.0,7.0,0.0,,,AMAN,
D2,BAUT HOLDER PISAU BUBUT BINTANG M4X10,December 2025,-,0.0,0.0,0.0,,,,,PCE,0.0,0.0,0.0,0.0,,,STOK HABIS / RE-ORDER,
D2,BAUT B/O 8.8 5716X1,December 2025,-,0.0,0.0,0.0,,,,,PCE,0.0,0.0,0.0,0.0,,,STOK HABIS / RE-ORDER,
D2,BAUT M16X50 FORKLIFT,December 2025,-,2.0,0.0,0.0,,,,,PCE,2.0,2.0,2.0,0.0,,,AMAN,
D2,KANCING SHAFT BEARING FORKLIFT ,December 2025,-,2.0,0.0,0.0,,,,,PCE,2.0,2.0,2.0,0.0,,,AMAN,
D2,FORK CLUTCH FORKLIFT,December 2025,-,0.0,0.0,0.0,,,,,PCE,0.0,0.0,0.0,0.0,,,STOK HABIS / RE-ORDER,
D2,WATER PUMP FORKLIFT,December 2025,-,0.0,0.0,0.0,,,,,PCE,0.0,0.0,0.0,0.0,,,STOK HABIS / RE-ORDER,
D2,"BAUT L M16X60MMX1,5(FULLDRAT)BLOWN 2",December 2025,-,3.0,0.0,0.0,,,,,PCE,3.0,3.0,3.0,0.0,,,AMAN,
D2,Air Filter Forklift FR 7654,December 2025,-,0.0,0.0,0.0,,,,,PCE,0.0,0.0,0.0,0.0,,,STOK HABIS / RE-ORDER,
D2,TEFLON(NILOY) 160MMX200MM,December 2025,-,0.0,0.0,0.0,,,,,PCE,0.0,0.0,0.0,0.0,,,STOK HABIS / RE-ORDER,
D2,SILICONE RUBBER 2X80X1000MM,December 2025,-,0.0,0.0,0.0,,,,,PCE,0.0,0.0,0.0,0.0,,,STOK HABIS / RE-ORDER,
B5,PILOX WARNA KUNING,December 2025,-,0.0,0.0,0.0,,,,,PCE,0.0,0.0,0.0,0.0,,,STOK HABIS / RE-ORDER,
B5,PILOX WARNA HITAM,December 2025,-,0.0,0.0,0.0,,,,,PCE,0.0,0.0,0.0,0.0,,,STOK HABIS / RE-ORDER,
D2,"RODA ETALASE FLEXIBLE 4""",December 2025,-,0.0,0.0,0.0,,,,,PCE,0.0,0.0,0.0,0.0,,,STOK HABIS / RE-ORDER,
D2,SELONGSONG SPIRAL D=20MM,December 2025,-,0.0,0.0,0.0,,,,,METER,0.0,0.0,0.0,0.0,,,STOK HABIS / RE-ORDER,
D2,SELONGSONG SPIRAL D=30MM,December 2025,-,0.0,0.0,0.0,,,,,METER,0.0,0.0,0.0,0.0,,,STOK HABIS / RE-ORDER,
D2,SELONGSONG KABEL HEATER,December 2025,-,17.0,0.0,0.0,,,,,METER,17.0,17.0,17.0,0.0,,,AMAN,
D2,"KAIN PIPA PEREDAM 2""X1/8""",December 2025,-,0.0,0.0,0.0,,,,,ROLL,0.0,0.0,0.0,0.0,,,STOK HABIS / RE-ORDER,
D2,ALMUNIUM FOIL,December 2025,-,2.0,0.0,0.0,,,,,ROLL,2.0,2.0,2.0,0.0,,,AMAN,
D2,ALMUNIUM FOIL  CHILLER,December 2025,-,0.0,0.0,0.0,,,,,METER,0.0,0.0,0.0,0.0,,,STOK HABIS / RE-ORDER,
D2,CAT MPPC 2000 480D/MPPE,December 2025,-,0.0,0.0,0.0,,,,,KG,0.0,0.0,0.0,0.0,,,STOK HABIS / RE-ORDER,
D2,"KABEL MARKER HURUF U,V,W,N",December 2025,-,0.0,0.0,0.0,,,,,ROLL,0.0,0.0,0.0,0.0,,,STOK HABIS / RE-ORDER,
D2,KABEL MARKER ANGKA 0-9,December 2025,-,0.0,0.0,0.0,,,,,ROLL,0.0,0.0,0.0,0.0,,,STOK HABIS / RE-ORDER,
D2,DUCK KABEL TC4,December 2025,-,0.0,0.0,0.0,,,,,PCE,0.0,0.0,0.0,0.0,,,STOK HABIS / RE-ORDER,
D2,ENGINE MOUNTING D=50MMX50MM(PENGERING EREMA SML),December 2025,-,19.0,0.0,0.0,,,,,PCE,13.0,19.0,19.0,6.0,,,AMAN,
D2,MOUNTING SMOKE BLOWER SML 2-5 DIA :45X40,December 2025,-,12.0,0.0,0.0,,,,,PCE,12.0,12.0,12.0,0.0,,,AMAN,
D2,ENGSEL PANEL RITTAL,December 2025,-,9.0,0.0,0.0,,,,,SET,9.0,9.0,9.0,0.0,,,AMAN,
D2,RIVET NUT (MUR RIVET) 8MM,December 2025,-,0.0,0.0,0.0,,,,,PCE,0.0,0.0,0.0,0.0,,,STOK HABIS / RE-ORDER,
D2,BAUT STAINLESH M16X170MM,December 2025,-,4.0,0.0,0.0,,,,,PCE,4.0,4.0,4.0,0.0,,,AMAN,
D2,BAUT M14X40,December 2025,-,10.0,0.0,0.0,,,,,SET,10.0,10.0,10.0,0.0,,,AMAN,
D2,BAUT M14X70MM,December 2025,-,10.0,0.0,0.0,,,,,PCE,10.0,10.0,10.0,0.0,,,AMAN,
D2,DINABOLT 12MMX60MM,December 2025,-,0.0,0.0,0.0,,,,,PCE,0.0,0.0,0.0,0.0,,,STOK HABIS / RE-ORDER,
D2,PER TEKAN (PRESTRECH),December 2025,-,26.0,0.0,0.0,,,,,PCE,26.0,26.0,26.0,0.0,,,AMAN,
D2,PAKU RUMPING M5,December 2025,-,0.0,0.0,0.0,,,,,DUS,0.0,0.0,0.0,0.0,,,STOK HABIS / RE-ORDER,
D2,MATA RUMPING M5,December 2025,-,0.0,0.0,0.0,,,,,PCE,0.0,0.0,0.0,0.0,,,STOK HABIS / RE-ORDER,
D2,"ARMAFLEX 1/2""X10M",December 2025,-,10.0,0.0,0.0,,,,,METER,10.0,10.0,10.0,0.0,,,AMAN,
D2,"BAUT M8X30MM+MUR,RING",December 2025,-,25.0,0.0,0.0,,,,,PCE,26.0,25.0,25.0,-1.0,,,AMAN,
D2,RUMPING 5MMX20MM,December 2025,-,0.0,0.0,0.0,,,,,BOX,0.0,0.0,0.0,0.0,,,STOK HABIS / RE-ORDER,
D2,BAUT M12X40MM 12G,December 2025,-,0.0,0.0,0.0,,,,,PCE,0.0,0.0,0.0,0.0,,,STOK HABIS / RE-ORDER,
D2,"BAUT 1/4""X50MM",December 2025,-,4.0,0.0,0.0,,,,,PCE,4.0,4.0,4.0,0.0,,,AMAN,
D2,TRIMPOT 47K,December 2025,-,0.0,0.0,0.0,,,,,PCE,0.0,0.0,0.0,0.0,,,STOK HABIS / RE-ORDER,
D2,TRIMPOT 10K,December 2025,-,0.0,0.0,0.0,,,,,PCE,0.0,0.0,0.0,0.0,,,STOK HABIS / RE-ORDER,
D2,BAUT M14X45MM,December 2025,-,8.0,0.0,0.0,,,,,PCE,8.0,8.0,8.0,0.0,,,AMAN,
D2,BAUT M12X80,December 2025,-,11.0,0.0,0.0,,,,,PCE,19.0,11.0,11.0,-8.0,,,AMAN,
D2,BAUT M12X30 BYASA,December 2025,-,8.0,0.0,0.0,,,,,PCE,16.0,8.0,8.0,-8.0,,,AMAN,
D2,BAUT L M6X50MM,December 2025,-,0.0,0.0,0.0,,,,,PCE,0.0,0.0,0.0,0.0,,,STOK HABIS / RE-ORDER,
D2,BAUT L M8X25MM,December 2025,-,31.0,0.0,0.0,,,,,PCE,31.0,31.0,31.0,0.0,,,AMAN,
D2,BAUT M3X20MM,December 2025,-,8.0,0.0,0.0,,,,,PCE,8.0,8.0,8.0,0.0,,,AMAN,
D2,BRUSH PINTU,December 2025,-,1.0,0.0,0.0,,,,,PCE,1.0,1.0,1.0,0.0,,,AMAN,
D2,BAUT L M4X20MM,December 2025,-,0.0,0.0,0.0,,,,,PCE,0.0,0.0,0.0,0.0,,,STOK HABIS / RE-ORDER,
D2,MATA BOR BESI 5MM,December 2025,-,0.0,0.0,0.0,,,,,PCE,0.0,0.0,0.0,0.0,,,STOK HABIS / RE-ORDER,
D2,BAUT FS BUTTON BAJA 3/16X5/16,December 2025,-,6.0,0.0,0.0,,,,,PCE,6.0,6.0,6.0,0.0,,,AMAN,
D2,BAUT L PERSENG STAINLESH M6X35,December 2025,-,27.0,0.0,0.0,,,,,PCE,17.0,27.0,27.0,10.0,,,AMAN,
D2,BAUT L PERSENG M6X25MM,December 2025,-,0.0,0.0,0.0,,,,,PCE,0.0,0.0,0.0,0.0,,,STOK HABIS / RE-ORDER,
D2,BAUT L M5X10 MM SML4,December 2025,-,24.0,0.0,0.0,,,,,PCE,24.0,24.0,24.0,0.0,,,AMAN,
D2,BAUT L M6X8MM SML4,December 2025,-,18.0,0.0,0.0,,,,,PCE,18.0,18.0,18.0,0.0,,,AMAN,
D2,BAUT L M6X10 SML4,December 2025,-,37.0,0.0,0.0,,,,,PCE,45.0,37.0,37.0,-8.0,,,AMAN,
D2,BAUT L M5X35MM,December 2025,-,30.0,0.0,0.0,,,,,PCE,30.0,30.0,30.0,0.0,,,AMAN,
D2,"BAUT L M10X20MM(12,9) SML4",December 2025,-,57.0,0.0,0.0,,,,,PCE,57.0,57.0,57.0,0.0,,,AMAN,
D2,"BAUT L M12X35(12,9) SML4",December 2025,-,22.0,0.0,0.0,,,,,PCE,22.0,22.0,22.0,0.0,,,AMAN,
D2,"BAUT L M12X40 (12,9) SML 4",December 2025,-,10.0,0.0,0.0,,,,,PCE,10.0,10.0,10.0,0.0,,,AMAN,
D2,"BAUT L M24X130(12,9) SML4",December 2025,-,55.0,0.0,0.0,,,,,PCE,55.0,55.0,55.0,0.0,,,AMAN,
D2,BAUT L STAINLESH M12X45MM,December 2025,-,5.0,0.0,0.0,,,,,PCE,5.0,5.0,5.0,0.0,,,AMAN,
D2,BAUT L M16X100 (12.9),December 2025,-,6.0,0.0,0.0,,,,,PCE,6.0,6.0,6.0,0.0,,,AMAN,
D2,BAUT L M 14X60 SML5,December 2025,-,4.0,0.0,0.0,,,,,PCE,4.0,4.0,4.0,0.0,,,AMAN,
D2,BAUT L 6X100MM,December 2025,-,0.0,0.0,0.0,,,,,PCE,0.0,0.0,0.0,0.0,,,STOK HABIS / RE-ORDER,
D2,"BAUT L M16X80 (12,9) DIE BLOWN ",December 2025,-,12.0,0.0,0.0,,,,,PCE,12.0,12.0,12.0,0.0,,,AMAN,
D2,BAUT L M12X55MM (12.9),December 2025,-,6.0,0.0,0.0,,,,,PCE,6.0,6.0,6.0,0.0,,,AMAN,
D2,MUR & BAUT UK M5X30MM,December 2025,-,0.0,0.0,0.0,,,,,PCE,0.0,0.0,0.0,0.0,,,STOK HABIS / RE-ORDER,
D2,BAUT L M8X65MM,December 2025,-,10.0,0.0,0.0,,,,,PCE,10.0,10.0,10.0,0.0,,,AMAN,
D2,BAUT STAINLESS M8X90MM,December 2025,-,8.0,0.0,0.0,,,,,PCE,8.0,8.0,8.0,0.0,,,AMAN,
D2,BAUT L M6X15MM,December 2025,-,0.0,0.0,0.0,,,,,PCE,0.0,0.0,0.0,0.0,,,STOK HABIS / RE-ORDER,
D2,BAUT L M6X15MM STAINLESS,December 2025,-,20.0,0.0,0.0,,,,,PCE,20.0,20.0,20.0,0.0,,,AMAN,
D2,RING ALMUNIUM 5MMX22MMX35MM,December 2025,-,21.0,0.0,0.0,,,,,PCE,30.0,21.0,21.0,-9.0,,,AMAN,
D2,"RING ALMUNIUM 2,5MMX22MMX35MM",December 2025,-,21.0,0.0,0.0,,,,,PCE,30.0,21.0,21.0,-9.0,,,AMAN,
D2,BAUT L M 10X30MM FULL DRAT,December 2025,-,20.0,0.0,0.0,,,,,PCE,20.0,20.0,20.0,0.0,,,AMAN,
D2,BAUT HALUS M10X100 DINAMO AMPER FORKLIFT,December 2025,-,1.0,0.0,0.0,,,,,PCE,1.0,1.0,1.0,0.0,,,AMAN,
D2,"FLANGE BESI 3"" LUBANG 8",December 2025,-,0.0,0.0,0.0,,,,,PCE,0.0,0.0,0.0,0.0,,,STOK HABIS / RE-ORDER,
D2,LEVEL OIL KOBELCO 2,December 2025,-,0.0,0.0,0.0,,,,,PCE,0.0,0.0,0.0,0.0,,,STOK HABIS / RE-ORDER,
D2,BAUT PAYUNG M8X40(KNOB BOLT),December 2025,-,0.0,0.0,0.0,,,,,PCE,20.0,0.0,0.0,-20.0,,,STOK HABIS / RE-ORDER,
D2,BAUT PAYUNG M6X20MM (KNOP BOLT),December 2025,-,12.0,0.0,0.0,,,,,PCE,20.0,12.0,12.0,-8.0,,,AMAN,
B12,"SELANG INDOKOYO D=8,5MM",December 2025,-,0.0,0.0,0.0,,,,,METER,0.0,0.0,0.0,0.0,,,STOK HABIS / RE-ORDER,
D2,BAUT 5/32X20MM,December 2025,-,8.0,0.0,0.0,,,,,PCE,8.0,8.0,8.0,0.0,,,AMAN,
D2,BAUT L M8X45MM,December 2025,-,12.0,0.0,0.0,,,,,PCE,12.0,12.0,12.0,0.0,,,AMAN,
D2,BAUT NGR L M12X45MM,December 2025,-,7.0,0.0,0.0,,,,,PCE,7.0,7.0,7.0,0.0,,,AMAN,
D2,BAUT 6X90 STAINLES MC NGR PENGERING,December 2025,-,5.0,0.0,0.0,,,,,PCE,6.0,5.0,5.0,-1.0,,,AMAN,
1B,BAUT L PERSENG M4X10MM,December 2025,-,8.0,0.0,0.0,,,,,PCE,8.0,8.0,8.0,0.0,,,AMAN,
1B,BAUT L  PERSENG M4X15 MM,December 2025,-,3.0,0.0,0.0,,,,,PCE,5.0,3.0,3.0,-2.0,,,AMAN,
1B,BAUT L M3X6MM,December 2025,-,14.0,0.0,0.0,,,,,PCE,14.0,14.0,14.0,0.0,,,AMAN,
2B,BAUT L PERSENG M6X15MM,December 2025,-,0.0,0.0,0.0,,,,,PCE,21.0,0.0,0.0,-21.0,,,STOK HABIS / RE-ORDER,
2B,BAUT L PERSENG M6X20MM,December 2025,-,18.0,0.0,0.0,,,,,PCE,20.0,18.0,18.0,-2.0,,,AMAN,
3B,BAUT L PERSENG STELIS M6X40MM,December 2025,-,0.0,0.0,0.0,,,,,PCE,0.0,0.0,0.0,0.0,,,STOK HABIS / RE-ORDER,
3B,BAUT L PERSENG M6X16MM,December 2025,-,11.0,0.0,0.0,,,,,PCE,11.0,11.0,11.0,0.0,,,AMAN,
3B,BAUT L PERSENG M10X25MM,December 2025,-,18.0,0.0,0.0,,,,,PCE,18.0,18.0,18.0,0.0,,,AMAN,
4B,BAUT L PERSENG 5MMX12MM,December 2025,-,41.0,0.0,0.0,,,,,PCE,51.0,41.0,41.0,-10.0,,,AMAN,
4B,BAUT L PERSENG 5MMX20MM STANLISH,December 2025,-,34.0,0.0,0.0,,,,,PCE,34.0,34.0,34.0,0.0,,,AMAN,
4B,BAUT L PERSENG M10X30MM,December 2025,-,17.0,0.0,0.0,,,,,PCE,17.0,17.0,17.0,0.0,,,AMAN,
5B,BAUT L PERSENG 6MMX12MM,December 2025,-,5.0,0.0,0.0,,,,,PCE,7.0,5.0,5.0,-2.0,,,AMAN,
5B,BAUT L PERSENG M6X8MM,December 2025,-,19.0,0.0,0.0,,,,,PCE,22.0,19.0,19.0,-3.0,,,AMAN,
6B,BAUT L PERSENG 8MMX15MM,December 2025,-,32.0,0.0,0.0,,,,,PCE,35.0,32.0,32.0,-3.0,,,AMAN,
6B,BAUT L PERSENG  M8X10MM,December 2025,-,10.0,0.0,0.0,,,,,PCE,10.0,10.0,10.0,0.0,,,AMAN,
6B,BAUT L PERSENG  M8X20MM,December 2025,-,15.0,0.0,0.0,,,,,PCE,21.0,15.0,15.0,-6.0,,,AMAN,
7B,BAUT L PERSENG 10MMX15MM,December 2025,-,7.0,0.0,0.0,,,,,PCE,9.0,7.0,7.0,-2.0,,,AMAN,
7B,BAUT L PERSENG M10X18MM(20MM),December 2025,-,29.0,0.0,0.0,,,,,PCE,29.0,29.0,29.0,0.0,,,AMAN,
8B,BAUT PERSENG 2MM X6MM DAN  MUR  MC ARVOR,December 2025,-,14.0,0.0,0.0,,,,,PCE,18.0,14.0,14.0,-4.0,,,AMAN,
8B,"BAUT  L FS(PERSENG) M6X19MM (1/4""x3/4"")",December 2025,-,21.0,0.0,0.0,,,,,PCE,21.0,21.0,21.0,0.0,,,AMAN,
9B,BAUT L M4X40 mm,December 2025,-,20.0,0.0,0.0,,,,,PCE,6.0,20.0,20.0,14.0,,,AMAN,
9B,BAUT L M4X25 MM,December 2025,-,8.0,0.0,0.0,,,,,PCS,8.0,8.0,8.0,0.0,,,AMAN,
10B,BAUT L M5X25 mm,December 2025,-,10.0,0.0,0.0,,,,,PCE,29.0,10.0,10.0,-19.0,,,AMAN,
10B,BAUT L M5X20MM STAINLESH,December 2025,-,10.0,0.0,0.0,,,,,PCE,10.0,10.0,10.0,0.0,,,AMAN,
10B,BAUT L FS M5X10MM,December 2025,-,5.0,0.0,0.0,,,,,PCE,5.0,5.0,5.0,0.0,,,AMAN,
11B,"BAUT L KEPALA 1/4 X 1""",December 2025,-,14.0,0.0,0.0,,,,,PCE,14.0,14.0,14.0,0.0,,,AMAN,
11B,BAUT L INCHI M4X18MM,December 2025,-,6.0,0.0,0.0,,,,,PCE,6.0,6.0,6.0,0.0,,,AMAN,
12B,BAUT L INCHI 5/8-11,December 2025,-,2.0,0.0,0.0,,,,,PCE,2.0,2.0,2.0,0.0,,,AMAN,
12B,BAUT L M5X30MM STAINLES,December 2025,-,0.0,0.0,0.0,,,,,PCE,0.0,0.0,0.0,0.0,,,STOK HABIS / RE-ORDER,
12B,BAUT L STAINLESS M6X50MM,December 2025,-,44.0,0.0,0.0,,,,,PCE,44.0,44.0,44.0,0.0,,,AMAN,
13B,BAUT  M8X55 REWINDER,December 2025,-,0.0,0.0,0.0,,,,,PCE,0.0,0.0,0.0,0.0,,,STOK HABIS / RE-ORDER,
13B,BAUT L TANAM 6X10MM,December 2025,-,13.0,0.0,0.0,,,,,PCE,13.0,13.0,13.0,0.0,,,AMAN,
14B,BAUT L M8X60,December 2025,-,18.0,0.0,0.0,,,,,PCE,18.0,18.0,18.0,0.0,,,AMAN,
15B,BAUT L M12X30,December 2025,-,22.0,0.0,0.0,,,,,PCE,24.0,22.0,22.0,-2.0,,,AMAN,
15B,BAUT L M12X45MM,December 2025,-,8.0,0.0,0.0,,,,,PCE,8.0,8.0,8.0,0.0,,,AMAN,
16B,BAUT TANAM  8X40,December 2025,-,10.0,0.0,0.0,,,,,PCE,10.0,10.0,10.0,0.0,,,AMAN,
16B,BAUT L TANAM 6X5MM,December 2025,-,12.0,0.0,0.0,,,,,PCE,12.0,12.0,12.0,0.0,,,AMAN,
16B,BAUT L TANAM  10X30MM,December 2025,-,13.0,0.0,0.0,,,,,PCE,13.0,13.0,13.0,0.0,,,AMAN,
17B,"BAUT MUR DAN RING 1/2""X70MM",December 2025,-,8.0,0.0,0.0,,,,,PCE,8.0,8.0,8.0,0.0,,,AMAN,
17B,"BAUT 1/2""X20G",December 2025,-,2.0,0.0,0.0,,,,,PCE,2.0,2.0,2.0,0.0,,,AMAN,
18B,BAUT L M16X40MM,December 2025,-,11.0,0.0,0.0,,,,,PCE,11.0,11.0,11.0,0.0,,,AMAN,
18B,BAUT RING MUR M12X100,December 2025,-,0.0,0.0,0.0,,,,,SET,0.0,0.0,0.0,0.0,,,STOK HABIS / RE-ORDER,
19B,NEPEL GREASE M8,December 2025,-,13.0,0.0,0.0,,,,,PCE,15.0,13.0,13.0,-2.0,,,AMAN,
19B,NEPEL GREASE M5,December 2025,-,9.0,0.0,0.0,,,,,PCE,9.0,9.0,9.0,0.0,,,AMAN,
19B,"NEPEL GREASE L 5,5MM",December 2025,-,4.0,0.0,0.0,,,,,PCE,4.0,4.0,4.0,0.0,,,AMAN,
19B,"NEPEL GREASE ELBOW DIA 6,5MM",December 2025,-,0.0,0.0,0.0,,,,,PCE,0.0,0.0,0.0,0.0,,,STOK HABIS / RE-ORDER,
20B,"BAUT MUR 1/8""X35",December 2025,-,22.0,0.0,0.0,,,,,PCE,22.0,22.0,22.0,0.0,,,AMAN,
20B,MUR ALIGMENT REWINDER,December 2025,-,3.0,0.0,0.0,,,,,PCE,3.0,3.0,3.0,0.0,,,AMAN,
21B,BAUT DIE L 3/8 -24X45MM,December 2025,-,23.0,0.0,0.0,,,,,PCE,23.0,23.0,23.0,0.0,,,AMAN,
22B,Baut 24x130 SHCS,December 2025,-,5.0,0.0,0.0,,,,,PCE       ,5.0,5.0,5.0,0.0,,,AMAN,
23B,BAUT M20X75,December 2025,-,2.0,0.0,0.0,,,,,PCE       ,2.0,2.0,2.0,0.0,,,AMAN,
23B,Baut Flange Extruder Blown diam 24mm,December 2025,-,3.0,0.0,0.0,,,,,PCE       ,3.0,3.0,3.0,0.0,,,AMAN,
24B,Baut Untuk Mesin NGR PUSHER L M 16X35,December 2025,-,11.0,0.0,0.0,,,,,PCE       ,11.0,11.0,11.0,0.0,,,AMAN,
24B,BAUT HEATER,December 2025,-,11.0,0.0,0.0,,,,,PCE       ,11.0,11.0,11.0,0.0,,,AMAN,
25B,BAUT L TANAM  10X10MM,December 2025,-,22.0,0.0,0.0,,,,,PCE,22.0,22.0,22.0,0.0,,,AMAN,
25B,BAUT L TANAM 10X16MM/15MM,December 2025,-,18.0,0.0,0.0,,,,,PCE,18.0,18.0,18.0,0.0,,,AMAN,
26B,BAUT L TANAM 8X10MM,December 2025,-,15.0,0.0,0.0,,,,,PCE,16.0,15.0,15.0,-1.0,,,AMAN,
26B,BAUT L TANAM 8X16MM/15MM,December 2025,-,8.0,0.0,0.0,,,,,PCE,21.0,8.0,8.0,-13.0,,,AMAN,
27B,"BAUT L 3/8""X20MM",December 2025,-,7.0,0.0,0.0,,,,,PCE,7.0,7.0,7.0,0.0,,,AMAN,
27B,BAUT L M4X10MM,December 2025,-,21.0,0.0,0.0,,,,,PCE,23.0,21.0,21.0,-2.0,,,AMAN,
28B,BAUT PLES 5X30+MUR,December 2025,-,0.0,0.0,0.0,,,,,PCE,0.0,0.0,0.0,0.0,,,STOK HABIS / RE-ORDER,
29B,NEPEL GREASE 3/8,December 2025,-,8.0,0.0,0.0,,,,,PCE,9.0,8.0,8.0,-1.0,,,AMAN,
29B,"NEPEL GREASE 1/4""",December 2025,-,13.0,0.0,0.0,,,,,PCE,13.0,13.0,13.0,0.0,,,AMAN,
29B,NEPEL GREASE M 10,December 2025,-,13.0,0.0,0.0,,,,,PCE,13.0,13.0,13.0,0.0,,,AMAN,
30B,BAUT M12X30 (FORKLIFT)HALUS,December 2025,-,22.0,0.0,0.0,,,,,PCE,22.0,22.0,22.0,0.0,,,AMAN,
30B,"MUR 1/2"" HALUS 20G",December 2025,-,31.0,0.0,0.0,,,,,PCE,31.0,31.0,31.0,0.0,,,AMAN,
30B,BAUT MUR RING M12X30,December 2025,-,0.0,0.0,0.0,,,,,PCE,0.0,0.0,0.0,0.0,,,STOK HABIS / RE-ORDER,
30B,"SKRUP FAD 6X3/4"" (3,5MMX15MM)",December 2025,-,39.0,0.0,0.0,,,,,PCE,39.0,39.0,39.0,0.0,,,AMAN,
31B,BAUT 3/8 INCHIX50MM,December 2025,-,10.0,0.0,0.0,,,,,PCE,10.0,10.0,10.0,0.0,,,AMAN,
31B,BAUT L M8X50,December 2025,-,0.0,0.0,0.0,,,,,PCE,0.0,0.0,0.0,0.0,,,STOK HABIS / RE-ORDER,
31B,BAUT L M12X25MM,December 2025,-,12.0,0.0,0.0,,,,,PCE,12.0,12.0,12.0,0.0,,,AMAN,
32B,BAUT L M8X90 / BAUT 8X90,December 2025,-,15.0,0.0,0.0,,,,,PCE,17.0,15.0,15.0,-2.0,,,AMAN,
33B,BAUT L (M12X50MM),December 2025,-,51.0,0.0,0.0,,,,,PCE,23.0,51.0,51.0,28.0,,,AMAN,
33B,BAUT STANLIST M10MMX45MM,December 2025,-,0.0,0.0,0.0,,,,,PCE,0.0,0.0,0.0,0.0,,,STOK HABIS / RE-ORDER,
33B,BAUT L FS INCHI M3/16X7MM,December 2025,-,15.0,0.0,0.0,,,,,PCE,15.0,15.0,15.0,0.0,,,AMAN,
34B,BAUT L 10X40MM(M12X40MM),December 2025,-,0.0,0.0,0.0,,,,,PCE,0.0,0.0,0.0,0.0,,,STOK HABIS / RE-ORDER,
34B,BAUT M 10X40MM,December 2025,-,21.0,0.0,0.0,,,,,PCE,21.0,21.0,21.0,0.0,,,AMAN,
34B,BAUT L M8X110MM,December 2025,-,4.0,0.0,0.0,,,,,PCE,4.0,4.0,4.0,0.0,,,AMAN,
35B,BAUT M12X50MM,December 2025,-,30.0,0.0,0.0,,,,,PCE,0.0,30.0,30.0,30.0,,,AMAN,
35B,BAUT+MUR INCHI  M12X127MM,December 2025,-,1.0,0.0,0.0,,,,,PCE,1.0,1.0,1.0,0.0,,,AMAN,
36B,BAUT L M10X20MM,December 2025,-,11.0,0.0,0.0,,,,,PCE,11.0,11.0,11.0,0.0,,,AMAN,
36B,BAUT L M16X30MM,December 2025,-,13.0,0.0,0.0,,,,,PCE,13.0,13.0,13.0,0.0,,,AMAN,
37B,BAUT LM12X70MM,December 2025,-,0.0,0.0,0.0,,,,,PCE,0.0,0.0,0.0,0.0,,,STOK HABIS / RE-ORDER,
37B,BAUT LM12X60MM,December 2025,-,13.0,0.0,0.0,,,,,PCE,13.0,13.0,13.0,0.0,,,AMAN,
38B,BAUT L FS PERSENG M8X16MM,December 2025,-,1.0,0.0,0.0,,,,,PCE,1.0,1.0,1.0,0.0,,,AMAN,
38B,BAUT L PERSENG M10X10MM,December 2025,-,20.0,0.0,0.0,,,,,PCE,20.0,20.0,20.0,0.0,,,AMAN,
38B,BAUT L M5X15MM,December 2025,-,14.0,0.0,0.0,,,,,PCE,14.0,14.0,14.0,0.0,,,AMAN,
39B,BAUT M16X60,December 2025,-,20.0,0.0,0.0,,,,,PCE,20.0,20.0,20.0,0.0,,,AMAN,
39B,MUR 12MM,December 2025,-,12.0,0.0,0.0,,,,,PCE,12.0,12.0,12.0,0.0,,,AMAN,
40B,RING MUTTER M24,December 2025,-,4.0,0.0,0.0,,,,,PCE,4.0,4.0,4.0,0.0,,,AMAN,
41B,BAUT TRAY KABEL M6X10MM,December 2025,-,72.0,0.0,0.0,,,,,PCE,72.0,72.0,72.0,0.0,,,AMAN,
41B,BAUT L TANAM 5X6MM,December 2025,-,20.0,0.0,0.0,,,,,PCE,20.0,20.0,20.0,0.0,,,AMAN,
42B,BAUL L M8X40MM,December 2025,-,0.0,0.0,0.0,,,,,PCE,0.0,0.0,0.0,0.0,,,STOK HABIS / RE-ORDER,
42B,BAUT M8X40MM STAINLESH,December 2025,-,8.0,0.0,0.0,,,,,PCE,11.0,8.0,8.0,-3.0,,,AMAN,
42B,BAUT L M8X50 FULL DRAT,December 2025,-,19.0,0.0,0.0,,,,,PCE,3.0,19.0,19.0,16.0,,,AMAN,
43B,BAUT L M8X15MM,December 2025,-,2.0,0.0,0.0,,,,,PCE,5.0,2.0,2.0,-3.0,,,AMAN,
43B,BAUT L M5X30MM,December 2025,-,40.0,0.0,0.0,,,,,PCE,21.0,40.0,40.0,19.0,,,AMAN,
44B,BAUT BIASA M14X60+MUR,December 2025,-,0.0,0.0,0.0,,,,,PCE,0.0,0.0,0.0,0.0,,,STOK HABIS / RE-ORDER,
44B,MUR PUTIH M10 PUTIH,December 2025,-,28.0,0.0,0.0,,,,,PCE,28.0,28.0,28.0,0.0,,,AMAN,
44B,RING M10 PLAT,December 2025,-,2.0,0.0,0.0,,,,,PCE,20.0,2.0,2.0,-18.0,,,AMAN,
45B,BAUT STENLIS M16X60 UNTUK CHILLER HITACHI,December 2025,-,0.0,0.0,0.0,,,,,PCE,0.0,0.0,0.0,0.0,,,STOK HABIS / RE-ORDER,
45B,BAUT M16X40MM STENLIS,December 2025,-,0.0,0.0,0.0,,,,,PCE,0.0,0.0,0.0,0.0,,,STOK HABIS / RE-ORDER,
46B,BAUT L STENLIS 12X40MM+MUR,December 2025,-,0.0,0.0,0.0,,,,,SET,0.0,0.0,0.0,0.0,,,STOK HABIS / RE-ORDER,
63B,BAUT L STENLIS 14X40MM+MUR,December 2025,-,4.0,0.0,0.0,,,,,SET,4.0,4.0,4.0,0.0,,,AMAN,
46B,BAUT L STENLIS M10X90MM,December 2025,-,5.0,0.0,0.0,,,,,PCE,9.0,5.0,5.0,-4.0,,,AMAN,
46B,BAUT STENLIS 10X35,December 2025,-,0.0,0.0,0.0,,,,,PCE,0.0,0.0,0.0,0.0,,,STOK HABIS / RE-ORDER,
47B,MUR 16 STENLIS UNTUK CHILLER ,December 2025,-,0.0,0.0,0.0,,,,,PCE,0.0,0.0,0.0,0.0,,,STOK HABIS / RE-ORDER,
47B,BAUT L TANAM 4X6MM,December 2025,-,3.0,0.0,0.0,,,,,PCE,3.0,3.0,3.0,0.0,,,AMAN,
48B,BAUT BAN RODA 16MM MOR NO 22 untuk forklift,December 2025,-,7.0,0.0,0.0,,,,,PCE,7.0,7.0,7.0,0.0,,,AMAN,
48B,BAUT M8X40 UNTUK FORKLIFT,December 2025,-,34.0,0.0,0.0,,,,,PCE,4.0,34.0,34.0,30.0,,,AMAN,
49B,BAUT STENLIS M16X120 UNTUK  CHILLER HITACHI,December 2025,-,18.0,0.0,0.0,,,,,PCE,18.0,18.0,18.0,0.0,,,AMAN,
50B,BAUT STENLIS 16X140MM UNTUK CHILLER,December 2025,-,0.0,0.0,0.0,,,,,PCE,0.0,0.0,0.0,0.0,,,STOK HABIS / RE-ORDER,
50B,"BAUT 1/2""X1/2""",December 2025,-,0.0,0.0,0.0,,,,,PCE,0.0,0.0,0.0,0.0,,,STOK HABIS / RE-ORDER,
50B,"MUR 1/2""  KASAR 13G",December 2025,-,22.0,0.0,0.0,,,,,PCE,22.0,22.0,22.0,0.0,,,AMAN,
50B,"BAUT 1/2""X30MM DRAT KASAR",December 2025,-,3.0,0.0,0.0,,,,,PCE,3.0,3.0,3.0,0.0,,,AMAN,
51B,BAUT  PLES M4X40MM,December 2025,-,0.0,0.0,0.0,,,,,PCE,0.0,0.0,0.0,0.0,,,STOK HABIS / RE-ORDER,
51B,BAUT  MUR  STENLISH M6X45MM,December 2025,-,2.0,0.0,0.0,,,,,PCE,2.0,2.0,2.0,0.0,,,AMAN,
52B,BAUT M4X60MM,December 2025,-,30.0,0.0,0.0,,,,,PCE,30.0,30.0,30.0,0.0,,,AMAN,
52B,MUR M4,December 2025,-,0.0,0.0,0.0,,,,,PCE,2.0,0.0,0.0,-2.0,,,STOK HABIS / RE-ORDER,
52B,RING M4,December 2025,-,49.0,0.0,0.0,,,,,PCE,51.0,49.0,49.0,-2.0,,,AMAN,
53B,BAUT M8X10MM,December 2025,-,0.0,0.0,0.0,,,,,PCE,0.0,0.0,0.0,0.0,,,STOK HABIS / RE-ORDER,
53B,MUR M8,December 2025,-,0.0,0.0,0.0,,,,,PCE,4.0,0.0,0.0,-4.0,,,STOK HABIS / RE-ORDER,
53B,RING M8,December 2025,-,25.0,0.0,0.0,,,,,PCE,29.0,25.0,25.0,-4.0,,,AMAN,
28B,RING M6,December 2025,-,27.0,0.0,0.0,,,,,PCE,27.0,27.0,27.0,0.0,,,AMAN,
28B,BAUT L 2MMX10MM,December 2025,-,17.0,0.0,0.0,,,,,PCE,17.0,17.0,17.0,0.0,,,AMAN,
54B,MUR KUPU-KUPU 6MM,December 2025,-,6.0,0.0,0.0,,,,,PCE,9.0,6.0,6.0,-3.0,,,AMAN,
54B,MUR M6,December 2025,-,37.0,0.0,0.0,,,,,PCE,7.0,37.0,37.0,30.0,,,AMAN,
54B,"BAUT 3/8"" X 1 "" INCHI",December 2025,-,1.0,0.0,0.0,,,,,PCE,1.0,1.0,1.0,0.0,,,AMAN,
55B,BAUT L M6X35MM,December 2025,-,0.0,0.0,0.0,,,,,PCE,0.0,0.0,0.0,0.0,,,STOK HABIS / RE-ORDER,
55B,BAUT + M5X10MM,December 2025,-,22.0,0.0,0.0,,,,,PCE,22.0,22.0,22.0,0.0,,,AMAN,
55B,MUR M5,December 2025,-,44.0,0.0,0.0,,,,,PCE,20.0,44.0,44.0,24.0,,,AMAN,
55B,RING M5,December 2025,-,0.0,0.0,0.0,,,,,PCE,0.0,0.0,0.0,0.0,,,STOK HABIS / RE-ORDER,
55B,BAUT (+) PLES MUR (STENLIS),December 2025,-,0.0,0.0,0.0,,,,,SET,0.0,0.0,0.0,0.0,,,STOK HABIS / RE-ORDER,
56B,BAUT L PERSENG M8X30MM,December 2025,-,5.0,0.0,0.0,,,,,PCE,5.0,5.0,5.0,0.0,,,AMAN,
56B,BAUT L TANAM 5X15,December 2025,-,0.0,0.0,0.0,,,,,PCE,7.0,0.0,0.0,-7.0,,,STOK HABIS / RE-ORDER,
57B,BAUT STENLIS 16X70 EURO CHILLER,December 2025,-,0.0,0.0,0.0,,,,,PCE,0.0,0.0,0.0,0.0,,,STOK HABIS / RE-ORDER,
57B,BAUT STENLIS 16X50 EURO CHILLER,December 2025,-,0.0,0.0,0.0,,,,,PCE,0.0,0.0,0.0,0.0,,,STOK HABIS / RE-ORDER,
58B,BAUT 24x140 untuk heater blown,December 2025,-,0.0,0.0,0.0,,,,,PCE       ,0.0,0.0,0.0,0.0,,,STOK HABIS / RE-ORDER,
58B,BAUT L M24X140,December 2025,-,13.0,0.0,0.0,,,,,PCE,13.0,13.0,13.0,0.0,,,AMAN,
59B,BAUT L TANAM 6X12 MM,December 2025,-,14.0,0.0,0.0,,,,,PCE,14.0,14.0,14.0,0.0,,,AMAN,
59B,BRACKET ALUMINIUM UK 30X78XT 3MM+1XBD+BOR,December 2025,-,9.0,0.0,0.0,,,,,PCE,9.0,9.0,9.0,0.0,,,AMAN,
59B,BAUT L PERSENG M6X45MM ,December 2025,-,7.0,0.0,0.0,,,,,PCE,7.0,7.0,7.0,0.0,,,AMAN,
60B,PAKU SIP BRAND SP 550 4mmX12.7mm(PAKU RIPET),December 2025,-,0.0,0.0,0.0,,,,,SET,0.0,0.0,0.0,0.0,,,STOK HABIS / RE-ORDER,
60B,BAUT L M6X25MM,December 2025,-,0.0,0.0,0.0,,,,,PCE,0.0,0.0,0.0,0.0,,,STOK HABIS / RE-ORDER,
60B,BAUT L M6X30MM,December 2025,-,29.0,0.0,0.0,,,,,PCE,6.0,29.0,29.0,23.0,,,AMAN,
61B,PIPA HOUSING TERMINAL  MATERIAL KUNINGAN  DIA 11X64MM,December 2025,-,8.0,0.0,0.0,,,,,PCE,8.0,8.0,8.0,0.0,,,AMAN,
61B,MUR  PIPA HOUSING THERMINAL UK HEX17XT13MM,December 2025,-,8.0,0.0,0.0,,,,,PCE,8.0,8.0,8.0,0.0,,,AMAN,
62B,ELBOW DERAJAT u/ forklift+mur dia. 14x57mm,December 2025,-,3.0,0.0,0.0,,,,,PCE,3.0,3.0,3.0,0.0,,,AMAN,
62B,BAUT MOUNTING HEX 25x83mm,December 2025,-,4.0,0.0,0.0,,,,,PCE,4.0,4.0,4.0,0.0,,,AMAN,
62B,BAUT L M4X15MM,December 2025,-,6.0,0.0,0.0,,,,,PCE,6.0,6.0,6.0,0.0,,,AMAN,
63B,BAUT BYASA  M5X10MM,December 2025,-,6.0,0.0,0.0,,,,,PCE,26.0,6.0,6.0,-20.0,,,AMAN,
64B,"BAUT PERSENG 5/16X1""",December 2025,-,18.0,0.0,0.0,,,,,PCE,18.0,18.0,18.0,0.0,,,AMAN,
64B,"BAUT L 5/16X1""",December 2025,-,26.0,0.0,0.0,,,,,PCE,26.0,26.0,26.0,0.0,,,AMAN,
1N,Fiting angin Reduser 6x8mm,December 2025,-,6.0,0.0,0.0,,,,,PCE,8.0,6.0,6.0,-2.0,,,AMAN,
1N,FITING SAMBUNGAN 6X6 MM,December 2025,-,11.0,0.0,0.0,,,,,PCE,13.0,11.0,11.0,-2.0,,,AMAN,
2N,Nepel angin Baut tengah ulirannya agak besar uk 6 cnth no.11( 6 x 1/4),December 2025,-,14.0,0.0,0.0,,,,,PCE,18.0,14.0,14.0,-4.0,,,AMAN,
2N,Nepel  angin baut tengah uliran aga kecil uk6x1/8 drad luar ,December 2025,-,11.0,0.0,0.0,,,,,PCE,13.0,11.0,11.0,-2.0,,,AMAN,
3N,Nepel angin Y 6mm,December 2025,-,12.0,0.0,0.0,,,,,PCE,12.0,12.0,12.0,0.0,,,AMAN,
3N,FITING ELBOW 1/8X6MM,December 2025,-,8.0,0.0,0.0,,,,,PCE,9.0,8.0,8.0,-1.0,,,AMAN,
3N,"FITING ELBOW 4MMX1/8""",December 2025,-,3.0,0.0,0.0,,,,,PCE,4.0,3.0,3.0,-1.0,,,AMAN,
3N,FITING ELBOW 4XM3,December 2025,-,2.0,0.0,0.0,,,,,PCE,2.0,2.0,2.0,0.0,,,AMAN,
4N,"SPEED CONTROL UNTUK AUXILARY SML 1/4""",December 2025,-,6.0,0.0,0.0,,,,,PCE,6.0,6.0,6.0,0.0,,,AMAN,
4N,"SPEED CONTROL  AUXILARY UNTUK BLOWN 1/8""",December 2025,-,5.0,0.0,0.0,,,,,PCE,5.0,5.0,5.0,0.0,,,AMAN,
4N,"FITING SPEED CONTROL 6MMX1/8""",December 2025,-,4.0,0.0,0.0,,,,,PCE,4.0,4.0,4.0,0.0,,,AMAN,
5N,fiting atau soket 10x8 mm Reduser,December 2025,-,9.0,0.0,0.0,,,,,PCE,11.0,9.0,9.0,-2.0,,,AMAN,
5N,Fiting sambungan 8mm,December 2025,-,3.0,0.0,0.0,,,,,PCE,8.0,3.0,3.0,-5.0,,,AMAN,
6N,Fiting Angin T 8mm,December 2025,-,10.0,0.0,0.0,,,,,PCE,10.0,10.0,10.0,0.0,,,AMAN,
6N,SPEED CONTROL 8MMX 1/8,December 2025,-,12.0,0.0,0.0,,,,,PCE,12.0,12.0,12.0,0.0,,,AMAN,
7N,Fiting Angin T 6mm,December 2025,-,13.0,0.0,0.0,,,,,PCE,4.0,13.0,13.0,9.0,,,AMAN,
7N,FITING L 1/8X8 MM,December 2025,-,4.0,0.0,0.0,,,,,PCE,4.0,4.0,4.0,0.0,,,AMAN,
8N,Reducer pin diameter 10x8mm,December 2025,-,26.0,0.0,0.0,,,,,PCE,26.0,26.0,26.0,0.0,,,AMAN,
8N,Reducer pin diamter 6x6mm,December 2025,-,6.0,0.0,0.0,,,,,PCE,6.0,6.0,6.0,0.0,,,AMAN,
9N,Nepel angin Y 8mm,December 2025,-,10.0,0.0,0.0,,,,,PCE,11.0,10.0,10.0,-1.0,,,AMAN,
10N,Fiting angin 8mmx1/4,December 2025,-,7.0,0.0,0.0,,,,,PCE,10.0,7.0,7.0,-3.0,,,AMAN,
10N,Fiting angin 8mmx1/8,December 2025,-,9.0,0.0,0.0,,,,,PCE,3.0,9.0,9.0,6.0,,,AMAN,
11N,Fiting angin 8mmx3/8,December 2025,-,28.0,0.0,0.0,,,,,PCE,28.0,28.0,28.0,0.0,,,AMAN,
11N,Fiting angin Elbow 8mm x1/4,December 2025,-,10.0,0.0,0.0,,,,,PCE,10.0,10.0,10.0,0.0,,,AMAN,
12N,Fiting angin speed control 8mmx1/4,December 2025,-,23.0,0.0,0.0,,,,,PCE,23.0,23.0,23.0,0.0,,,AMAN,
13N,Reducer pin diameter 12x10mm,December 2025,-,15.0,0.0,0.0,,,,,PCE,15.0,15.0,15.0,0.0,,,AMAN,
13N,Reducer pin diameter 10x6mm,December 2025,-,20.0,0.0,0.0,,,,,PCE,20.0,20.0,20.0,0.0,,,AMAN,
14N,FITING REDUSER 6MMX4MM,December 2025,-,17.0,0.0,0.0,,,,,PCE,17.0,17.0,17.0,0.0,,,AMAN,
14N,Fiting angin Elbow 10mm x1/4,December 2025,-,6.0,0.0,0.0,,,,,PCE,6.0,6.0,6.0,0.0,,,AMAN,
15N,Fiting angin 10mmx1/4,December 2025,-,9.0,0.0,0.0,,,,,PCE,14.0,9.0,9.0,-5.0,,,AMAN,
15N,Fiting sambungan 10mm,December 2025,-,13.0,0.0,0.0,,,,,PCE,13.0,13.0,13.0,0.0,,,AMAN,
16N,Fiting angin 10mmx3/8,December 2025,-,26.0,0.0,0.0,,,,,PCE,26.0,26.0,26.0,0.0,,,AMAN,
16N,"ELBOW 10MMX1/2""",December 2025,-,3.0,0.0,0.0,,,,,PCE,5.0,3.0,3.0,-2.0,,,AMAN,
17N,Fiting Sambungan 12MM,December 2025,-,11.0,0.0,0.0,,,,,PCE,11.0,11.0,11.0,0.0,,,AMAN,
17N,"FITING L 10X3/8""",December 2025,-,2.0,0.0,0.0,,,,,PCE,3.0,2.0,2.0,-1.0,,,AMAN,
18N,nepel/fliting angin T uk 12,December 2025,-,9.0,0.0,0.0,,,,,PCE,9.0,9.0,9.0,0.0,,,AMAN,
18N,"Nepel /fliting Angin Uk 12 L 12X1/4""",December 2025,-,7.0,0.0,0.0,,,,,PCE,7.0,7.0,7.0,0.0,,,AMAN,
19N,"Nepel /fliting Angin L Uk 16, ",December 2025,-,5.0,0.0,0.0,,,,,PCE,5.0,5.0,5.0,0.0,,,AMAN,
19N,FITING SAMBUNGAN 16MM,December 2025,-,6.0,0.0,0.0,,,,,PCE,6.0,6.0,6.0,0.0,,,AMAN,
20N,Nepel angin Y 10mm,December 2025,-,14.0,0.0,0.0,,,,,PCE,15.0,14.0,14.0,-1.0,,,AMAN,
21N,Nepel selang angin 1/4x1/4(12MM),December 2025,-,11.0,0.0,0.0,,,,,PCE,11.0,11.0,11.0,0.0,,,AMAN,
21N,Nepel selang angin 1/4x(10MM),December 2025,-,3.0,0.0,0.0,,,,,PCE,3.0,3.0,3.0,0.0,,,AMAN,
22N,"Double nepel 1/4""",December 2025,-,10.0,0.0,0.0,,,,,PCE,13.0,10.0,10.0,-3.0,,,AMAN,
22N,Double nepel 1/2inc,December 2025,-,8.0,0.0,0.0,,,,,PCE,9.0,8.0,8.0,-1.0,,,AMAN,
23N,"Sock drad dalam 1/4""",December 2025,-,3.0,0.0,0.0,,,,,PCE,3.0,3.0,3.0,0.0,,,AMAN,
23N,Reduser nepel 1/2 inc X 1/4,December 2025,-,8.0,0.0,0.0,,,,,PCE,8.0,8.0,8.0,0.0,,,AMAN,
24N,"Nepel selang hose adaptor 13x1/2""",December 2025,-,8.0,0.0,0.0,,,,,PCE,9.0,8.0,8.0,-1.0,,,AMAN,
24N,"VIOC RING 1/4""",December 2025,-,0.0,0.0,0.0,,,,,PCE,0.0,0.0,0.0,0.0,,,STOK HABIS / RE-ORDER,
24N,"Nepel selang hose adaptor 8x1/2""",December 2025,-,0.0,0.0,0.0,,,,,PCE,0.0,0.0,0.0,0.0,,,STOK HABIS / RE-ORDER,
25N,PEND diameter 12x32,December 2025,-,9.0,0.0,0.0,,,,,PCE,9.0,9.0,9.0,0.0,,,AMAN,
25N,PEND diameter 8x20,December 2025,-,14.0,0.0,0.0,,,,,PCE,14.0,14.0,14.0,0.0,,,AMAN,
25N,PEND diameter 6x18,December 2025,-,2.0,0.0,0.0,,,,,PCE,2.0,2.0,2.0,0.0,,,AMAN,
26N,PEND diameter 10x32,December 2025,-,6.0,0.0,0.0,,,,,PCE,6.0,6.0,6.0,0.0,,,AMAN,
26N,HOUSING THERMO KABEL,December 2025,-,6.0,0.0,0.0,,,,,PCE,6.0,6.0,6.0,0.0,,,AMAN,
27N,Fiting Angin T 10mm,December 2025,-,25.0,0.0,0.0,,,,,PCE,25.0,25.0,25.0,0.0,,,AMAN,
28N,SPEED CONTROL 5X4MM,December 2025,-,3.0,0.0,0.0,,,,,PCE,3.0,3.0,3.0,0.0,,,AMAN,
28N,SPEED CONTROL 5X6MM,December 2025,-,5.0,0.0,0.0,,,,,PCE,5.0,5.0,5.0,0.0,,,AMAN,
29N,REDUSER  6MMX10MM ,December 2025,-,4.0,0.0,0.0,,,,,PCE,4.0,4.0,4.0,0.0,,,AMAN,
30N,"Nepel angin  (OUT) speed control uk 6x1/4""",December 2025,-,12.0,0.0,0.0,,,,,PCE,12.0,12.0,12.0,0.0,,,AMAN,
30N,"ELBOW 6X1/4""",December 2025,-,8.0,0.0,0.0,,,,,PCE,8.0,8.0,8.0,0.0,,,AMAN,
31N,REDUSER 12MMX10MM,December 2025,-,7.0,0.0,0.0,,,,,PCE,7.0,7.0,7.0,0.0,,,AMAN,
32N,"L-BOW 6X3/8""(16MM)",December 2025,-,8.0,0.0,0.0,,,,,PCE,8.0,8.0,8.0,0.0,,,AMAN,
38N,FITING T 4X5MM,December 2025,-,4.0,0.0,0.0,,,,,PCE,4.0,4.0,4.0,0.0,,,AMAN,
33N,FITING SPEED CONTROL 6x3/8  ,December 2025,-,19.0,0.0,0.0,,,,,PCE,19.0,19.0,19.0,0.0,,,AMAN,
32N,"FITING ANGIN SPEED CONTROL 8MMX1/4"" OUT",December 2025,-,10.0,0.0,0.0,,,,,PCE,10.0,10.0,10.0,0.0,,,AMAN,
33N,"FITING ANGIN FEMALE CONECTOR 6MMX1/4""",December 2025,-,3.0,0.0,0.0,,,,,PCE,3.0,3.0,3.0,0.0,,,AMAN,
33N,"FITING Y 6MMX1/4""",December 2025,-,4.0,0.0,0.0,,,,,PCE,4.0,4.0,4.0,0.0,,,AMAN,
34N,NEPEL ELBOW UK 25X30X16MM,December 2025,-,3.0,0.0,0.0,,,,,PCE,3.0,3.0,3.0,0.0,,,AMAN,
34N,"FITING SPEED CONTROL 10X3/8""",December 2025,-,4.0,0.0,0.0,,,,,PCE,4.0,4.0,4.0,0.0,,,AMAN,
34N,"FITING SPEED CONTROL 12X3/8""",December 2025,-,5.0,0.0,0.0,,,,,PCE,5.0,5.0,5.0,0.0,,,AMAN,
35N,FITING SAMBUNGAN 4X4,December 2025,-,11.0,0.0,0.0,,,,,PCE,11.0,11.0,11.0,0.0,,,AMAN,
35N,FITING 4XDRAT 5MM LURUS,December 2025,-,14.0,0.0,0.0,,,,,PCE,9.0,14.0,14.0,5.0,,,AMAN,
36N,"NEPEL CAMOZZI VBU 1/8"" KOMBINASI 6MM",December 2025,-,0.0,0.0,0.0,,,,,PCE,0.0,0.0,0.0,0.0,,,STOK HABIS / RE-ORDER,
36N,"DOBLE NEPEL STAINLESS 3/4""1/2""",December 2025,-,6.0,0.0,0.0,,,,,PCE,6.0,6.0,6.0,0.0,,,AMAN,
37N,FITING ELBOW 4MMX5MM,December 2025,-,9.0,0.0,0.0,,,,,PCE,9.0,9.0,9.0,0.0,,,AMAN,
37N,NEPEL 8X1/2',December 2025,-,5.0,0.0,0.0,,,,,PCE,5.0,5.0,5.0,0.0,,,AMAN,
38N,"FITING L BOW 8X1/8""(PANJANG)",December 2025,-,10.0,0.0,0.0,,,,,PCE,10.0,10.0,10.0,0.0,,,AMAN,
39N,"NEPEL L DRAT COVER 6X1/4"" KQ2LE06-00A",December 2025,-,4.0,0.0,0.0,,,,,PCE,5.0,4.0,4.0,-1.0,,,AMAN,
39N,"FITING SILENCER 1/4""",December 2025,-,4.0,0.0,0.0,,,,,PCE,4.0,4.0,4.0,0.0,,,AMAN,
39N,"FITING SILENCER 1/8""",December 2025,-,4.0,0.0,0.0,,,,,PCE,4.0,4.0,4.0,0.0,,,AMAN,
40N,"FITING L BOW 12X1/2""",December 2025,-,4.0,0.0,0.0,,,,,PCE,4.0,4.0,4.0,0.0,,,AMAN,
40N,"SPEED CONTROL 3/8"" SML",December 2025,-,5.0,0.0,0.0,,,,,PCE,5.0,5.0,5.0,0.0,,,AMAN,
41N,FITING T 6MM (L5),December 2025,-,5.0,0.0,0.0,,,,,PCE,5.0,5.0,5.0,0.0,,,AMAN,
BNGKL,ACCU YUASA 145G51-N150 150A,December 2025,-,0.0,0.0,0.0,,,,,NIU,0.0,0.0,0.0,0.0,,,STOK HABIS / RE-ORDER,
BNGKL,ACCU YUASA 145G51-N-150 12V 150ah GENSET,December 2025,-,0.0,0.0,0.0,,,,,NIU,0.0,0.0,0.0,0.0,,,STOK HABIS / RE-ORDER,
BNGKL,ACCU INCOE N150 GENSET,December 2025,-,0.0,0.0,0.0,,,,,NIU,0.0,0.0,0.0,0.0,,,STOK HABIS / RE-ORDER,
BNGKL,ACCU INCOE 80D2GL,December 2025,-,0.0,0.0,0.0,,,,,NIU,0.0,0.0,0.0,0.0,,,STOK HABIS / RE-ORDER,
BNGKL,ACCU YUASA 36B 20L/NS 40ZL(GS),December 2025,-,0.0,0.0,0.0,,,,,NIU,0.0,0.0,0.0,0.0,,,STOK HABIS / RE-ORDER,
BKL,ACCU GS 80D26 L (NX 110-5),December 2025,-,0.0,0.0,0.0,,,,,NIU,0.0,0.0,0.0,0.0,,,STOK HABIS / RE-ORDER,
BNGKL,ACCU INCOE,December 2025,-,0.0,0.0,0.0,,,,,NIU,0.0,0.0,0.0,0.0,,,STOK HABIS / RE-ORDER,
BNGKL,BAN LUAR forklif 6.50-10,December 2025,-,4.0,0.0,0.0,,,,,PCE,1.0,4.0,4.0,3.0,,,AMAN,
BNGKL,BAN LUAR FORKLIFT 28X9-15,December 2025,-,2.0,0.0,0.0,,,,,PCE,2.0,2.0,2.0,0.0,,,AMAN,
BNGKL,BAN LUAR 6.00-9 FORKLIFT,December 2025,-,2.0,0.0,0.0,,,,,PCE,2.0,2.0,2.0,0.0,,,AMAN,
BNGKL,BAN ACHILLES 7.00-12/5.00(BAN MATI),December 2025,-,0.0,0.0,0.0,,,,,PCE,0.0,0.0,0.0,0.0,,,STOK HABIS / RE-ORDER,
BNGKL,"PIPA PPR GREEN PN10 5""",December 2025,-,16.0,0.0,0.0,,,,,PCE,16.0,16.0,16.0,0.0,,,AMAN,
BNGKL,"SCREENER 5""",December 2025,-,0.0,0.0,0.0,,,,,PCE,0.0,0.0,0.0,0.0,,,STOK HABIS / RE-ORDER,
BENGKEL,"PIPA BESI GALV 1"" BAKRIE 14Q",December 2025,-,0.0,0.0,0.0,,,,,BATANG,0.0,0.0,0.0,0.0,,,STOK HABIS / RE-ORDER,
BENGKEL,"PIPA BESI GALV 1-1/2"" BAKRIE 14Q",December 2025,-,0.0,0.0,0.0,,,,,BATANG,0.0,0.0,0.0,0.0,,,STOK HABIS / RE-ORDER,
BENGKEL,HOLO 4X4,December 2025,-,0.0,0.0,0.0,,,,,BATANG,0.0,0.0,0.0,0.0,,,STOK HABIS / RE-ORDER,
BENGKEL,BESI HOLO 40 BIRU-HIJAU,December 2025,-,0.0,0.0,0.0,,,,,BATANG,0.0,0.0,0.0,0.0,,,STOK HABIS / RE-ORDER,
BENGKEL,"PIPA PVC 11/4""",December 2025,-,0.0,0.0,0.0,,,,,BATANG,0.0,0.0,0.0,0.0,,,STOK HABIS / RE-ORDER,
BENGKEL,"PIPA PVC 11/2""",December 2025,-,0.0,0.0,0.0,,,,,BATANG,0.0,0.0,0.0,0.0,,,STOK HABIS / RE-ORDER,
BKL,Petro  hydro oli(oli khusus hidrolik) 68,December 2025,-,200.0,0.0,0.0,,,,,LITER,200.0,200.0,200.0,0.0,,,AMAN,
BKL,PETRO HYDRO 68,December 2025,-,22.0,0.0,0.0,,,,,LITER,22.0,22.0,22.0,0.0,,,AMAN,
BKL,Petro Castillas Screw air comprresor VG 32 (Oli),December 2025,-,0.0,0.0,0.0,,,,,LITER,0.0,0.0,0.0,0.0,,,STOK HABIS / RE-ORDER,
BKL,oli Petro AXIO gear box oil 320,December 2025,-,29.0,0.0,0.0,,,,,LITER,29.0,29.0,29.0,0.0,,,AMAN,
BKL,OIL PETRO AXIO 320,December 2025,-,21.0,2818182.0,59181822.0,,,,,LITER,21.0,21.0,21.0,0.0,,,AMAN,
BKL,Petro AXIO 220(oli gear box petro asia 150) VG 220,December 2025,-,13.0,0.0,0.0,,,,,LITER,13.0,13.0,13.0,0.0,,,AMAN,
BKL,Petro Trans HD Diesel Engine oil SAE 40 ADN CF/SF,December 2025,-,0.0,0.0,0.0,,,,,LITER,0.0,0.0,0.0,0.0,,,STOK HABIS / RE-ORDER,
BKL,Petro Revol Gasoline engine oil SAE 40 API SE/CC,December 2025,-,89.0,0.0,0.0,,,,,LITER,89.0,89.0,89.0,0.0,,,AMAN,
BKL,PETRO CASTILLA SEMI SYN 46 COMPRESSOR OIL,December 2025,-,14.0,0.0,0.0,,,,,LITER,14.0,14.0,14.0,0.0,,,AMAN,
BKL,OLI PETRO CASTILLA SEMI SYN 46 COMPRESSOR ,December 2025,-,120.0,0.0,0.0,,,,,LITER,120.0,120.0,120.0,0.0,,,AMAN,
BKL,OLI PETRO AXIO 220,December 2025,-,116.5,0.0,0.0,,,,,LITER,118.5,116.5,116.5,-2.0,,,AMAN,
BKL,"MOBIL GEAR 600 XP320 ,208 LT DR",December 2025,-,0.0,0.0,0.0,,,,,LITER,0.0,0.0,0.0,0.0,,,STOK HABIS / RE-ORDER,
BKL,HEAT TRANSTER OIL S2 SHELL,December 2025,-,12.0,0.0,0.0,,,,,LITER,12.0,12.0,12.0,0.0,,,AMAN,
BKL,OLI IDENITSU DEPHANE SUPER SCREW 46,December 2025,-,0.0,0.0,0.0,,,,,PAIL,0.0,0.0,0.0,0.0,,,STOK HABIS / RE-ORDER,
COUNTAINER,OLI MOBIL GEAR 600XP SML,December 2025,-,5.0,0.0,0.0,,,,,PAIL,5.0,5.0,5.0,0.0,,,AMAN,
COUNTAINER,"BAK KONTAINER 64X43,5X38CM",December 2025,-,0.0,0.0,0.0,,,,,PCE,0.0,0.0,0.0,0.0,,,STOK HABIS / RE-ORDER,
BKL,UMP 100,December 2025,-,0.0,0.0,0.0,,,,,PCE,0.0,0.0,0.0,0.0,,,STOK HABIS / RE-ORDER,
BKL,UMP 80,December 2025,-,0.0,0.0,0.0,,,,,PCE,0.0,0.0,0.0,0.0,,,STOK HABIS / RE-ORDER,
BKL,SIKU 40X40x6000MM SNI,December 2025,-,0.0,0.0,0.0,,,,,PCE,0.0,0.0,0.0,0.0,,,STOK HABIS / RE-ORDER,
BKL,SIKU BESI 30X30,December 2025,-,0.0,0.0,0.0,,,,,BATANG,0.0,0.0,0.0,0.0,,,STOK HABIS / RE-ORDER,
BKL,BESI SIKU 30MMX600,December 2025,-,0.0,0.0,0.0,,,,,BATANG,0.0,0.0,0.0,0.0,,,STOK HABIS / RE-ORDER,
BKL,BESI UNP 10,December 2025,-,0.0,0.0,0.0,,,,,BATANG,0.0,0.0,0.0,0.0,,,STOK HABIS / RE-ORDER,
BKL,DYNABOLT 12MMX100MM,December 2025,-,0.0,0.0,0.0,,,,,PCE,0.0,0.0,0.0,0.0,,,STOK HABIS / RE-ORDER,
BKL,CAT NIIPPON 1700 D 3KG,December 2025,-,0.0,0.0,0.0,,,,,PCE,0.0,0.0,0.0,0.0,,,STOK HABIS / RE-ORDER,
BKL,PLAT ESER 2MM,December 2025,-,0.0,0.0,0.0,,,,,LEMBAR,0.0,0.0,0.0,0.0,,,STOK HABIS / RE-ORDER,
BKL,PLAT STRIP 25X30X6M,December 2025,-,0.0,0.0,0.0,,,,,LEMBAR,0.0,0.0,0.0,0.0,,,STOK HABIS / RE-ORDER,
BENGKEL,MESIN GERINDA POTONG DUDUK MATEC,December 2025,-,0.0,0.0,0.0,,,,,NIU,0.0,0.0,0.0,0.0,,,STOK HABIS / RE-ORDER,
COUNTAINER,BALDOR RELIENCEP SAPER -E MOTOR,December 2025,-,1.0,0.0,0.0,,,,,NIU,1.0,1.0,1.0,0.0,,,AMAN,
CONTAINER,"CONTACK ROLL SML2-5 ULTRA GRANITE COKLAT (COATING REPAIR) 162,5X1650 P.AS1885",December 2025,-,0.0,0.0,0.0,,,,,PCE,0.0,0.0,0.0,0.0,,,STOK HABIS / RE-ORDER,
CONTAINER,"CONTACK ROLL SML1(RECOVER REPAIR) ULTRA GRANITE D=162,5X1150 P.AS1385",December 2025,-,0.0,0.0,0.0,,,,,PCE,0.0,0.0,0.0,0.0,,,STOK HABIS / RE-ORDER,
CONTAINER,"CONTACK ROLL RECOVER D=162,5X1650 ID: 151 P.AS: 1884 2-NZ-0-05-24-28|1",December 2025,-,0.0,0.0,0.0,,,,,NIU,0.0,0.0,0.0,0.0,,,STOK HABIS / RE-ORDER,
DS,"CONTACK ROLL KLAIM 162,5X1650 SML/ PERBAIKAN AS",December 2025,-,0.0,0.0,0.0,,,,,NIU,0.0,0.0,0.0,0.0,,,STOK HABIS / RE-ORDER,
COUNTAINER,ROTARY UNION CHILL ROLL  (SERVISAN) DS,December 2025,-,2.0,0.0,0.0,,,,,NIU,2.0,2.0,2.0,0.0,,,AMAN,
COUNTAINER,AS TEMBAGA D=20MM,December 2025,-,0.0,0.0,0.0,,,,,METER,0.0,0.0,0.0,0.0,,,STOK HABIS / RE-ORDER,
COUNTAINER,KABEL 95X1 UNTUK BLOWN,December 2025,-,0.0,0.0,0.0,,,,,METER,0.0,0.0,0.0,0.0,,,STOK HABIS / RE-ORDER,
CUNTAINER,ROTARY UNION SML2-5 KADANT SERVISAN ,December 2025,-,1.0,0.0,0.0,,,,,PCE,1.0,1.0,1.0,0.0,,,AMAN,
CUNTAINER,ROTARY UNION  NGR 323 DTW-314 RH SERVISAN,December 2025,-,0.0,0.0,0.0,,,,,PCE,0.0,0.0,0.0,0.0,,,STOK HABIS / RE-ORDER,
CUNTAINER,ROTARY UNION SML1 (REPAIR),December 2025,-,0.0,0.0,0.0,,,,,PCE,0.0,0.0,0.0,0.0,,,STOK HABIS / RE-ORDER,
CUNTAINER,MOTOR YUEMA TYPE YU112M-4 3PHASE 380V/4 KW,December 2025,-,0.0,0.0,0.0,,,,,NIU,0.0,0.0,0.0,0.0,,,STOK HABIS / RE-ORDER,
CUNTAINER,"MOTOR MC BETON  7,5KW YUEMA",December 2025,-,0.0,0.0,0.0,,,,,NIU,0.0,0.0,0.0,0.0,,,STOK HABIS / RE-ORDER,
CUNTAINER,"MOTOR INDUKSI POTONG BETON 7,5KW/10HP REPAIR",December 2025,-,1.0,0.0,0.0,,,,,NIU,1.0,1.0,1.0,0.0,,,AMAN,
CUNTAINER,"MOTOR INDUKSI  3PHASE 380V 2,2KW BOTTINI MC BLOWN 2",December 2025,-,0.0,0.0,0.0,,,,,PCE,0.0,0.0,0.0,0.0,,,STOK HABIS / RE-ORDER,
COUNTAINER,KENFLOW CARBON BLOWN,December 2025,-,1.0,0.0,0.0,,,,,SAK,1.0,1.0,1.0,0.0,,,AMAN,
COUNTAINER,PASIR SIRIKA,December 2025,-,1.0,0.0,0.0,,,,,SAK,1.0,1.0,1.0,0.0,,,AMAN,
COUNTAINER,FREON 407 C REFRIGERANT,December 2025,-,4.0,0.0,0.0,,,,,PCE,4.0,4.0,4.0,0.0,,,AMAN,
CONTAINER,MAXICHEM 424 COOLING WATER TREATMENT ,December 2025,-,0.0,0.0,0.0,,,,,GALON,0.0,0.0,0.0,0.0,,,STOK HABIS / RE-ORDER,
CONTAINER,MAXICHEM 424 COOLING WATER TREATMENT ,December 2025,-,1.0,0.0,0.0,,,,,PAIL,1.0,1.0,1.0,0.0,,,AMAN,
CONTAINER,MAXICHEM 800,December 2025,-,0.0,0.0,0.0,,,,,PAIL,0.0,0.0,0.0,0.0,,,STOK HABIS / RE-ORDER,
CONTAINER,MAXICHEM 270,December 2025,-,3.0,0.0,0.0,,,,,PAIL,3.0,3.0,3.0,0.0,,,AMAN,
CONTAINER,MAXICHEM 282 POWDERED ACIDIE DETERGENT,December 2025,-,4.0,0.0,0.0,,,,,PAIL,4.0,4.0,4.0,0.0,,,AMAN,
CONTAINER,OS-81 GRADE LONG LIFE COOLANT,December 2025,-,3.0,0.0,0.0,,,,,PAIL,3.0,3.0,3.0,0.0,,,AMAN,
CONTAINER,MAXICHEM 800,December 2025,-,2.0,0.0,0.0,,,,,PAIL,2.0,2.0,2.0,0.0,,,AMAN,
COUNTAINER,TRAY KABEL 300x3000x10(30CMX300CM),December 2025,-,0.0,0.0,0.0,,,,,METER,0.0,0.0,0.0,0.0,,,STOK HABIS / RE-ORDER,
COUNTAINER,TRAY KABEL 10MMX100MM+ TUTUP,December 2025,-,0.0,0.0,0.0,,,,,METER,0.0,0.0,0.0,0.0,,,STOK HABIS / RE-ORDER,
COUNTAINER,TRAY KABEL 100x100x3000,December 2025,-,0.0,0.0,0.0,,,,,PCE,0.0,0.0,0.0,0.0,,,STOK HABIS / RE-ORDER,
COUNTAINER,TRAY KABEL 150X100X3000,December 2025,-,0.0,0.0,0.0,,,,,PCE,0.0,0.0,0.0,0.0,,,STOK HABIS / RE-ORDER,
COUNTAINER,KABEL 1X95,December 2025,-,0.0,0.0,0.0,,,,,METER,0.0,0.0,0.0,0.0,,,STOK HABIS / RE-ORDER,
COUNTAINER,KABEL 1X120,December 2025,-,0.0,0.0,0.0,,,,,METER,0.0,0.0,0.0,0.0,,,STOK HABIS / RE-ORDER,
COUNTAINER,KABEL 1X25,December 2025,-,0.0,0.0,0.0,,,,,METER,0.0,0.0,0.0,0.0,,,STOK HABIS / RE-ORDER,
COUNTAINER,KABEL 4X16,December 2025,-,25.0,0.0,0.0,,,,,METER,25.0,25.0,25.0,0.0,,,AMAN,
COUNTAINER,KABEL 4X6,December 2025,-,0.0,0.0,0.0,,,,,METER,0.0,0.0,0.0,0.0,,,STOK HABIS / RE-ORDER,
COUNTAINER,"KABEL NYYHY 10X0,75",December 2025,-,3.0,0.0,0.0,,,,,METER,3.0,3.0,3.0,0.0,,,AMAN,
COUNTAINER,KABEL NYYHY 4X25,December 2025,-,3.5,0.0,0.0,,,,,METER,3.5,3.5,3.5,0.0,,,AMAN,
COUNTAINER,KABEL NYYHY 3X 2 1/2,December 2025,-,0.0,0.0,0.0,,,,,METER,0.0,0.0,0.0,0.0,,,STOK HABIS / RE-ORDER,
COUNTAINER,KABEL NYYHY 2X 2 1/2,December 2025,-,0.0,0.0,0.0,,,,,METER,0.0,0.0,0.0,0.0,,,STOK HABIS / RE-ORDER,
COUNTAINER,"KABEL NYYHY 1,5X2",December 2025,-,0.0,0.0,0.0,,,,,METER,50.0,0.0,0.0,-50.0,,,STOK HABIS / RE-ORDER,
COUNTAINER,KABEL 1X185,December 2025,-,0.0,0.0,0.0,,,,,METER,0.0,0.0,0.0,0.0,,,STOK HABIS / RE-ORDER,
COUNTAINER,KABEL GROUNDING 25,December 2025,-,0.0,0.0,0.0,,,,,METER,0.0,0.0,0.0,0.0,,,STOK HABIS / RE-ORDER,
COUNTAINER,CHEMICAL CLEANING EVAPORATOR DESCLALING CONDENSOR  C9601,December 2025,-,1.0,0.0,0.0,,,,,GALON,1.0,1.0,1.0,0.0,,,AMAN,
COUNTAINER,"CHEMOURS FREON 407C (R407) 11,35KG NLD",December 2025,-,0.0,0.0,0.0,,,,,DAC,0.0,0.0,0.0,0.0,,,STOK HABIS / RE-ORDER,
COUNTAINER,FREON 407C CHINA-10KG,December 2025,-,2.0,0.0,0.0,,,,,DAC,2.0,2.0,2.0,0.0,,,AMAN,
COUNTAINER,"FREON 134A CHINA-13,62KG",December 2025,-,3.0,0.0,0.0,,,,,DAC,3.0,3.0,3.0,0.0,,,AMAN,
COUNTAINER,CHEMICAL DESCALER (D2013),December 2025,-,0.0,0.0,0.0,,,,,PAIL,0.0,0.0,0.0,0.0,,,STOK HABIS / RE-ORDER,
COUNTAINER,CHEMICAL NETRALISER (N2013),December 2025,-,0.0,0.0,0.0,,,,,PAIL,0.0,0.0,0.0,0.0,,,STOK HABIS / RE-ORDER,
COUNTAINER,CHEMICAL DESCALER ORIKAWA  (D2013),December 2025,-,0.0,0.0,0.0,,,,,PAIL,0.0,0.0,0.0,0.0,,,STOK HABIS / RE-ORDER,
COUNTAINER,CHEMICAL NETRALISER ORIKAWA  (N2013),December 2025,-,0.0,0.0,0.0,,,,,PAIL,0.0,0.0,0.0,0.0,,,STOK HABIS / RE-ORDER,
COUNTAINER,CHEMICAL DESCALER (N2012),December 2025,-,1.0,0.0,0.0,,,,,PAIL,1.0,1.0,1.0,0.0,,,AMAN,
COUNTAINER,AFTER COOLER ASSY,December 2025,-,0.0,0.0,0.0,,,,,NIIU,0.0,0.0,0.0,0.0,,,STOK HABIS / RE-ORDER,
COUNTAINER,MAXICHEM 485,December 2025,-,4.0,0.0,0.0,,,,,PAIL,4.0,4.0,4.0,0.0,,,AMAN,
COUNTAINER,MAXICHEM 485,December 2025,-,0.0,0.0,0.0,,,,,PAIL,0.0,0.0,0.0,0.0,,,STOK HABIS / RE-ORDER,
COUNTAINER,MAXICHEM 250,December 2025,-,0.0,0.0,0.0,,,,,PAIL,0.0,0.0,0.0,0.0,,,STOK HABIS / RE-ORDER,
COUNTAINER,MAXICHEM 375,December 2025,-,0.0,0.0,0.0,,,,,PAIL,0.0,0.0,0.0,0.0,,,STOK HABIS / RE-ORDER,
COUNTAINER,CHEMICAL DOSING PUMP TYPE PD013-708NI,December 2025,-,1.0,0.0,0.0,,,,,NIU,1.0,1.0,1.0,0.0,,,AMAN,
DS,ELECTRIC CABLE TYPE NYY (KABEL METAL) 1 X400M2,December 2025,-,0.0,0.0,0.0,,,,,METER,0.0,0.0,0.0,0.0,,,STOK HABIS / RE-ORDER,
DS,"7001 BLOWER 7,5 KW",December 2025,-,0.0,0.0,0.0,,,,,PCE       ,0.0,0.0,0.0,0.0,,,STOK HABIS / RE-ORDER,
DS,"AIR SHAFT UK 3""X1150 LUG TYPE",December 2025,-,1.0,32700000.0,32700000.0,,,,,PCE,1.0,1.0,1.0,0.0,,,AMAN,
DS,"AIR SHAFT 2"" UK 1166X2165 MAX LOAD 80KG MULTIBLADDER",December 2025,-,0.0,0.0,0.0,,,,,NIU,0.0,0.0,0.0,0.0,,,STOK HABIS / RE-ORDER,
DS,ROLL PENARIK NBR 60 HITAM ADA DIAMOND PATTREN  D=18CM P=210CM SML-2-5(NIPROLL),December 2025,-,0.0,0.0,0.0,,,,,PCE,0.0,0.0,0.0,0.0,,,STOK HABIS / RE-ORDER,
DS,MOTOR MKH 825EO4 ELIN MOTORER,December 2025,-,0.0,0.0,0.0,,,,,NIU,0.0,0.0,0.0,0.0,,,STOK HABIS / RE-ORDER,
DS,"WINDING SHAFT WICKELWELLE 2"" WB 1650 SML 2-5",December 2025,-,0.0,0.0,0.0,,,,,NIU,0.0,0.0,0.0,0.0,,,STOK HABIS / RE-ORDER,
DS,NIP ROLL D=18CMX P.210 CM REPAIR/ D=180x2100 p.as : 2242,December 2025,-,1.0,0.0,0.0,,,,,NIU,1.0,1.0,1.0,0.0,,,AMAN,
DS,AIR SHAFT,December 2025,-,2.0,0.0,0.0,,,,,PCE,2.0,2.0,2.0,0.0,,,AMAN,
DS,PRESS ROLL 163X1650 RECOVER,December 2025,-,0.0,0.0,0.0,,,,,PCE,0.0,0.0,0.0,0.0,,,STOK HABIS / RE-ORDER,
DS,PRESS ROLL COUNTAK 163X1650 RECOVER,December 2025,-,0.0,0.0,0.0,,,,,PCE,0.0,0.0,0.0,0.0,,,STOK HABIS / RE-ORDER,
DS,MOTOR HANBEL SCREW 380V REPAIR CHILLER OUMAL 1,December 2025,-,0.0,0.0,0.0,,,,,NIU,0.0,0.0,0.0,0.0,,,STOK HABIS / RE-ORDER,
DS,MOTOR INDUKSI ELIN REPAIR TYPE MKH 825EO4,December 2025,-,0.0,0.0,0.0,,,,,NIU,0.0,0.0,0.0,0.0,,,STOK HABIS / RE-ORDER,
DS,MOTOR INDUKSI SIEMENS TYPE 1 PH8.286-1AF1112 BV-2 250KW/345V/1500 RPM REPAIR SML 5,December 2025,-,0.0,0.0,0.0,,,,,NIU,0.0,0.0,0.0,0.0,,,STOK HABIS / RE-ORDER,
DS,BAK MESIN DS UK 1500X1500XT.1700MM,December 2025,-,0.0,0.0,0.0,,,,,NIU,0.0,0.0,0.0,0.0,,,STOK HABIS / RE-ORDER,
DS,MATERIAL PLATE SS304 1B T.3MMX5'X20',December 2025,-,0.0,0.0,0.0,,,,,LEMBAR,0.0,0.0,0.0,0.0,,,STOK HABIS / RE-ORDER,
GN,STATIC KNIFES DS/BC,December 2025,-,0.0,0.0,0.0,,,,,SET       ,0.0,0.0,0.0,0.0,,,STOK HABIS / RE-ORDER,
GN,"SELANG ANGIN WERNER TEHNISHER 1"" X50M",December 2025,-,0.0,0.0,0.0,,,,,METER,0.0,0.0,0.0,0.0,,,STOK HABIS / RE-ORDER,
GN,KAIN FILTER UKURAN BESAR UNTUK MESIN,December 2025,-,0.0,0.0,0.0,,,,,PCE,0.0,0.0,0.0,0.0,,,STOK HABIS / RE-ORDER,
GN,KAIN FILTER UKURAN KECIL UNTUK MESIN,December 2025,-,5.0,0.0,0.0,,,,,PCE,6.0,5.0,5.0,-1.0,,,AMAN,
GNBR,BEARING NKN 608Z,December 2025,-,0.0,0.0,0.0,,,,,PCE,0.0,0.0,0.0,0.0,,,STOK HABIS / RE-ORDER,
GND,CHARGING BAR R120/A1065Y100 SMALL SML1,December 2025,-,2.0,0.0,0.0,,,,,PCE,2.0,2.0,2.0,0.0,,,AMAN,
GND,CHARGING BAR AUFLADEELEKTRODE R121/W/1065     ,December 2025,-,0.0,0.0,0.0,,,,,PCE,0.0,0.0,0.0,0.0,,,STOK HABIS / RE-ORDER,
GND,6001 HSP CABLE KA/YR 100,December 2025,-,0.0,0.0,0.0,,,,,PCE,0.0,0.0,0.0,0.0,,,STOK HABIS / RE-ORDER,
GND,6001 HSP CABLE KA/YR 150,December 2025,-,0.0,0.0,0.0,,,,,PCE,0.0,0.0,0.0,0.0,,,STOK HABIS / RE-ORDER,
GND,65029273 HIGH VOLTAGE GENERATOR PCSC/XN3HCDAX 30 KV 5MA,December 2025,-,0.0,0.0,0.0,,,,,PCE,0.0,0.0,0.0,0.0,,,STOK HABIS / RE-ORDER,
GND,ALLEN  BRADLAY  POWER SUPPLY 1756 PA 72/C,December 2025,-,0.0,0.0,0.0,,,,,PCE,0.0,0.0,0.0,0.0,,,STOK HABIS / RE-ORDER,
GND,CUTTER BLOCK mesin blown,December 2025,-,0.0,0.0,0.0,,,,,PCE       ,0.0,0.0,0.0,0.0,,,STOK HABIS / RE-ORDER,
GND,ORING Untuk Kompresor Kobelco,December 2025,-,0.0,0.0,0.0,,,,,SET,0.0,0.0,0.0,0.0,,,STOK HABIS / RE-ORDER,
GND,PISAU BUBUT HSS 1/8X3/4X6,December 2025,-,0.0,0.0,0.0,,,,,PCE,0.0,0.0,0.0,0.0,,,STOK HABIS / RE-ORDER,
GND,"KABEL H05V-K 1X0,75(HITAM)",December 2025,-,0.0,0.0,0.0,,,,,METER,0.0,0.0,0.0,0.0,,,STOK HABIS / RE-ORDER,
GND,"KABEL H07V-K 1X1,5(HITAM) SCWARZ",December 2025,-,0.0,0.0,0.0,,,,,METER,0.0,0.0,0.0,0.0,,,STOK HABIS / RE-ORDER,
GND,"KABEL HO7V-K 1X2,5(HITAM) SCHWARZ",December 2025,-,97.0,0.0,0.0,,,,,METER,97.0,97.0,97.0,0.0,,,AMAN,
GND,"KABEL H07V-K 1G1,5 GRUN/GELB",December 2025,-,55.0,0.0,0.0,,,,,METER,55.0,55.0,55.0,0.0,,,AMAN,
GND,"KABEL H07V-K 1X1,5(BIRU) DBLAU",December 2025,-,0.0,0.0,0.0,,,,,METER,0.0,0.0,0.0,0.0,,,STOK HABIS / RE-ORDER,
GND,"SUPREME KABEL 2X1,5MM ",December 2025,-,0.0,0.0,0.0,,,,,METER,0.0,0.0,0.0,0.0,,,STOK HABIS / RE-ORDER,
GND,"SUPREME KABEL 4X1,5MM ",December 2025,-,0.0,0.0,0.0,,,,,METER,0.0,0.0,0.0,0.0,,,STOK HABIS / RE-ORDER,
GND,"KABEL CONTROL BIRU NYAF 1,5 MM2",December 2025,-,0.0,0.0,0.0,,,,,METER,0.0,0.0,0.0,0.0,,,STOK HABIS / RE-ORDER,
GND,"KABEL CONTROL HITAM NYAF 1,5 MM2",December 2025,-,0.0,0.0,0.0,,,,,METER,0.0,0.0,0.0,0.0,,,STOK HABIS / RE-ORDER,
GND,"KABEL SUPREME 4X0,75MM2",December 2025,-,0.0,0.0,0.0,,,,,METER,0.0,0.0,0.0,0.0,,,STOK HABIS / RE-ORDER,
GND,KABEL SUPREME 4X25MM2,December 2025,-,0.0,0.0,0.0,,,,,METER,0.0,0.0,0.0,0.0,,,STOK HABIS / RE-ORDER,
GND,"KABEL 2X2,5MM",December 2025,-,0.0,0.0,0.0,,,,,METER,0.0,0.0,0.0,0.0,,,STOK HABIS / RE-ORDER,
GND,KABEL 1X0.75,December 2025,-,0.0,0.0,0.0,,,,,METER,0.0,0.0,0.0,0.0,,,STOK HABIS / RE-ORDER,
GND,KABEL Y SLY-JZ (GREY) DELTA 21X1MM2,December 2025,-,0.0,0.0,0.0,,,,,METER,0.0,0.0,0.0,0.0,,,STOK HABIS / RE-ORDER,
GND,SEAL ORING NGR,December 2025,-,0.0,0.0,0.0,,,,,SET,0.0,0.0,0.0,0.0,,,STOK HABIS / RE-ORDER,
GND,MOTOR KOMPRESOR ZR 380 KCE,December 2025,-,0.0,0.0,0.0,,,,,NIU,0.0,0.0,0.0,0.0,,,STOK HABIS / RE-ORDER,
GND,KARET POMPA LEM CORE(MEMBRAN),December 2025,-,0.0,0.0,0.0,,,,,PCE,0.0,0.0,0.0,0.0,,,STOK HABIS / RE-ORDER,
GND,"KABEL  3X0,75MM2 300/500V",December 2025,-,0.0,0.0,0.0,,,,,METER,0.0,0.0,0.0,0.0,,,STOK HABIS / RE-ORDER,
GND,"KABEL  4X0,75MM2 ",December 2025,-,0.0,0.0,0.0,,,,,METER,0.0,0.0,0.0,0.0,,,STOK HABIS / RE-ORDER,
GND,POMPA CELUP SHIMITZU(WHASHER PUMP 80E),December 2025,-,0.0,0.0,0.0,,,,,PCE,0.0,0.0,0.0,0.0,,,STOK HABIS / RE-ORDER,
GND,ORING P-GA02-541#17,December 2025,-,0.0,0.0,0.0,,,,,PCE,0.0,0.0,0.0,0.0,,,STOK HABIS / RE-ORDER,
GND,ORING P-GA02-541#07,December 2025,-,0.0,0.0,0.0,,,,,PCE,0.0,0.0,0.0,0.0,,,STOK HABIS / RE-ORDER,
GND,ORING P-GA02-540#14,December 2025,-,0.0,0.0,0.0,,,,,PCE,0.0,0.0,0.0,0.0,,,STOK HABIS / RE-ORDER,
GND,ORING P-GA02-597,December 2025,-,0.0,0.0,0.0,,,,,PCE,0.0,0.0,0.0,0.0,,,STOK HABIS / RE-ORDER,
GND,ORING P-GA02-541#13,December 2025,-,0.0,0.0,0.0,,,,,PCE,0.0,0.0,0.0,0.0,,,STOK HABIS / RE-ORDER,
GND,ORING P-GA02-600,December 2025,-,0.0,0.0,0.0,,,,,PCE,0.0,0.0,0.0,0.0,,,STOK HABIS / RE-ORDER,
GND,ORING P-AG90-501,December 2025,-,0.0,0.0,0.0,,,,,PCE,0.0,0.0,0.0,0.0,,,STOK HABIS / RE-ORDER,
GND,W-LIP SEAL P-GA02-561#01-501,December 2025,-,0.0,0.0,0.0,,,,,PCE,0.0,0.0,0.0,0.0,,,STOK HABIS / RE-ORDER,
GND,"PIPA S/S UK 2 1/2""X170MM U/GENSET",December 2025,-,0.0,0.0,0.0,,,,,PCE,0.0,0.0,0.0,0.0,,,STOK HABIS / RE-ORDER,
GND,DAMPER MA3325EUM ACE SML 1-5,December 2025,-,2.0,0.0,0.0,,,,,PCE,3.0,2.0,2.0,-1.0,,,AMAN,
GND,"EXHAUST FAN 8""",December 2025,-,0.0,0.0,0.0,,,,,PCE,0.0,0.0,0.0,0.0,,,STOK HABIS / RE-ORDER,
GND,CT-2000 A,December 2025,-,0.0,0.0,0.0,,,,,PCE,0.0,0.0,0.0,0.0,,,STOK HABIS / RE-ORDER,
GND,PILOT LAMP WARNA KUNING DAN HIJAU,December 2025,-,0.0,0.0,0.0,,,,,PCE,0.0,0.0,0.0,0.0,,,STOK HABIS / RE-ORDER,
GND,CARBON BRUSH BESAR STABILIZER,December 2025,-,26.0,0.0,0.0,,,,,PCE,26.0,26.0,26.0,0.0,,,AMAN,
GND,DIGITAL AMPERE METER,December 2025,-,0.0,0.0,0.0,,,,,NIU,0.0,0.0,0.0,0.0,,,STOK HABIS / RE-ORDER,
GND,UNDER/OVER VOLTAGE RELAY BUI-AC230 RELAY MY2,December 2025,-,0.0,0.0,0.0,,,,,SET,0.0,0.0,0.0,0.0,,,STOK HABIS / RE-ORDER,
GND,MCCB 3P 1250A 50KA NS 1250N,December 2025,-,0.0,0.0,0.0,,,,,PCE,0.0,0.0,0.0,0.0,,,STOK HABIS / RE-ORDER,
A7,MAIN AC DIGITAL PCB CONTROL 2098,December 2025,-,1.0,0.0,0.0,,,,,PCE,1.0,1.0,1.0,0.0,,,AMAN,
GND,RELAY CONTROL LY-4 220 VAC,December 2025,-,0.0,0.0,0.0,,,,,PCE,0.0,0.0,0.0,0.0,,,STOK HABIS / RE-ORDER,
GND,PC AC DIGITAL KECIL 2099,December 2025,-,0.0,0.0,0.0,,,,,PCE,0.0,0.0,0.0,0.0,,,STOK HABIS / RE-ORDER,
GND,TOROID 10KVA DI PHASE R & T,December 2025,-,0.0,0.0,0.0,,,,,PCE,0.0,0.0,0.0,0.0,,,STOK HABIS / RE-ORDER,
GND,"ADJUST TABLE CLAMP 12""",December 2025,-,6.0,0.0,0.0,,,,,PCE,6.0,6.0,6.0,0.0,,,AMAN,
GND,AC SERVO MOTOR 40W PANASONIC ,December 2025,-,0.0,0.0,0.0,,,,,SET,0.0,0.0,0.0,0.0,,,STOK HABIS / RE-ORDER,
GND,FUSE CONTROL,December 2025,-,0.0,0.0,0.0,,,,,PCE,0.0,0.0,0.0,0.0,,,STOK HABIS / RE-ORDER,
GND,RELAY CONTROL LY-4,December 2025,-,0.0,0.0,0.0,,,,,PCE,0.0,0.0,0.0,0.0,,,STOK HABIS / RE-ORDER,
GND,ALMUNIUM ROLL 125X240(REPAIR),December 2025,-,0.0,0.0,0.0,,,,,PCE,0.0,0.0,0.0,0.0,,,STOK HABIS / RE-ORDER,
GND,ALMUNIUM ROLL 160X240(REPAIR),December 2025,-,0.0,0.0,0.0,,,,,PCE,0.0,0.0,0.0,0.0,,,STOK HABIS / RE-ORDER,
GND,Roll Support Jumbo Roll Meja BC,December 2025,-,1.0,0.0,0.0,,,,,PCE,1.0,1.0,1.0,0.0,,,AMAN,
GND,"Selang Flexible Resin Mesin SML 2,5""",December 2025,-,11.800000000000008,0.0,0.0,,,,,METER,12.000000000000007,11.800000000000008,11.800000000000008,-0.1999999999999993,,,AMAN,
GND,SELANG AIR DIAMETER 13X19MM,December 2025,-,10.8,0.0,0.0,,,,,METER,10.8,10.8,10.8,0.0,,,AMAN,
GND,SELANG AIR WATERPAST,December 2025,-,0.0,0.0,0.0,,,,,METER,0.0,0.0,0.0,0.0,,,STOK HABIS / RE-ORDER,
GND,"PLAT KUNINGAN 0,8X25MMX2M",December 2025,-,0.3000000000000003,0.0,0.0,,,,,METER,0.3000000000000003,0.3000000000000003,0.3000000000000003,0.0,,,AMAN,
GND,PLAT KUNINGAN 1MMX25MMX2M,December 2025,-,0.26,0.0,0.0,,,,,METER,0.54,0.26,0.26,-0.28,,,AMAN,
GND,PLAT KUNINGAN 1MMX25MMX1M,December 2025,-,4.0,0.0,0.0,,,,,METER,4.0,4.0,4.0,0.0,,,AMAN,
GND,"PLAT KUNINGAN 1,6MMX25X1M",December 2025,-,1.0,0.0,0.0,,,,,METER,1.0,1.0,1.0,0.0,,,AMAN,
GND,"PLAT KUNINGAN 0,85MM",December 2025,-,0.0,0.0,0.0,,,,,METER,0.0,0.0,0.0,0.0,,,STOK HABIS / RE-ORDER,
GND,"PLAT KUNINGAN 1,2MM",December 2025,-,0.4799999999999999,0.0,0.0,,,,,METER,0.4799999999999999,0.4799999999999999,0.4799999999999999,0.0,,,AMAN,
GND,"PLAT KUNINGAN 0,8MM",December 2025,-,0.20000000000000007,0.0,0.0,,,,,METER,0.20000000000000007,0.20000000000000007,0.20000000000000007,0.0,,,AMAN,
GND,"PLAT KUNINGAN 0,5MMX25MMX1M",December 2025,-,2.0,0.0,0.0,,,,,METER,4.0,2.0,2.0,-2.0,,,AMAN,
GND,"GERINDA CUTTING 14""",December 2025,-,1.0,0.0,0.0,,,,,PCE,2.0,1.0,1.0,-1.0,,,AMAN,
GND,TEFLON 5MMX1 METER,December 2025,-,0.0,0.0,0.0,,,,,METER,0.0,0.0,0.0,0.0,,,STOK HABIS / RE-ORDER,
GND,"SOCK DRAD LUAR PVC 1 1/4 """,December 2025,-,0.0,0.0,0.0,,,,,PCE,0.0,0.0,0.0,0.0,,,STOK HABIS / RE-ORDER,
GND,"SOCK PVC 1 1/4""",December 2025,-,2.0,0.0,0.0,,,,,PCE,2.0,2.0,2.0,0.0,,,AMAN,
GND,"KENY PVC 1 1/4 """,December 2025,-,0.0,0.0,0.0,,,,,PCE,0.0,0.0,0.0,0.0,,,STOK HABIS / RE-ORDER,
GND,"KENY 4""",December 2025,-,0.0,0.0,0.0,,,,,PCE,0.0,0.0,0.0,0.0,,,STOK HABIS / RE-ORDER,
GND,"WATER MOOR 1 1/4 "" PVC",December 2025,-,0.0,0.0,0.0,,,,,PCE,0.0,0.0,0.0,0.0,,,STOK HABIS / RE-ORDER,
GND,"TEE PVC 1 1/4 """,December 2025,-,0.0,0.0,0.0,,,,,PCE,0.0,0.0,0.0,0.0,,,STOK HABIS / RE-ORDER,
GND,"CHECK VALVE 1 1/4""",December 2025,-,0.0,0.0,0.0,,,,,PCE,0.0,0.0,0.0,0.0,,,STOK HABIS / RE-ORDER,
GND,"PIPA PVC 1 1/4""",December 2025,-,0.0,0.0,0.0,,,,,PCE,0.0,0.0,0.0,0.0,,,STOK HABIS / RE-ORDER,
GND,KARUNG FILTER FLUF SML1,December 2025,-,4.0,0.0,0.0,,,,,PCE,4.0,4.0,4.0,0.0,,,AMAN,
GND,"COUPLER  PPR/SOK PPR 5""",December 2025,-,19.0,0.0,0.0,,,,,PCE,19.0,19.0,19.0,0.0,,,AMAN,
GND,"ELBOW  90 PPR  5"" ",December 2025,-,2.0,0.0,0.0,,,,,PCE,2.0,2.0,2.0,0.0,,,AMAN,
GND,"END FLANGE PPR 5""",December 2025,-,2.0,0.0,0.0,,,,,PCE,2.0,2.0,2.0,0.0,,,AMAN,
GND,"FLANGE BESI SOCK AND PIPE 5"" PPR",December 2025,-,0.0,0.0,0.0,,,,,PCE,0.0,0.0,0.0,0.0,,,STOK HABIS / RE-ORDER,
GND,"T PPR  5""",December 2025,-,0.0,0.0,0.0,,,,,PCE,0.0,0.0,0.0,0.0,,,STOK HABIS / RE-ORDER,
GND,"T PPR 4""",December 2025,-,0.0,0.0,0.0,,,,,PCE,0.0,0.0,0.0,0.0,,,STOK HABIS / RE-ORDER,
GND,"FLANGE 5"" BESI",December 2025,-,0.0,0.0,0.0,,,,,PCE,0.0,0.0,0.0,0.0,,,STOK HABIS / RE-ORDER,
GND,"REDUSER PPR 5"" X4""",December 2025,-,2.0,0.0,0.0,,,,,PCE,2.0,2.0,2.0,0.0,,,AMAN,
GND,"REDUSER  5"" X4""BESI",December 2025,-,0.0,0.0,0.0,,,,,PCE,0.0,0.0,0.0,0.0,,,STOK HABIS / RE-ORDER,
GND,"REDUCER BESI 3""X5""",December 2025,-,0.0,0.0,0.0,,,,,PCE,0.0,0.0,0.0,0.0,,,STOK HABIS / RE-ORDER,
GND,"BUTTERFLY VALVE 5"" KITZ",December 2025,-,0.0,0.0,0.0,,,,,PCE,0.0,0.0,0.0,0.0,,,STOK HABIS / RE-ORDER,
GND,RING PLAT 20MM STAINLES,December 2025,-,0.0,0.0,0.0,,,,,PCE,0.0,0.0,0.0,0.0,,,STOK HABIS / RE-ORDER,
GND,MUR 20MM STAINLES,December 2025,-,0.0,0.0,0.0,,,,,PCE,0.0,0.0,0.0,0.0,,,STOK HABIS / RE-ORDER,
GND,BAUT STAINLES M20MMX150MM,December 2025,-,0.0,0.0,0.0,,,,,PCE,0.0,0.0,0.0,0.0,,,STOK HABIS / RE-ORDER,
GND,BAUT STAINLES M20MMX120MM+MUR+RING,December 2025,-,0.0,0.0,0.0,,,,,SET,0.0,0.0,0.0,0.0,,,STOK HABIS / RE-ORDER,
GND,"SELANG AIR 250 PSI 1 1/2"" MAXXFLEX CHILLER",December 2025,-,0.0,0.0,0.0,,,,,METER,0.0,0.0,0.0,0.0,,,STOK HABIS / RE-ORDER,
GND,KARUNG PLUFF SCRAPTUDER SML 2-5,December 2025,-,8.0,0.0,0.0,,,,,PCE,10.0,8.0,8.0,-2.0,,,AMAN,
GND,VULKANISIR RELL WRAPING,December 2025,-,1.0,0.0,0.0,,,,,NIU,1.0,1.0,1.0,0.0,,,AMAN,
GND,GUN SPRAYER TOSEKI,December 2025,-,0.0,0.0,0.0,,,,,PCE,0.0,0.0,0.0,0.0,,,STOK HABIS / RE-ORDER,
GND,BEARING P-AC04-597,December 2025,-,0.0,0.0,0.0,,,,,PCE,0.0,0.0,0.0,0.0,,,STOK HABIS / RE-ORDER,
GND,OLI KOMPRESSOR EMKARATE RL 170- H(BC40),December 2025,-,0.0,0.0,0.0,,,,,PCE,0.0,0.0,0.0,0.0,,,STOK HABIS / RE-ORDER,
GND,OLI KOMPRESSOR EMKARATE R1 170 H (TIDAK ADA BALKOT),December 2025,-,4.0,0.0,0.0,,,,,PCE,4.0,4.0,4.0,0.0,,,AMAN,
GND,OLI KOMPRESSOR EMKARATE RL 170 H (ADA BALKOTNYA),December 2025,-,0.0,0.0,0.0,,,,,PCE,0.0,0.0,0.0,0.0,,,STOK HABIS / RE-ORDER,
GND,OLI KOMPRESSOR EMKARATE RL 32 H,December 2025,-,0.0,0.0,0.0,,,,,PCE,0.0,0.0,0.0,0.0,,,STOK HABIS / RE-ORDER,
GND,OLI KOMPRESSOR EMKARATE RL 32 H(BC40),December 2025,-,4.0,0.0,0.0,,,,,PCE,4.0,4.0,4.0,0.0,,,AMAN,
GND,SCREW OIL COMPRESSOR,December 2025,-,0.0,0.0,0.0,,,,,PAIL,0.0,0.0,0.0,0.0,,,STOK HABIS / RE-ORDER,
GND,CARBON REMOVER,December 2025,-,0.0,0.0,0.0,,,,,PAIL,0.0,0.0,0.0,0.0,,,STOK HABIS / RE-ORDER,
GND,FILTER FREON 20 PK,December 2025,-,0.0,0.0,0.0,,,,,PCE,0.0,0.0,0.0,0.0,,,STOK HABIS / RE-ORDER,
GND,HGBV HDT GAS,December 2025,-,0.0,0.0,0.0,,,,,PCE,0.0,0.0,0.0,0.0,,,STOK HABIS / RE-ORDER,
GND,PRESSURE GAUGE 550 PSI,December 2025,-,0.0,0.0,0.0,,,,,PCE,0.0,0.0,0.0,0.0,,,STOK HABIS / RE-ORDER,
GND,KAPILER  SET LP/HP,December 2025,-,0.0,0.0,0.0,,,,,LOT,0.0,0.0,0.0,0.0,,,STOK HABIS / RE-ORDER,
GND,CHEMICAL FLUSHING R11,December 2025,-,0.0,0.0,0.0,,,,,CAN,0.0,0.0,0.0,0.0,,,STOK HABIS / RE-ORDER,
GND,"KABEL,KAWAT LAS,SKUN",December 2025,-,0.0,0.0,0.0,,,,,LOT,0.0,0.0,0.0,0.0,,,STOK HABIS / RE-ORDER,
GND,OLI KOMRESSOR POE 32,December 2025,-,0.0,0.0,0.0,,,,,LOT,0.0,0.0,0.0,0.0,,,STOK HABIS / RE-ORDER,
B5,LEM AIBON AICA,December 2025,-,1.0,0.0,0.0,,,,,PCE,1.0,1.0,1.0,0.0,,,AMAN,
GND,BUSA FILTER T.12MM,December 2025,-,4.0,0.0,0.0,,,,,METER,4.0,4.0,4.0,0.0,,,AMAN,
GND,BUSA PEREDAM TEBAL 30MM,December 2025,-,2.5,0.0,0.0,,,,,METER,2.5,2.5,2.5,0.0,,,AMAN,
GND,BUSA  SPON 10MM MC NAUTILUS,December 2025,-,1.66,0.0,0.0,,,,,METER,1.66,1.66,1.66,0.0,,,AMAN,
GUDANG TEHNIKAL,DRIVE INVERTER Ext B DS/BC,December 2025,-,0.0,0.0,0.0,,,,,PCE,0.0,0.0,0.0,0.0,,,STOK HABIS / RE-ORDER,
RUANG CHAN,HMI MONITOR WINDER REPAIR,December 2025,-,2.0,0.0,0.0,,,,,NIU,2.0,2.0,2.0,0.0,,,AMAN,
GND,Gergaji Potong Untuk Div Recycle BAND SAW,December 2025,-,11.0,0.0,0.0,,,,,PCE       ,13.0,11.0,11.0,-2.0,,,AMAN,
HBS,IF MULTIWAVE EMIT.CS. 1094 1000 005982,December 2025,-,0.0,14264360.0,0.0,sudah terpasang di sml 1 dan tidak memiliki spare untuk saat ini,,,,PCE,0.0,0.0,0.0,0.0,,,URGENT/HARUS SEGERA ORDER,
HBS,MICROMOTOR MG070 COMPLETE WITH CONNECTION CABLE,December 2025,-,0.0,15083590.0,0.0,sudah terpasang di sml 1 dan tidak memiliki spare untuk saat ini,,,1000004076,PCE,0.0,0.0,0.0,0.0,,,URGENT/HARUS SEGERA ORDER,
HBS,SENSOR OPTIC OPB917B,December 2025,-,0.0,554200.0,0.0,sudah terpasang di sml 1 dan tidak memiliki spare untuk saat ini,,,10000021911,PCE,0.0,0.0,0.0,0.0,,,URGENT/HARUS SEGERA ORDER,
HBS,SAPPHIRE WINDOWS DIAM.44.SP.1,December 2025,-,0.0,7348930.0,0.0,sudah terpasang di sml 1 dan tidak memiliki spare untuk saat ini,,,10000021891,PCE,0.0,0.0,0.0,0.0,,,URGENT/HARUS SEGERA ORDER,
HBS,"COVER VIXING SAPPHIRE WINDOW COMPLETE OF SCREWS
O-RING OR2150 COD.1000001467",December 2025,-,0.0,843200.0,0.0,sudah terpasang di sml 1 dan tidak memiliki spare untuk saat ini,,,1000014573,PCE,0.0,0.0,0.0,0.0,,,URGENT/HARUS SEGERA ORDER,
HBS,Carlo Gavazi Relay RGHIA60D41 KGE 600V - 40 A ,December 2025,-,0.0,0.0,0.0,,,,,PCE,0.0,0.0,0.0,0.0,,,STOK HABIS / RE-ORDER,
HBS,LENZE KEYPAD Type EZAEBK1001,December 2025,-,0.0,0.0,0.0,,,,EZAEBK1001,PCE,0.0,0.0,0.0,0.0,,,STOK HABIS / RE-ORDER,
HBS,CONTACTOR LS 40A AC 100V,December 2025,-,0.0,0.0,0.0,,,,,PCE,0.0,0.0,0.0,0.0,,,STOK HABIS / RE-ORDER,
HBS,HANYOUNG NUX TEMPERATURE CONTROLLER KX2N-MENA 100-240VAC 50/60HZ,December 2025,-,0.0,0.0,0.0,,,,,PCE,0.0,0.0,0.0,0.0,,,STOK HABIS / RE-ORDER,
HBS,SCHNEIDER CONTACTOR LC 1D 18 BL,December 2025,-,0.0,0.0,0.0,,,,,PCE,0.0,0.0,0.0,0.0,,,STOK HABIS / RE-ORDER,
HBS,CHNT THERMAL OVERLOAD RELAY 50A,December 2025,-,0.0,0.0,0.0,,,,,PCE,0.0,0.0,0.0,0.0,,,STOK HABIS / RE-ORDER,
HBS,CARLO GAVAZI SENSORE DI PROSSIMITA TRIPLESHIELD  CA30CAF16PAM1 ,December 2025,-,0.0,0.0,0.0,,,,,PCE,0.0,0.0,0.0,0.0,,,STOK HABIS / RE-ORDER,
HBS,DIGITAL OUTPUT MODULE X20D09371 12ID 63256345,December 2025,-,0.0,0.0,0.0,,,,63256345,PCE,0.0,0.0,0.0,0.0,,,STOK HABIS / RE-ORDER,
HBS,SLIP-ON RATCHET AUFSTECKNAME VK 3/4,December 2025,-,0.0,0.0,0.0,,,,62050725,PCE       ,0.0,0.0,0.0,0.0,,,STOK HABIS / RE-ORDER,
HBS,T-PLUG M12 STIFF AUF 2 X M8 BUCHSEN 4/3POLIG T,December 2025,-,0.0,0.0,0.0,,,,63513581,PCE       ,0.0,0.0,0.0,0.0,,,STOK HABIS / RE-ORDER,
HBS,MODIPICATION PART CONTACT ROLLER,December 2025,-,0.0,0.0,0.0,,,,,SET       ,0.0,0.0,0.0,0.0,,,STOK HABIS / RE-ORDER,
HBS,EP 1 OPTYSCAN HEAD,December 2025,-,0.0,0.0,0.0,,,,"7020.01.800B
C028.02.011",SET       ,0.0,0.0,0.0,0.0,,,STOK HABIS / RE-ORDER,
HBS,TRIA SCRAPTUDER SML 2,December 2025,-,0.0,0.0,0.0,,,,,SET       ,0.0,0.0,0.0,0.0,,,STOK HABIS / RE-ORDER,
HBS,SOLENOID TERMINAL SML 3,December 2025,-,0.0,0.0,0.0,,,,,PCE       ,0.0,0.0,0.0,0.0,,,STOK HABIS / RE-ORDER,
HBS,KNIVES TRIM HOLDER Mesin SML,December 2025,-,0.0,0.0,0.0,,,,,SET       ,0.0,0.0,0.0,0.0,,,STOK HABIS / RE-ORDER,
HBS,CONTACT ROLLER POLOS sml2-5,December 2025,-,0.0,0.0,0.0,,,,,PCE,0.0,0.0,0.0,0.0,,,STOK HABIS / RE-ORDER,
HBS,Gearmotor Set MPL 80/2 577509935 (gearbox dan motor auger SML 2-5),December 2025,-,0.0,0.0,0.0,,,,,SET       ,0.0,0.0,0.0,0.0,,,STOK HABIS / RE-ORDER,
HBS,Regulator digital SMC (Auto regulator Untuk Winder DS),December 2025,-,0.0,0.0,0.0,,,,,PCE       ,0.0,0.0,0.0,0.0,,,STOK HABIS / RE-ORDER,
HBS,ENGINE MOUNTING Forklif tipe.87.D25,December 2025,-,0.0,0.0,0.0,,,,,PCE       ,0.0,0.0,0.0,0.0,,,STOK HABIS / RE-ORDER,
HBS,Plat Kuningan (Untuk Cuci Die),December 2025,-,0.0,0.0,0.0,,,,,PCE,0.0,0.0,0.0,0.0,,,STOK HABIS / RE-ORDER,
HBS,"REDUSER 4""X 3"" PVC",December 2025,-,0.0,0.0,0.0,,,,,PCE,0.0,0.0,0.0,0.0,,,STOK HABIS / RE-ORDER,
HBS,"Y  3"" PVC",December 2025,-,0.0,0.0,0.0,,,,,PCE,0.0,0.0,0.0,0.0,,,STOK HABIS / RE-ORDER,
HBS,"SOCK 3"" PVC",December 2025,-,0.0,0.0,0.0,,,,,PCE,0.0,0.0,0.0,0.0,,,STOK HABIS / RE-ORDER,
HBS,CARBON BRUSH CB 153,December 2025,-,0.0,0.0,0.0,,,,,PCE,0.0,0.0,0.0,0.0,,,STOK HABIS / RE-ORDER,
HBS,FHAS AIR FILTER R/S/7654,December 2025,-,0.0,0.0,0.0,,,,,CAN,0.0,0.0,0.0,0.0,,,STOK HABIS / RE-ORDER,
HBS,FILTER DRIER EK 306,December 2025,-,0.0,0.0,0.0,,,,,PCE,0.0,0.0,0.0,0.0,,,STOK HABIS / RE-ORDER,
KNTR DPN,AC -IN MIDEA MSE DO9CRN1,December 2025,-,0.0,0.0,0.0,,,,,PCE,0.0,0.0,0.0,0.0,,,STOK HABIS / RE-ORDER,
KNTR DPN,AC -OUT MIDEA MSE DO9CRN1,December 2025,-,0.0,0.0,0.0,,,,,PCE,0.0,0.0,0.0,0.0,,,STOK HABIS / RE-ORDER,
LGN,HIGH VOLTAGE GENERATOR HVG 30.5 230V 50/60 0-30 Kv,December 2025,-,0.0,60996000.0,0.0,baru datang bulan juli 2020 dan langsung di pasang di sml3,,,,PCE,0.0,0.0,0.0,0.0,,,URGENT/HARUS SEGERA ORDER,
LGN,CONTROL MODULE AC 890 PX PARKER,December 2025,-,0.0,3745.92,0.0,,,,3063472,PCE,0.0,0.0,0.0,0.0,,,STOK HABIS / RE-ORDER,
LGN,AC890 FREWIRE OPTION,December 2025,-,0.0,844.8,0.0,,,,5010400,PCE,0.0,0.0,0.0,0.0,,,STOK HABIS / RE-ORDER,
LGN,TRANSISTOR MODUL 590P 830A PARKER,December 2025,-,0.0,4615.0,0.0,,,,,NIU,0.0,0.0,0.0,0.0,,,STOK HABIS / RE-ORDER,
LGN,LINEAR ACTUATOR LINEARANTRIEB ECONOM 0 3000N 120MM,December 2025,-,0.0,26001500.0,0.0,sudah terpasang di sml 2-5 kita sudah tidak ada spare perlu beli baru di karenakan sudah tidak bisa di service .,,,,PCE,0.0,0.0,0.0,0.0,,,URGENT/HARUS SEGERA ORDER,
LGN,INVETTER FORT FV20-4T-0550G/0750L-YN 55KW/75KW 380V 113A/157A,December 2025,-,0.0,0.0,0.0,,,,,NIU,0.0,0.0,0.0,0.0,,,STOK HABIS / RE-ORDER,
LGN,"POMPA CHILLER EBARA 18,5 KW 3 PHASE 380V",December 2025,-,1.0,0.0,0.0,,,,,NIU,1.0,1.0,1.0,0.0,,,AMAN,
LGN,"POMPA  EBARA TYE 3D 65,200 18,5KW 3PHASE",December 2025,-,0.0,0.0,0.0,,,,,NIU,0.0,0.0,0.0,0.0,,,STOK HABIS / RE-ORDER,
LGN,"HIGH VOLTAGE GENERATOR KNH18N2A/230V 25kV-1,3mA 230V",December 2025,-,0.0,39765550.0,0.0,,,,,PCE,0.0,0.0,0.0,0.0,,,STOK HABIS / RE-ORDER,
LGN,"NI USB -6341 ,X SERIES DAQ (16AI, 24 DIO ,2 AO)",December 2025,-,0.0,2608.0,0.0,,,,,NIU,0.0,0.0,0.0,0.0,,,STOK HABIS / RE-ORDER,
LGN,SOFT STATER ATS48C11Q ,December 2025,-,0.0,1127.45,0.0,,,,,PCE,0.0,0.0,0.0,0.0,,,STOK HABIS / RE-ORDER,
LGN,ELECTRIC KABEL NYY 1X185 MM2 ,December 2025,-,130.0,0.0,0.0,,,,,METER,130.0,130.0,130.0,0.0,,,AMAN,
LGN,"MOTOR KIPAS PENDINGIN EURO CHILLER 3 PHASE 380V 2,5 KW UNTUK SML (REPAIR)",December 2025,-,5.0,0.0,0.0,,,,,PCE,5.0,5.0,5.0,0.0,,,AMAN,
LGN,"MOTOR FAN OUMAL 3 PHASE  RPM 1368 1494 W 2,94A(REPAIR)",December 2025,-,0.0,0.0,0.0,,,,,PCE,0.0,0.0,0.0,0.0,,,STOK HABIS / RE-ORDER,
LGN,"MOTOR INDUKSI 3 PHASE YE2-200L2-2 37KW/50 HP/380V/2965 RPM/68,3AMP",December 2025,-,0.0,0.0,0.0,,,,,NIU,0.0,0.0,0.0,0.0,,,STOK HABIS / RE-ORDER,
LGN,"MOTOR EREMA 1,5 KW 380V/400V 3 PHASE(REPAIR)",December 2025,-,0.0,0.0,0.0,,,,,PCE,0.0,0.0,0.0,0.0,,,STOK HABIS / RE-ORDER,
LGN,"MOTOR  POMPA GRUNFOS 1,56KW",December 2025,-,0.0,0.0,0.0,,,,,NIU,0.0,0.0,0.0,0.0,,,STOK HABIS / RE-ORDER,
LGN,MOTOR FAN EMBPAST 8 INCHI (REPAIR),December 2025,-,0.0,0.0,0.0,,,,,PCE,0.0,0.0,0.0,0.0,,,STOK HABIS / RE-ORDER,
LGN,MOTOR 3 PHASE 380V/37 KW RPM 2965 KOMP.ADEKOM,December 2025,-,0.0,0.0,0.0,,,,,PCE,0.0,0.0,0.0,0.0,,,STOK HABIS / RE-ORDER,
LGN,MOTOR 3 PHASE 380V 50 HP REPAIR POMPA CHILLER MC DS,December 2025,-,0.0,0.0,0.0,,,,,NIU,0.0,0.0,0.0,0.0,,,STOK HABIS / RE-ORDER,
LGN,"FAN BOOSTER 8 INCH C/W, GUARD GRILL",December 2025,-,0.0,0.0,0.0,,,,,PCE,0.0,0.0,0.0,0.0,,,STOK HABIS / RE-ORDER,
LGN,"MOTOR 3 PHASE 380V/0,55 KW REPAIR EREMA",December 2025,-,0.0,0.0,0.0,,,,,PCE,0.0,0.0,0.0,0.0,,,STOK HABIS / RE-ORDER,
LGN,"MOTOR MC POTONG CORE 0,75KW/1440RPM/2AMP/380V/50HZ(SERVISAN)",December 2025,-,0.0,0.0,0.0,,,,,PCE,0.0,0.0,0.0,0.0,,,STOK HABIS / RE-ORDER,
LGN,"EXSHOUST FAN 16"" 220V  PANASONIC",December 2025,-,0.0,0.0,0.0,,,,,UNIT,0.0,0.0,0.0,0.0,,,STOK HABIS / RE-ORDER,
LGN,DINAMO AMPER (REPAIR) FORKLIFT,December 2025,-,0.0,0.0,0.0,,,,,PCE,0.0,0.0,0.0,0.0,,,STOK HABIS / RE-ORDER,
LGN,"MOTOR 3 PHASE 380V/0,55 KW /1430RPM REPAIR",December 2025,-,0.0,0.0,0.0,,,,,PCE,0.0,0.0,0.0,0.0,,,STOK HABIS / RE-ORDER,
LGN,MAGNET DRIVE PUMP PM-052PE,December 2025,-,0.0,0.0,0.0,,,,,PCE,0.0,0.0,0.0,0.0,,,STOK HABIS / RE-ORDER,
LGN,"MOTOR FUN 0,75HP 3 PHASE (SERVISAN)",December 2025,-,0.0,0.0,0.0,,,,,PCE,0.0,0.0,0.0,0.0,,,STOK HABIS / RE-ORDER,
LGN,POMPA AIR OTOMATIS 135PS E SIMITZU,December 2025,-,0.0,0.0,0.0,,,,,PCE,0.0,0.0,0.0,0.0,,,STOK HABIS / RE-ORDER,
LGN,POMPA AIR OTOMATIS 125PS E SIMITZU,December 2025,-,0.0,0.0,0.0,,,,,PCE,0.0,0.0,0.0,0.0,,,STOK HABIS / RE-ORDER,
LGN,POMPA AIR  JET PUMP  PC-503 BIT SIMITZU,December 2025,-,0.0,0.0,0.0,,,,,PCE,0.0,0.0,0.0,0.0,,,STOK HABIS / RE-ORDER,
LGN,POMPA AIR PT-190 BIT SIMITZU,December 2025,-,0.0,0.0,0.0,,,,,PCE,0.0,0.0,0.0,0.0,,,STOK HABIS / RE-ORDER,
LGN,UPS UNINTERRUPTIBLE POWER SUPPLIES ICA,December 2025,-,0.0,0.0,0.0,,,,,NIU,0.0,0.0,0.0,0.0,,,STOK HABIS / RE-ORDER,
LGN,DRIVE  SCH 006B REPAIR MC CORE,December 2025,-,0.0,0.0,0.0,,,,,NIU,0.0,0.0,0.0,0.0,,,STOK HABIS / RE-ORDER,
LGN,LS ABS 1003B 1000A 3P,December 2025,-,1.0,0.0,0.0,,,,,NIU,1.0,1.0,1.0,0.0,,,AMAN,
LGN,DRIVE  PARKER 890 CD DL 560-705 DC( SERVISAN),December 2025,-,0.0,0.0,0.0,,,,,NIU,0.0,0.0,0.0,0.0,,,STOK HABIS / RE-ORDER,
LGN,DRIVE PARKER 890 CD-532590D0-000-1B000(SERVISAN),December 2025,-,0.0,0.0,0.0,,,,,NIU,0.0,0.0,0.0,0.0,,,STOK HABIS / RE-ORDER,
B8,DRIVE 890 CD-532590D0-000-1A000,December 2025,-,1.0,0.0,0.0,,,,,NIU,1.0,1.0,1.0,0.0,,,AMAN,
LGN,KEISBOW HIGH PRESSURE CLEANER 10100230( PEMBERSIH CHILLER),December 2025,-,0.0,0.0,0.0,,,,,NIU,0.0,0.0,0.0,0.0,,,STOK HABIS / RE-ORDER,
LGN,BREAKER LS ABN 403C 350 A,December 2025,-,0.0,0.0,0.0,,,,,PCE,0.0,0.0,0.0,0.0,,,STOK HABIS / RE-ORDER,
LGN,INVERTER VACON PAO/4052 055V 3 PHASE   380-500VAC(SERVISAN),December 2025,-,0.0,0.0,0.0,,,,,NIU,0.0,0.0,0.0,0.0,,,STOK HABIS / RE-ORDER,
LGN,RCV/4Y010 HV DITRIBUTION BOX CABLE LENGTH 1 METER,December 2025,-,1.0,0.0,0.0,,,,,PCE,1.0,1.0,1.0,0.0,,,AMAN,
LGN,R120/A1650Y100 CHARGING ELECTRODE SMALL VERSION,December 2025,-,0.0,0.0,0.0,,,,,PCE,0.0,0.0,0.0,0.0,,,STOK HABIS / RE-ORDER,
LGN,R120/A1155Y100 CHARGING ELECTRODE SMALL VERSION,December 2025,-,2.0,0.0,0.0,,,,,PCE,2.0,2.0,2.0,0.0,,,AMAN,
LGN,PCSC/XN3SCXAX000 POWER CHARGER,December 2025,-,0.0,0.0,0.0,,,,,PCE,0.0,0.0,0.0,0.0,,,STOK HABIS / RE-ORDER,
LGN,100294 EMISSION POINTS FOR  R23ATR,December 2025,-,0.0,0.0,0.0,,,,,PCE,0.0,0.0,0.0,0.0,,,STOK HABIS / RE-ORDER,
LGN,"INVERTER 0,25KW 8200 MOTEC XE82MV251-2B",December 2025,-,0.0,0.0,0.0,,,,,PCE,0.0,0.0,0.0,0.0,,,STOK HABIS / RE-ORDER,
LGN,"PCSC/XN3HOXAX000 POWER CHARGER STATIC CONTROL VOLTAGE MAX:30KV, 150W/100-240V",December 2025,-,0.0,0.0,0.0,,,,,PCE,0.0,0.0,0.0,0.0,,,STOK HABIS / RE-ORDER,
LGN,R23ATR/LAAAY030 POINT CHARGING ELECTRODE  VERSION CABLE:3M,December 2025,-,0.0,0.0,0.0,,,,,PCE,0.0,0.0,0.0,0.0,,,STOK HABIS / RE-ORDER,
LGN,R23ATR/LAAAY070 POINT CHARGING ELECTRODE  VERSION CABLE:7M,December 2025,-,0.0,0.0,0.0,,,,,PCE,0.0,0.0,0.0,0.0,,,STOK HABIS / RE-ORDER,
LGN,"DRIVE INVERTER LENZE 8200 VECTOR E82EV5S1K4C200 0,55KW",December 2025,-,0.0,0.0,0.0,,,,,PCE,0.0,0.0,0.0,0.0,,,STOK HABIS / RE-ORDER,
LGN,DRIVE LENZE TYPE EV9326-ES SML1 CHILL ROLL,December 2025,-,0.0,0.0,0.0,,,,,NIU,0.0,0.0,0.0,0.0,,,STOK HABIS / RE-ORDER,
LGN,SERVO DRIVE LENZE 20A D8P0AYNNCC0 SML1 REPAIR,December 2025,-,0.0,0.0,0.0,,,,,NIU,0.0,0.0,0.0,0.0,,,STOK HABIS / RE-ORDER,
LGN,CHEMICAL PUMP WILO PM-300 PE 220,December 2025,-,0.0,0.0,0.0,,,,,NIU,0.0,0.0,0.0,0.0,,,STOK HABIS / RE-ORDER,
LGN,"MOTOR 3 PHASE 380V/50 HZ/5,5 HP/2880 RPM SERVISAN",December 2025,-,0.0,0.0,0.0,,,,,NIU,0.0,0.0,0.0,0.0,,,STOK HABIS / RE-ORDER,
LGN,"MOTOR 3 PHASE 380V 0,5 HP REPAIR",December 2025,-,0.0,0.0,0.0,,,,,NIU,0.0,0.0,0.0,0.0,,,STOK HABIS / RE-ORDER,
LGN,"MOTOR 3 PHASE WEG LENZE 1,5 KW/2HP/2820 RPM REPAIR MC NGR1",December 2025,-,0.0,0.0,0.0,,,,,NIU,0.0,0.0,0.0,0.0,,,STOK HABIS / RE-ORDER,
LGN,MOTOR POMPA GROUNFOS BASIC 375W/230V/2800RPM/50HZ REPAIR,December 2025,-,0.0,0.0,0.0,,,,,NIU,0.0,0.0,0.0,0.0,,,STOK HABIS / RE-ORDER,
LGN,"MOTOR TOSIBHA HP/7,5KW/380V/14,9AMP/1760RPM/50HZ REPAIR",December 2025,-,0.0,0.0,0.0,,,,,NIU,0.0,0.0,0.0,0.0,,,STOK HABIS / RE-ORDER,
LGN,"MOTOR INDUKSI ABB 0,25 KW 2760 RPM/1,1 AMP/380V 50HZ BLOWN1 REPAIR",December 2025,-,0.0,0.0,0.0,,,,,NIU,0.0,0.0,0.0,0.0,,,STOK HABIS / RE-ORDER,
LGN,"MOTOR INDUKSI 3 PHASE 0,18HP/2800RPM/380V REPAIR",December 2025,-,0.0,0.0,0.0,,,,,NIU,0.0,0.0,0.0,0.0,,,STOK HABIS / RE-ORDER,
LGN,"MOTOR INDUKSI FAN CHILLER 1404W/1368RPM/380V/2,2AMP/50HZ REPAIR",December 2025,-,0.0,0.0,0.0,,,,,NIU,0.0,0.0,0.0,0.0,,,STOK HABIS / RE-ORDER,
LGN,"MOTOR POMPA BAHAN REPAIR 380V 3PHASE 10 HP/7,5KW REPAIR",December 2025,-,0.0,0.0,0.0,,,,,NIU,0.0,0.0,0.0,0.0,,,STOK HABIS / RE-ORDER,
LGN,MOTOR EREMA SIEMENS ILG6223-GAA69-Z 30KW/45HP 380V REPAIR,December 2025,-,0.0,0.0,0.0,,,,,NIU,0.0,0.0,0.0,0.0,,,STOK HABIS / RE-ORDER,
LGN,INVERTER LENZE EVS9323-ES REPAIR,December 2025,-,0.0,0.0,0.0,,,,,NIU,0.0,0.0,0.0,0.0,,,STOK HABIS / RE-ORDER,
LGN,MOTOR LENZE AUXILARY SML1 REPAIR,December 2025,-,0.0,0.0,0.0,,,,,NIU,0.0,0.0,0.0,0.0,,,STOK HABIS / RE-ORDER,
LGN,MOTOR FAN CHILLER WEST AIR REPAIR,December 2025,-,0.0,0.0,0.0,,,,,NIU,0.0,0.0,0.0,0.0,,,STOK HABIS / RE-ORDER,
LGN,MOTOR INDUKSI LENZE 90KW 125HP 3PHASE 380V,December 2025,-,0.0,0.0,0.0,,,,,NIU,0.0,0.0,0.0,0.0,,,STOK HABIS / RE-ORDER,
B8,INVERTER LENZE EVS9325-ES REPAIR ,December 2025,-,1.0,0.0,0.0,,,,,NIU,1.0,1.0,1.0,0.0,,,AMAN,
LGN,FAN CKE AXIAL BLOWER 220 V EF-RM-FZ-Y350-Z-XY(REPAIR),December 2025,-,3.0,0.0,0.0,,,,,NIU,3.0,3.0,3.0,0.0,,,AMAN,
LGN,"GERINDA TANGAN MATEC, MAKITA M0910B",December 2025,-,0.0,0.0,0.0,,,,,NIU,0.0,0.0,0.0,0.0,,,STOK HABIS / RE-ORDER,
LGN,HAND BOR MAKTEC,December 2025,-,0.0,0.0,0.0,,,,,NIU,0.0,0.0,0.0,0.0,,,STOK HABIS / RE-ORDER,
LGN,"SEALING FAN 56"" PANASONIC",December 2025,-,0.0,0.0,0.0,,,,,NIU,0.0,0.0,0.0,0.0,,,STOK HABIS / RE-ORDER,
B10,MOTOR BLOWER 1/4 HP/2860 RPM/380V/50HZ REPAIR (2D56K502W),December 2025,-,2.0,0.0,0.0,,,,,PCE,2.0,2.0,2.0,0.0,,,AMAN,
LGN,POMPA AIR JET-100A ESE,December 2025,-,0.0,0.0,0.0,,,,,NIU,0.0,0.0,0.0,0.0,,,STOK HABIS / RE-ORDER,
LGN,DRIVE PARKER AC 890 (DRIVE WINDER  REPAIR,December 2025,-,0.0,0.0,0.0,,,,,NIU,0.0,0.0,0.0,0.0,,,STOK HABIS / RE-ORDER,
LGN,DRIVE PARKER AC 890 (MAINCHILLROLL DRIVE REPAIR),December 2025,-,0.0,0.0,0.0,,,,,NIU,0.0,0.0,0.0,0.0,,,STOK HABIS / RE-ORDER,
LGN,"INVERTER ACOPUS 5,5KW (REPAIR)",December 2025,-,0.0,0.0,0.0,,,,,NIU,0.0,0.0,0.0,0.0,,,STOK HABIS / RE-ORDER,
LGN,3058717 ENCORDER TECK  BOX REPAIR ,December 2025,-,0.0,0.0,0.0,,,,,PCE,0.0,0.0,0.0,0.0,,,STOK HABIS / RE-ORDER,
LGN,"MOTOR BLOWER 0,55KW 530V 1,29A",December 2025,-,0.0,0.0,0.0,,,,,PCE,0.0,0.0,0.0,0.0,,,STOK HABIS / RE-ORDER,
LGN,"MOTOR 3PHASE 4600 7,5 KW 10 HP",December 2025,-,0.0,0.0,0.0,,,,,PCE,0.0,0.0,0.0,0.0,,,STOK HABIS / RE-ORDER,
LGN,"MOTOR LANCE 132M-04 7,5 KW REPAIR SML1",December 2025,-,0.0,0.0,0.0,,,,,PCE,0.0,0.0,0.0,0.0,,,STOK HABIS / RE-ORDER,
LGN,315*76*22MM 9230315008 PISAU GRINDER DC53 59-62 HRC,December 2025,-,0.0,1069500.0,0.0,,,,,PCE,0.0,0.0,0.0,0.0,,,STOK HABIS / RE-ORDER,
LGN,CHROMEPLATING SINGLE SCREW,December 2025,-,2.0,0.0,0.0,,,,,PCE,2.0,2.0,2.0,0.0,,,AMAN,
LGN,MCB  CIRCUIT BREAKER LS 800A,December 2025,-,0.0,0.0,0.0,,,,,UNIT,0.0,0.0,0.0,0.0,,,STOK HABIS / RE-ORDER,
LGN,DINAMO STATER  REPAIR FORKLIFT,December 2025,-,1.0,0.0,0.0,,,,,PCE,1.0,1.0,1.0,0.0,,,AMAN,
LGN,"INVERTER LENZE 8400  TOP LINE 7,5 KW 380V REPAIR",December 2025,-,0.0,0.0,0.0,,,,,NIU,0.0,0.0,0.0,0.0,,,STOK HABIS / RE-ORDER,
LGN,INVERTER LENZE TYPE: E84AZESM2234LD 3 PHASE  500VAC 42A REPAIR,December 2025,-,0.0,0.0,0.0,,,,,NIU,0.0,0.0,0.0,0.0,,,STOK HABIS / RE-ORDER,
LGN,INVERTER ZC 300A  MC BLOWN REPAIR,December 2025,-,1.0,0.0,0.0,,,,,NIU,1.0,1.0,1.0,0.0,,,AMAN,
LGN,BATRAI CHARGING 20 A ,December 2025,-,0.0,0.0,0.0,,,,,NIU,0.0,0.0,0.0,0.0,,,STOK HABIS / RE-ORDER,
LGN,LENZE INVERTER DRIVES 8400 StateLine C Type E84AVSCE7524VBO,December 2025,-,0.0,0.0,0.0,,,,,NIU,0.0,0.0,0.0,0.0,,,STOK HABIS / RE-ORDER,
LGN,SCHNEIDER DRIVES,December 2025,-,2.0,0.0,0.0,,,,,NIU,2.0,2.0,2.0,0.0,,,AMAN,
LGN,"63060048 CABLE LEITUNG 4G 1,5 OLFLEX CLASSIC 100 CY",December 2025,-,12.0,0.0,0.0,,,,,METER,12.0,12.0,12.0,0.0,,,AMAN,
LGN,"63155002 PLUG SERVOMOTOR STECKER SERVOM 6 POLING M 36,56,71,80,90",December 2025,-,2.0,0.0,0.0,,,,,PCE,2.0,2.0,2.0,0.0,,,AMAN,
LGN,6001 CABLE ASSEMBLY P3597 POS 10-30 60+C1-W52(X105),December 2025,-,1.0,0.0,0.0,,,,,PCE,1.0,1.0,1.0,0.0,,,AMAN,
LGN,"63042501 CABLE LEITUNG 2X0,5+3X2X0,14MM2 RESOLVER",December 2025,-,12.0,0.0,0.0,,,,,METER,12.0,12.0,12.0,0.0,,,AMAN,
LGN,63155015 PLUG SERVOMOTOR ENCODER STECKER SERVOMOTOR RES ABS ENC,December 2025,-,2.0,0.0,0.0,,,,,PCE,2.0,2.0,2.0,0.0,,,AMAN,
LGN,63155016 PLUG INSERT STECKEREINSATZ 12 POLIG ASSEMBLED WITH POS.50,December 2025,-,2.0,0.0,0.0,,,,,PCE,2.0,2.0,2.0,0.0,,,AMAN,
LGN,6001 CABLE ASSEMBLY P3597 POS 50-80 60+C1-W53(X7),December 2025,-,1.0,0.0,0.0,,,,,PCE,1.0,1.0,1.0,0.0,,,AMAN,
LGN,INVERTER LENZE 8400 TYPE E84VSCE7524VBO (SERVISAN),December 2025,-,0.0,0.0,0.0,,,,,NIU,0.0,0.0,0.0,0.0,,,STOK HABIS / RE-ORDER,
LGN,"SERVO MOTOR TYP 815A55 E1030D300-1 5,5 KW REPAIR SML1",December 2025,-,1.0,0.0,0.0,,,,,NIU,1.0,1.0,1.0,0.0,,,AMAN,
LGN,DINAMO STATER GENSET,December 2025,-,0.0,0.0,0.0,,,,,NIU,0.0,0.0,0.0,0.0,,,STOK HABIS / RE-ORDER,
LGN,AIR FAN MOTOR CHILLER OUMAL FRE,December 2025,-,0.0,0.0,0.0,,,,,PCE,0.0,0.0,0.0,0.0,,,STOK HABIS / RE-ORDER,
LGN,CIRCUIT BREAKER  SCHNEIDER LV563306 ,December 2025,-,0.0,0.0,0.0,,,,,PCE,0.0,0.0,0.0,0.0,,,STOK HABIS / RE-ORDER,
LGN,BREAKER 400A ABN 403 C,December 2025,-,0.0,0.0,0.0,,,,,PCE,0.0,0.0,0.0,0.0,,,STOK HABIS / RE-ORDER,
LGN,MOTOR INDUKSI EMERSON 3PHASE 380V 50HP MC DS,December 2025,-,0.0,0.0,0.0,,,,,NIU,0.0,0.0,0.0,0.0,,,STOK HABIS / RE-ORDER,
LGN,DRIVE ALLEN BRADLEY POWER FLEX 1JBB7CV9 BC,December 2025,-,1.0,0.0,0.0,,,,,NIU,1.0,1.0,1.0,0.0,,,AMAN,
A4,MODUL EMERGENCY STOP RELAY PILZ PN02 2VCP,December 2025,-,0.0,0.0,0.0,,,,,PCE,0.0,0.0,0.0,0.0,,,STOK HABIS / RE-ORDER,
LGN,TRAVO LAS LAKONI,December 2025,-,0.0,0.0,0.0,,,,,NIU,0.0,0.0,0.0,0.0,,,STOK HABIS / RE-ORDER,
LGN,HIDROLIK PUMP 2210804 FORKLIFT,December 2025,-,0.0,0.0,0.0,,,,,PCE,0.0,0.0,0.0,0.0,,,STOK HABIS / RE-ORDER,
LGN,KNIFE SET GRANULATOR Messersatz Muhle Tria 60-42/XT/5,December 2025,-,0.0,0.0,0.0,,,,,SET       ,0.0,0.0,0.0,0.0,,,STOK HABIS / RE-ORDER,
LGN,KNIFE ASESORIS DS/BC,December 2025,-,0.0,0.0,0.0,,,,,SET,0.0,0.0,0.0,0.0,,,STOK HABIS / RE-ORDER,
LGN,Seat Cutter NGR CRUSHER,December 2025,-,0.0,0.0,0.0,,,,,PCE       ,0.0,0.0,0.0,0.0,,,STOK HABIS / RE-ORDER,
LGN,65008819 LEVER SML2-5 (Support Contact Roll),December 2025,-,1.0,0.0,0.0,,,,65008819,PCE       ,1.0,1.0,1.0,0.0,,,AMAN,
LGN,65022526 Axle SMl 2-5  (Support Contact Roll)EXT,December 2025,-,1.0,0.0,0.0,,,,65022526,PCE       ,1.0,1.0,1.0,0.0,,,AMAN,
LGN,DAVIS -STANDARD model SVF 145HTR5376-000093 BA,December 2025,-,1.0,0.0,0.0,,,,,PCE       ,1.0,1.0,1.0,0.0,,,AMAN,
LGN,"PARKER 890 CS/CD(common Bus) Drives frames B,C & E whit STO Sil3/Ple",December 2025,-,0.0,0.0,0.0,,,,,PCE,0.0,0.0,0.0,0.0,,,STOK HABIS / RE-ORDER,
LGN,CUTTER CCOMPACTOR NGR,December 2025,-,1.0,0.0,0.0,,,,,SET,1.0,1.0,1.0,0.0,,,AMAN,
LGN,PISAU GRINDER MATERIAL SKD II UK 76X315XT.22MM FINISHING HARDENER,December 2025,-,0.0,0.0,0.0,,,,,PCE,0.0,0.0,0.0,0.0,,,STOK HABIS / RE-ORDER,
LGN,AS ROLLER p :179cm,December 2025,-,1.0,0.0,0.0,,,,,PCE       ,1.0,1.0,1.0,0.0,,,AMAN,
LGN,SERVO MOTOR,December 2025,-,2.0,0.0,0.0,,,,,PCE,2.0,2.0,2.0,0.0,,,AMAN,
LGN,"MOTOR HAUGER 2,2 kw EXT",December 2025,-,0.0,0.0,0.0,,,,,PCE       ,0.0,0.0,0.0,0.0,REKONDISI,,STOK HABIS / RE-ORDER,
LGN,RADIATOR ASSY( FORKLIF) REPAIR,December 2025,-,1.0,0.0,0.0,,,,,NIU,1.0,1.0,1.0,0.0,,,AMAN,
LGN,RADIATOR FORKLIFT NEW,December 2025,-,0.0,0.0,0.0,,,,,NIU,0.0,0.0,0.0,0.0,,,STOK HABIS / RE-ORDER,
LGN,VACUM CLINER KRISBOW,December 2025,-,0.0,0.0,0.0,,,,,NIU,0.0,0.0,0.0,0.0,,,STOK HABIS / RE-ORDER,
LGN,TABUNG SPRAYER SL-15,December 2025,-,0.0,0.0,0.0,,,,,NIU,0.0,0.0,0.0,0.0,,,STOK HABIS / RE-ORDER,
LGN,BOSCH GSR 120-LI (bor elektric),December 2025,-,0.0,0.0,0.0,,,,,NIU,0.0,0.0,0.0,0.0,,,STOK HABIS / RE-ORDER,
LGN,CONTACK ROLL SML 2-5 ULTIMA NBR 95 MERAH(RECOVER)NEW D=163X1650 P.AS1885,December 2025,-,0.0,10380500.0,0.0,,,,,PCE,0.0,0.0,0.0,0.0,,,STOK HABIS / RE-ORDER,
LGN,CONTACK ROLL SML 2-5 ULTIMA NBR 95 MERAH (SERVISAN)D=163X1650 P.AS 1884,December 2025,-,0.0,0.0,0.0,,,,,PCE,0.0,0.0,0.0,0.0,,,STOK HABIS / RE-ORDER,
LGN,PUMP ASSY POMPA OLI TRANMISI METIC,December 2025,-,0.0,0.0,0.0,,,,,PCE,0.0,0.0,0.0,0.0,,,STOK HABIS / RE-ORDER,
LGN,POMPA GEMUK GREASE PRESSOL,December 2025,-,0.0,0.0,0.0,,,,,PCE,0.0,0.0,0.0,0.0,,,STOK HABIS / RE-ORDER,
LGN,POMPA SOLAR BOSCH 2447 222125,December 2025,-,0.0,0.0,0.0,,,,,PCE,0.0,0.0,0.0,0.0,,,STOK HABIS / RE-ORDER,
LGN,DECELERATION CYLINDER WM-ZG3-275-K4G4-A-102,December 2025,-,0.0,15249000.0,0.0,,,,,PCE,0.0,0.0,0.0,0.0,,,STOK HABIS / RE-ORDER,
LGN,MOTOR 3 PHASE  300V-100W SERVISAN,December 2025,-,0.0,0.0,0.0,,,,,PCE,0.0,0.0,0.0,0.0,,,STOK HABIS / RE-ORDER,
B1,NOZZLE,December 2025,-,2.0,142290.0,284580.0,,,,,PCE,2.0,2.0,2.0,0.0,,,AMAN,
LGN,HEAD ROD M16,December 2025,-,0.0,0.0,0.0,,,,,PCE,0.0,0.0,0.0,0.0,,,STOK HABIS / RE-ORDER,
LGN,AIR CYLINDER C96SB50-300C,December 2025,-,0.0,0.0,0.0,,,,,PCE,0.0,0.0,0.0,0.0,,,STOK HABIS / RE-ORDER,
LGN,SINGLE KNUCKLE JOINT KJ16D,December 2025,-,0.0,0.0,0.0,,,,,PCE,0.0,0.0,0.0,0.0,,,STOK HABIS / RE-ORDER,
LGN,SMC MATERING VALVE ASN2-02,December 2025,-,0.0,0.0,0.0,,,,,PCE,0.0,0.0,0.0,0.0,,,STOK HABIS / RE-ORDER,
LGN,SMC FITTING KFL06-01S,December 2025,-,0.0,0.0,0.0,,,,,PCE,0.0,0.0,0.0,0.0,,,STOK HABIS / RE-ORDER,
LGN,SMC TUBING TU0604B-10,December 2025,-,0.0,0.0,0.0,,,,,METER,0.0,0.0,0.0,0.0,,,STOK HABIS / RE-ORDER,
LGN,COMPONENT SMC DIRECT CONTROL VHS20-02-D,December 2025,-,0.0,0.0,0.0,,,,,PCE,0.0,0.0,0.0,0.0,,,STOK HABIS / RE-ORDER,
LGN,SMC SILENCER AN10-01,December 2025,-,0.0,0.0,0.0,,,,,PCE,0.0,0.0,0.0,0.0,,,STOK HABIS / RE-ORDER,
LGN,SMC PRECISION REGULATOR IR2010-02BG-A,December 2025,-,0.0,0.0,0.0,,,,,PCE,0.0,0.0,0.0,0.0,,,STOK HABIS / RE-ORDER,
LGN,MIST SEPARATOR AFM20-02-2-A,December 2025,-,0.0,0.0,0.0,,,,,PCE,0.0,0.0,0.0,0.0,,,STOK HABIS / RE-ORDER,
LGN,SMC FITTING KFH06,December 2025,-,0.0,0.0,0.0,,,,,PCE,0.0,0.0,0.0,0.0,,,STOK HABIS / RE-ORDER,
LGN,SMC KIT O-RING CS95-50,December 2025,-,4.0,0.0,0.0,,,,,PCE,4.0,4.0,4.0,0.0,,,AMAN,
LGN,AIR CYLINDER C96SB32-300C,December 2025,-,0.0,0.0,0.0,,,,,PCE,4.0,0.0,0.0,-4.0,,,STOK HABIS / RE-ORDER,
LGN,SMC FITTING KFL06-02S,December 2025,-,0.0,0.0,0.0,,,,,PCE,4.0,0.0,0.0,-4.0,,,STOK HABIS / RE-ORDER,
LGN,TORQUE MULTIPLIER 602000 TOOLS,December 2025,-,0.0,0.0,0.0,,,,,SET,0.0,0.0,0.0,0.0,,,STOK HABIS / RE-ORDER,
LGN,TALI KOPLING TOYOTA FD30,December 2025,-,0.0,0.0,0.0,,,,,PCE,0.0,0.0,0.0,0.0,,,STOK HABIS / RE-ORDER,
LGN,"AS UNTUK REWINDER D=37,5X114",December 2025,-,4.0,0.0,0.0,,,,,PCE,4.0,4.0,4.0,0.0,,,AMAN,
LGN,AS UNTUK REWINDER D=30X114,December 2025,-,0.0,0.0,0.0,,,,,PCE,0.0,0.0,0.0,0.0,,,STOK HABIS / RE-ORDER,
LGN,"AS D=1""X P 114MM  ",December 2025,-,0.0,0.0,0.0,,,,,PCE,0.0,0.0,0.0,0.0,,,STOK HABIS / RE-ORDER,
LGN,MOTOR AC VACUM TOOLS,December 2025,-,1.0,0.0,0.0,,,,,NIU,1.0,1.0,1.0,0.0,,,AMAN,
LGN,DECELERATION CYLINDER WM-ZG5-275-K4G4-A-137,December 2025,-,0.0,15317000.0,0.0,absorber sudah terpasang di sml 2-5 kita tidak lagi spare harus segera di bayarkan agar tidak terjadi down time lama di sml 2-5,,,,PCE,0.0,0.0,0.0,0.0,,,URGENT/HARUS SEGERA ORDER,
LGN,SPREEDER ROLL NIP ROLL RECOVER D:180X2100,December 2025,-,1.0,0.0,0.0,,,,,PCE,1.0,1.0,1.0,0.0,,,AMAN,
LGN,R.AUXULARY CONTACK ROLL D=121X1650,December 2025,-,0.0,0.0,0.0,,,,,PCE,0.0,0.0,0.0,0.0,,,STOK HABIS / RE-ORDER,
LGN,R.AUXULARY CONTACK ROLL D=121X1650 REPAIR MGP,December 2025,-,1.0,0.0,0.0,,,,,PCE,0.0,1.0,1.0,1.0,,,AMAN,
LGN,BALL SPILE THK-3LBS50A+1425L,December 2025,-,0.0,0.0,0.0,,,,,PCE,0.0,0.0,0.0,0.0,,,STOK HABIS / RE-ORDER,
LGN,CONTACK ROLL AUXILARY REPAIR D121X1655 P.AS 1745,December 2025,-,0.0,0.0,0.0,,,,,PCE,0.0,0.0,0.0,0.0,,,STOK HABIS / RE-ORDER,
LGN,"ARM PLATE UK 20X47X175MM+AS CHUCK D=30X0,5MM",December 2025,-,0.0,0.0,0.0,,,,,SET,0.0,0.0,0.0,0.0,,,STOK HABIS / RE-ORDER,
LGN,AIR GREASE GUN,December 2025,-,0.0,0.0,0.0,,,,,PCE,0.0,0.0,0.0,0.0,,,STOK HABIS / RE-ORDER,
LGN,PISAU GRINDER (REPAIR) UNTUK SML,December 2025,-,19.0,0.0,0.0,,,,,PCE,0.0,19.0,19.0,19.0,,,AMAN,
LGN,PISAU CRUSHER REPAIR NGR,December 2025,-,72.0,0.0,0.0,,,,,PCE,69.0,72.0,72.0,3.0,,,AMAN,
LGN,CUTTER STATOR REPAIR NGR,December 2025,-,9.0,0.0,0.0,,,,,PCE,6.0,9.0,9.0,3.0,,,AMAN,
LGN,TAKEL CHAND BLOCK 3 TON 5 METER,December 2025,-,0.0,0.0,0.0,,,,,NIU,0.0,0.0,0.0,0.0,,,STOK HABIS / RE-ORDER,
LGN,"CHUCK D=30MM, UK OD 39X36MM",December 2025,-,0.0,0.0,0.0,,,,,PCE,0.0,0.0,0.0,0.0,,,STOK HABIS / RE-ORDER,
LGN,"CHUCK 1"" UK OD35X36MM",December 2025,-,0.0,0.0,0.0,,,,,PCE,0.0,0.0,0.0,0.0,,,STOK HABIS / RE-ORDER,
LGN,"CHUCK 1,5"" UK OD 45X37MM",December 2025,-,0.0,0.0,0.0,,,,,PCE,0.0,0.0,0.0,0.0,,,STOK HABIS / RE-ORDER,
LGN,SCREW AUGER SML REPAIR,December 2025,-,0.0,0.0,0.0,,,,,NIU,0.0,0.0,0.0,0.0,,,STOK HABIS / RE-ORDER,
LGN,FAN 24VDC NIDEC BTAV TYPE YA450DC MC DS,December 2025,-,18.0,0.0,0.0,,,,,PCE,18.0,18.0,18.0,0.0,,,AMAN,
LGN,SCREW AUGER SML REPAIR,December 2025,-,0.0,0.0,0.0,,,,,NIU,0.0,0.0,0.0,0.0,,,STOK HABIS / RE-ORDER,
LGN,SCREW  FEEDER D=90MM SML,December 2025,-,0.0,0.0,0.0,,,,,PCE,0.0,0.0,0.0,0.0,,,STOK HABIS / RE-ORDER,
LGN,SCREW SCRAPTUDER MATERIAL STAINLESS STEEL,December 2025,-,0.0,0.0,0.0,,,,,NIU,0.0,0.0,0.0,0.0,,,STOK HABIS / RE-ORDER,
LGN,GEAR BOX MIXER,December 2025,-,0.0,0.0,0.0,,,,,PCE,0.0,0.0,0.0,0.0,,,STOK HABIS / RE-ORDER,
LGN,MOTOR GULUNG ULANG FAN COOLING,December 2025,-,0.0,0.0,0.0,,,,,PCE,0.0,0.0,0.0,0.0,,,STOK HABIS / RE-ORDER,
LGN,EBONIT 31X118 CM MC NAUTILUS,December 2025,-,0.0,0.0,0.0,,,,,PCE,0.0,0.0,0.0,0.0,,,STOK HABIS / RE-ORDER,
LGN,"NOVATEX 4,5MMX20CMX110CM",December 2025,-,0.0,0.0,0.0,,,,,PCE,0.0,0.0,0.0,0.0,,,STOK HABIS / RE-ORDER,
LGN,EBONIT KECIL HIJAU 110X2CM,December 2025,-,0.0,0.0,0.0,,,,,PCE,0.0,0.0,0.0,0.0,,,STOK HABIS / RE-ORDER,
LGN,EBONIT KECIL COKLAT 110X2 CM,December 2025,-,0.0,0.0,0.0,,,,,PCE,0.0,0.0,0.0,0.0,,,STOK HABIS / RE-ORDER,
LGN,EBONIT P=155CM X L=8CMXT=5MM,December 2025,-,0.0,0.0,0.0,,,,,PCE,0.0,0.0,0.0,0.0,,,STOK HABIS / RE-ORDER,
LGN,EBONIT P=155CM X L=28MMXT=MM,December 2025,-,0.0,0.0,0.0,,,,,PCE,0.0,0.0,0.0,0.0,,,STOK HABIS / RE-ORDER,
D1,EBONIT 4MMX28MMX1100MM MC NAUTILUS BAWAH,December 2025,-,3.0,0.0,0.0,,,,,PCE,3.0,3.0,3.0,0.0,,,AMAN,
D1,EBONIT 4MMX28MMX109CM MC NAUTILUS BAWAH,December 2025,-,3.0,0.0,0.0,,,,,PCE,4.0,3.0,3.0,-1.0,,,AMAN,
LGN,LAMPU SOROT LED 20 W+RUMAH,December 2025,-,0.0,0.0,0.0,,,,,SET,0.0,0.0,0.0,0.0,,,STOK HABIS / RE-ORDER,
LGN,BAUT NILON 6X30MM + MUR,December 2025,-,0.0,0.0,0.0,,,,,SET,0.0,0.0,0.0,0.0,,,STOK HABIS / RE-ORDER,
LGN,KABEL 4X4MM2,December 2025,-,0.0,0.0,0.0,,,,,METER,0.0,0.0,0.0,0.0,,,STOK HABIS / RE-ORDER,
LGN,"SELANG AIR 1/ 1/2"" J30R6 2,4 METER ( MC BUBUT)",December 2025,-,0.0,0.0,0.0,,,,,PCE,0.0,0.0,0.0,0.0,,,STOK HABIS / RE-ORDER,
LGN,"SELANG AIR 3/4"" ALFAGOMA",December 2025,-,10.0,0.0,0.0,,,,,METER,10.0,10.0,10.0,0.0,,,AMAN,
LGN,EBONIT 1000MMX1000MM,December 2025,-,0.0,0.0,0.0,,,,,LEMBAR,0.0,0.0,0.0,0.0,,,STOK HABIS / RE-ORDER,
LGN,EBONIT 2000X120X15MM,December 2025,-,0.0,0.0,0.0,,,,,LEMBAR,0.0,0.0,0.0,0.0,,,STOK HABIS / RE-ORDER,
LGN,"KABEL ETERNA 2X1,5MM2 NYM",December 2025,-,0.0,0.0,0.0,,,,,METER,0.0,0.0,0.0,0.0,,,STOK HABIS / RE-ORDER,
LGN,"KABEL ETERNA 2X2,5MM2NYM",December 2025,-,0.0,0.0,0.0,,,,,METER,0.0,0.0,0.0,0.0,,,STOK HABIS / RE-ORDER,
LGN,"KABEL ETERNA 3X2,5MM2 NYM",December 2025,-,0.0,0.0,0.0,,,,,METER,0.0,0.0,0.0,0.0,,,STOK HABIS / RE-ORDER,
LGN,KARET SPINDEL SML1,December 2025,-,127.0,0.0,0.0,,,,,PCE,183.0,127.0,127.0,-56.0,,,AMAN,
LGN,"PUMP COMPLE 1X200-240V 5,2 A GRUNFOS",December 2025,-,0.0,0.0,0.0,,,,,PCE,0.0,0.0,0.0,0.0,,,STOK HABIS / RE-ORDER,
LGN,"PUMP AIR GRUNDFOS TYPE NF 30-36 5,5 HP",December 2025,-,0.0,0.0,0.0,,,,,NIU,0.0,0.0,0.0,0.0,,,STOK HABIS / RE-ORDER,
LGN,AS REWINDER  D=38X120 CM,December 2025,-,0.0,0.0,0.0,,,,,PCE,0.0,0.0,0.0,0.0,,,STOK HABIS / RE-ORDER,
LGN,"KABEL TELPON 4X0,6",December 2025,-,0.0,0.0,0.0,,,,,METER,0.0,0.0,0.0,0.0,,,STOK HABIS / RE-ORDER,
LGN,"KABEL TELPON U-ES 1X2X0,6MM HITAM",December 2025,-,0.0,0.0,0.0,,,,,METER,0.0,0.0,0.0,0.0,,,STOK HABIS / RE-ORDER,
LGN,"KABEL NYYHY 3X2,5MM",December 2025,-,0.0,0.0,0.0,,,,,METER,0.0,0.0,0.0,0.0,,,STOK HABIS / RE-ORDER,
LGN,AS D=20X171CM UNTUK SATELIT ROLL SML2-5(REPAIR),December 2025,-,0.0,0.0,0.0,,,,,PCE,0.0,0.0,0.0,0.0,,,STOK HABIS / RE-ORDER,
LGN,AS BESI D=20X170CM (C45),December 2025,-,2.0,0.0,0.0,,,,,PCE,4.0,2.0,2.0,-2.0,,,AMAN,
LGN,AS SATELITE MATERIAL S45C D=20X1700MM ,December 2025,-,0.0,0.0,0.0,,,,,PCE,0.0,0.0,0.0,0.0,,,STOK HABIS / RE-ORDER,
LGN,SATELIT ROLL DIA. 119X1650MM FLANGE RUMAH BEARING 2 SISI+GOT ULIR,December 2025,-,0.0,0.0,0.0,,,,,PCE,0.0,0.0,0.0,0.0,,,STOK HABIS / RE-ORDER,
LGN,AS SATELIT ROLL NEW SML,December 2025,-,0.0,0.0,0.0,,,,,PCE,0.0,0.0,0.0,0.0,,,STOK HABIS / RE-ORDER,
LGN,SATELIT ROLL REPAIR,December 2025,-,0.0,0.0,0.0,,,,,PCE,0.0,0.0,0.0,0.0,,,STOK HABIS / RE-ORDER,
LGN,PLAT TEMBAGA 10X30X2000MM,December 2025,-,0.0,0.0,0.0,,,,,PCE,0.0,0.0,0.0,0.0,,,STOK HABIS / RE-ORDER,
LGN,BUSHING BRONZE,December 2025,-,0.0,0.0,0.0,,,,,PCE,0.0,0.0,0.0,0.0,,,STOK HABIS / RE-ORDER,
LGN,R.PRESS.M COUNTACK ROLL COKLAT D=120X1650 ID:114 P.AS 1740,December 2025,-,0.0,0.0,0.0,,,,,NIU,0.0,0.0,0.0,0.0,,,STOK HABIS / RE-ORDER,
LGN,"COUNTACK ROLL D=162,5X1150 P.AS 1380 SML1",December 2025,-,0.0,0.0,0.0,,,,,NIU,0.0,0.0,0.0,0.0,,,STOK HABIS / RE-ORDER,
LGN,AS SCREW MIXER SERVISAN,December 2025,-,0.0,0.0,0.0,,,,,NIU,0.0,0.0,0.0,0.0,,,STOK HABIS / RE-ORDER,
LGN,CETAKAN MESH MESIN FOUNS,December 2025,-,0.0,0.0,0.0,,,,,SET,0.0,0.0,0.0,0.0,,,STOK HABIS / RE-ORDER,
LGN,MANIFOL GAUGE VALUE,December 2025,-,0.0,0.0,0.0,,,,,NIU,0.0,0.0,0.0,0.0,,,STOK HABIS / RE-ORDER,
LGN,"HOSE OSD 5""X340CM",December 2025,-,0.0,5500000.0,0.0,,,,,PCE,0.0,0.0,0.0,0.0,,,STOK HABIS / RE-ORDER,
LGN,"SELANG HOSE OSD 5""X340CM SERVISAN",December 2025,-,1.0,0.0,0.0,,,,,PCE,1.0,1.0,1.0,0.0,,,AMAN,
LGN,"HOSE OSD 5""X340CM + FLANGE",December 2025,-,0.0,6500000.0,0.0,,,,,PCE,0.0,0.0,0.0,0.0,,,STOK HABIS / RE-ORDER,
LGN,ASS DRAT M16 PUTIH,December 2025,-,0.0,0.0,0.0,,,,,BATANG,0.0,0.0,0.0,0.0,,,STOK HABIS / RE-ORDER,
LGN,MUR M 16 KASAR,December 2025,-,0.0,0.0,0.0,,,,,PCE,0.0,0.0,0.0,0.0,,,STOK HABIS / RE-ORDER,
LGN,ROTOR REPAIR MC MESIN POTONG CORE,December 2025,-,0.0,0.0,0.0,,,,,PCE,0.0,0.0,0.0,0.0,,,STOK HABIS / RE-ORDER,
LGN,HYDRAULIC CYLINDER PARKER 250D2HHNAT1S34A42.000,December 2025,-,1.0,20901500.0,20901500.0,,,,,PCE,1.0,1.0,1.0,0.0,,,AMAN,
LGN,AKI 80D26L-NX110-5L 12V70ah YUASA,December 2025,-,0.0,0.0,0.0,,,,,NIU,0.0,0.0,0.0,0.0,,,STOK HABIS / RE-ORDER,
LGN,AKI 36B20L-NS40ZL 12V ah YUASA,December 2025,-,0.0,0.0,0.0,,,,,NIU,0.0,0.0,0.0,0.0,,,STOK HABIS / RE-ORDER,
LGN,VRTS FANS VARISPEED CODE VRTS 20 BADPL55 13 KVA 20(3A) 400V 50/60HZ,December 2025,-,0.0,0.0,0.0,sudah terpasang di euro sml 2-5 kita sudah tidak ada spare perlu beli baru di karenakan harga service lebih mahal dari beli baru.,,,,NIU,0.0,0.0,0.0,0.0,,,URGENT/HARUS SEGERA ORDER,
LGN,AS GEARBOX DIA 25X120MM,December 2025,-,0.0,0.0,0.0,,,,,SET,0.0,0.0,0.0,0.0,,,STOK HABIS / RE-ORDER,
LGN,SCREW S/S DRAT+SAMBUNG GANTI AS,December 2025,-,0.0,0.0,0.0,,,,,PCE,0.0,0.0,0.0,0.0,,,STOK HABIS / RE-ORDER,
LGN,"TUTUP AS UK 3"" DIA 80X67XT.17MM+BORTAP 2 TITIK",December 2025,-,0.0,0.0,0.0,,,,,PCE,0.0,0.0,0.0,0.0,,,STOK HABIS / RE-ORDER,
LGN,CHUCK KONES MTR ALM DIA 82X52MM+BUSING69X77MM+BEARING,December 2025,-,0.0,0.0,0.0,,,,,SET,0.0,0.0,0.0,0.0,,,STOK HABIS / RE-ORDER,
LGN,PLATE BESI UK 170X170XT.12MM,December 2025,-,0.0,0.0,0.0,,,,,PCE,0.0,0.0,0.0,0.0,,,STOK HABIS / RE-ORDER,
LGN,PLATE  PENEKAN DIA 132MM UK 156X250XT.6MM,December 2025,-,0.0,0.0,0.0,,,,,PCE,0.0,0.0,0.0,0.0,,,STOK HABIS / RE-ORDER,
LGN,PLATE PENEKAN DIA 152MM UK 250X250XT.6MM,December 2025,-,0.0,0.0,0.0,,,,,PCE,0.0,0.0,0.0,0.0,,,STOK HABIS / RE-ORDER,
LGN,PLATE PENEKAN DIA 118MM UK 156X250XT.6MM,December 2025,-,0.0,0.0,0.0,,,,,PCE,0.0,0.0,0.0,0.0,,,STOK HABIS / RE-ORDER,
LGN,PLATE PENEKAN DIA 166MM UK 250X250XT.6MM,December 2025,-,0.0,0.0,0.0,,,,,PCE,0.0,0.0,0.0,0.0,,,STOK HABIS / RE-ORDER,
LGN,PLATE PENEKAN DIA 98MM UK 156X250XT.6MM,December 2025,-,0.0,0.0,0.0,,,,,PCE,0.0,0.0,0.0,0.0,,,STOK HABIS / RE-ORDER,
LGN,UPPER PLATE DIA 97MM UK 150X150XT.20MM,December 2025,-,0.0,0.0,0.0,,,,,PCE,0.0,0.0,0.0,0.0,,,STOK HABIS / RE-ORDER,
LGN,UPPER PLATE  DIA 170MM UK 170X170XT.6MM,December 2025,-,0.0,0.0,0.0,,,,,PCE,0.0,0.0,0.0,0.0,,,STOK HABIS / RE-ORDER,
LGN,BASE PLAT DIA 135MM UK 272X330XT.20MM,December 2025,-,0.0,0.0,0.0,,,,,PCE,0.0,0.0,0.0,0.0,,,STOK HABIS / RE-ORDER,
LGN,BASE PLAT DIA 115MM UK 272X330XT.20MM,December 2025,-,0.0,0.0,0.0,,,,,PCE,0.0,0.0,0.0,0.0,,,STOK HABIS / RE-ORDER,
LGN,BASE PLAT DIA 95MM UK 272X330XT.20MM,December 2025,-,0.0,0.0,0.0,,,,,PCE,0.0,0.0,0.0,0.0,,,STOK HABIS / RE-ORDER,
LGN,BASE PLAT DIA 170MM UK 272X330XT.20MM,December 2025,-,0.0,0.0,0.0,,,,,PCE,0.0,0.0,0.0,0.0,,,STOK HABIS / RE-ORDER,
LGN,BASE PLAT DIA 150MM UK 272X330XT.20MM,December 2025,-,0.0,0.0,0.0,,,,,PCE,0.0,0.0,0.0,0.0,,,STOK HABIS / RE-ORDER,
LGN,AS GEARBOX BLOWN 1 REPAIR,December 2025,-,0.0,0.0,0.0,,,,,PCE,0.0,0.0,0.0,0.0,,,STOK HABIS / RE-ORDER,
LGN,AIR CYLINDER SMC HCDA 1E250-1500,December 2025,-,0.0,0.0,0.0,,,,,PCE,0.0,0.0,0.0,0.0,,,STOK HABIS / RE-ORDER,
LGN,AIR CYLINDER SMC HCDA 1T250-1100-X46 U5-0937,December 2025,-,0.0,0.0,0.0,,,,,PCE,0.0,0.0,0.0,0.0,,,STOK HABIS / RE-ORDER,
LGN,ROTOR MOTOR AUGER REPAIR (MC DS),December 2025,-,0.0,0.0,0.0,,,,,PCE,0.0,0.0,0.0,0.0,,,STOK HABIS / RE-ORDER,
LGN,66016902 SYNCHRONMOTOR,December 2025,-,0.0,0.0,0.0,,,,,PCE,0.0,0.0,0.0,0.0,,,STOK HABIS / RE-ORDER,
LGN,SYNCRO MOTOR REPAIR,December 2025,-,1.0,0.0,0.0,,,,,PCE,1.0,1.0,1.0,0.0,,,AMAN,
LGN,SOCK AS ROTOR DINAMO REPAIR,December 2025,-,0.0,0.0,0.0,,,,,PCE,0.0,0.0,0.0,0.0,,,STOK HABIS / RE-ORDER,
LGN,FALK GEAR COUPLING  COMPLETE TYPE 1025 G 20,December 2025,-,1.0,0.0,0.0,,,,,SET,1.0,1.0,1.0,0.0,,,AMAN,
LGN,WORM GEAR D=150XT.32MM Z40  MATERIAL AB2,December 2025,-,0.0,0.0,0.0,,,,,PCE,0.0,0.0,0.0,0.0,,,STOK HABIS / RE-ORDER,
LGN,"PIPA S/S 304 UK 2 1/2""X1200MM BUBUT D=72,8X70XDRAT P.40MM",December 2025,-,1.0,0.0,0.0,,,,,PCE,1.0,1.0,1.0,0.0,,,AMAN,
LGN,BUSHING BRONZE HOLOW,December 2025,-,1.0,0.0,0.0,,,,,PCE,1.0,1.0,1.0,0.0,,,AMAN,
LGN,"PIPA S/S 1/4""X150 CM",December 2025,-,1.0,0.0,0.0,,,,,BATANG,1.0,1.0,1.0,0.0,,,AMAN,
LGN,AS PLETIZER LAS BUBUT  D=40x418MM REPAIR,December 2025,-,0.0,0.0,0.0,,,,,PCE,0.0,0.0,0.0,0.0,,,STOK HABIS / RE-ORDER,
LGN,HOUSING PELETAIZER LAS BUBUT D=85x200MM REPAIR,December 2025,-,0.0,0.0,0.0,,,,,PCE,0.0,0.0,0.0,0.0,,,STOK HABIS / RE-ORDER,
LGN,EXCEL FORKLIFT RUMAH BEARING REPAIR,December 2025,-,0.0,0.0,0.0,,,,,NIU,0.0,0.0,0.0,0.0,,,STOK HABIS / RE-ORDER,
LGN,353059 DRIVE-DIGITAL SERVO,December 2025,-,0.0,11474.0,0.0,,,,,PCE,0.0,0.0,0.0,0.0,,,STOK HABIS / RE-ORDER,
LGN,3058717 ENCODER TECHBOX 890,December 2025,-,0.0,341.0,0.0,,,,,PCE,0.0,0.0,0.0,0.0,,,STOK HABIS / RE-ORDER,
LGN,3014661 SHOCK ABSORBER,December 2025,-,0.0,328.0,0.0,,,,,PCE,0.0,0.0,0.0,0.0,,,STOK HABIS / RE-ORDER,
LGN,3040048 CYL AIR-300 BX 500S,December 2025,-,0.0,2.0,0.0,,,,,PCE,0.0,0.0,0.0,0.0,,,STOK HABIS / RE-ORDER,
LGN,423751 REDUCER DATA/GEAR BOX CHILLROLL,December 2025,-,1.0,0.0,0.0,,,,,PCE,1.0,1.0,1.0,0.0,,,AMAN,
LGN,"65022012 TOOTHED BELT ZAHNRIEMEN AT10-32-4480 N32 2/820779 3"",2""",December 2025,-,8.0,8946080.0,71568640.0,,,,,PCE,8.0,8.0,8.0,0.0,,,AMAN,
LGN,"CUTTER DS/BC P=160,6CMXL36 MAT SPRING STEEL",December 2025,-,2.0,0.0,0.0,,,,,PCE,2.0,2.0,2.0,0.0,,,AMAN,
LGN,CUTTER DS 2X37X1610MM REPAIR,December 2025,-,3.0,0.0,0.0,,,,,PCE,3.0,3.0,3.0,0.0,,,AMAN,
LGN,"MUR SCREW M65X2,5 DIA 79X T.24MM/DIA 85XT.14MM",December 2025,-,2.0,0.0,0.0,,,,,PCE,2.0,2.0,2.0,0.0,,,AMAN,
LGN,FLANGE BESI DIA 200XT.15MM  DIA 17MM=8 TITIK,December 2025,-,0.0,0.0,0.0,,,,,PCE,0.0,0.0,0.0,0.0,,,STOK HABIS / RE-ORDER,
LGN,FLANGE BESI DIA 185XT.15MM  DIA 17MM=4 TITIK,December 2025,-,0.0,0.0,0.0,,,,,PCE,0.0,0.0,0.0,0.0,,,STOK HABIS / RE-ORDER,
LGN,PISAU 60MMX1520MM REPAIR MC CUT AND SEAL PE 1500,December 2025,-,0.0,0.0,0.0,,,,,PCE,0.0,0.0,0.0,0.0,,,STOK HABIS / RE-ORDER,
LGN,ROLL  FEED MC PLASTIK 80X1138>1128 AS:1230 (RECOVER),December 2025,-,0.0,0.0,0.0,,,,,PCE,0.0,0.0,0.0,0.0,,,STOK HABIS / RE-ORDER,
LGN,ROLL  FEED MC PLASTIK 80X11>1130 AS:1378 (RECOVER),December 2025,-,0.0,0.0,0.0,,,,,PCE,0.0,0.0,0.0,0.0,,,STOK HABIS / RE-ORDER,
LGN,GEAR COUPLING MC DS  EXTRUDER C,December 2025,-,0.0,0.0,0.0,,,,,PCE,0.0,0.0,0.0,0.0,,,STOK HABIS / RE-ORDER,
LGN,ROLL DRAM PRESTRECH REPAIR,December 2025,-,0.0,0.0,0.0,,,,,PCE,0.0,0.0,0.0,0.0,,,STOK HABIS / RE-ORDER,
LGN,AS DRUM D=80X541 MAT.BESI S45C MC CORE,December 2025,-,0.0,0.0,0.0,,,,,SET,0.0,0.0,0.0,0.0,,,STOK HABIS / RE-ORDER,
LGN,PNEUMATIC ELEMENTS ORIGA,December 2025,-,0.0,0.0,0.0,,,,,PCE,0.0,0.0,0.0,0.0,,,STOK HABIS / RE-ORDER,
LGN,"PRESSURE TRANSMITTER RANGE: 0-30 OUTPUT:4-20MA,RATING:8-32VDC",December 2025,-,0.0,0.0,0.0,,,,,PCE,0.0,0.0,0.0,0.0,,,STOK HABIS / RE-ORDER,
LGN,PRESSURE SWITCH NC 305 PSI R407C MANUAL RESET,December 2025,-,0.0,0.0,0.0,,,,,PCE,0.0,0.0,0.0,0.0,,,STOK HABIS / RE-ORDER,
LGN,PISAU BAG MAKING INLAY  MC NOZAKI,December 2025,-,1.0,0.0,0.0,,,,,SET,1.0,1.0,1.0,0.0,,,AMAN,
LGN,ABSORBER A-137 RRR REPAIR,December 2025,-,2.0,0.0,0.0,,,,,PCE,2.0,2.0,2.0,0.0,,,AMAN,
LGN,ABSORBER A-102RRR REPAIR SML1,December 2025,-,4.0,0.0,0.0,,,,,PCE,4.0,4.0,4.0,0.0,,,AMAN,
LGN,POMPA HIDROLIK (NEW) TYPE KFS2422427CSTMZN6,December 2025,-,0.0,0.0,0.0,,,,,PCE,0.0,0.0,0.0,0.0,,,STOK HABIS / RE-ORDER,
LGN,"MOTOR 2,2 KW 230/400V 50HZ IE3 2 POLES",December 2025,-,0.0,0.0,0.0,,,,,PCE,0.0,0.0,0.0,0.0,,,STOK HABIS / RE-ORDER,
LGN,RETROFIT GEARBOX D352 SUBSTITUTION KIT ON CR 120,December 2025,-,0.0,0.0,0.0,,,,,PCE,0.0,0.0,0.0,0.0,,,STOK HABIS / RE-ORDER,
LGN,"AS S45C D=20X168,6 REWINDER",December 2025,-,0.0,0.0,0.0,,,,,PCE,0.0,0.0,0.0,0.0,,,STOK HABIS / RE-ORDER,
LGN,AS DRUM REPAIR D=20MM,December 2025,-,0.0,0.0,0.0,,,,,PCE,0.0,0.0,0.0,0.0,,,STOK HABIS / RE-ORDER,
LGN,"ALLWELER CENTRIFUGAL  PUMP type NB80-160U3D-W135-42/350 18,5KW,2900 RPM",December 2025,-,1.0,0.0,0.0,,,,,PCE,1.0,1.0,1.0,0.0,,,AMAN,
D1,ROLL MESIN REWINDER DIA 60X550MM,December 2025,-,1.0,0.0,0.0,,,,,PCE,1.0,1.0,1.0,0.0,,,AMAN,
LGN,"ROLL PRESS CONTACK ROLL D=162,5X1650 P.AS:1884 COKLAT",December 2025,-,0.0,0.0,0.0,,,,,PCE,0.0,0.0,0.0,0.0,,,STOK HABIS / RE-ORDER,
LGN,"ROLL PRESS CONTACK ROLL D=162,5X1650 P.AS:1884 COKLAT repair MGP",December 2025,-,1.0,0.0,0.0,,,,,PCE,0.0,1.0,1.0,1.0,,,AMAN,
LGN,"63254258 VECTOR FREQUENCY INVERTER FU LENZE E84AVTCE7524SB0 400V 7,50KW",December 2025,-,0.0,0.0,0.0,,,,,PCE,0.0,0.0,0.0,0.0,,,STOK HABIS / RE-ORDER,
LGN,"R. PRESS M.COUNTACK D=120,5X1115 P.AS 1207,5",December 2025,-,0.0,0.0,0.0,,,,,PCE,0.0,0.0,0.0,0.0,,,STOK HABIS / RE-ORDER,
LGN,FALK  GEAR COUPLING COMPLETE SET,December 2025,-,0.0,0.0,0.0,,,,,SET,0.0,0.0,0.0,0.0,,,STOK HABIS / RE-ORDER,
LGN,FALK GEAR COPLING COMPLETE SET SIZE 1025620,December 2025,-,3.0,0.0,0.0,,,,,SET,3.0,3.0,3.0,0.0,,,AMAN,
LGN,EVAPORATOR HEAT EXCHANGER,December 2025,-,1.0,0.0,0.0,,,,,NIU,1.0,1.0,1.0,0.0,,,AMAN,
LGN,PLAT BESI UK 200X500XT.5MM,December 2025,-,0.0,0.0,0.0,,,,,PCE,0.0,0.0,0.0,0.0,,,STOK HABIS / RE-ORDER,
LGN,PISAU GRINDER SLITING MACHINE BLOK,December 2025,-,0.0,0.0,0.0,,,,,PCE,0.0,0.0,0.0,0.0,,,STOK HABIS / RE-ORDER,
LGN,PISAU NOZAKI REPAIR TCT 8MMX43MMX1000MM,December 2025,-,0.0,0.0,0.0,,,,,PCE,0.0,0.0,0.0,0.0,,,STOK HABIS / RE-ORDER,
LGN,AS BRONZ D=50X50,December 2025,-,0.0,0.0,0.0,,,,,METER,0.0,0.0,0.0,0.0,,,STOK HABIS / RE-ORDER,
LGN,ROLL REWINDER AS DRUM D=160MMX555MM REPAIR,December 2025,-,0.0,0.0,0.0,,,,,PCE,0.0,0.0,0.0,0.0,,,STOK HABIS / RE-ORDER,
LGN,AS DRUM D=160MMX1665MM REWINDER REPAIR,December 2025,-,0.0,0.0,0.0,,,,,PCE,0.0,0.0,0.0,0.0,,,STOK HABIS / RE-ORDER,
LGN,MOTOR DUCTED FAN  3PHASE  320W/500V,December 2025,-,0.0,0.0,0.0,,,,,NIU,0.0,0.0,0.0,0.0,,,STOK HABIS / RE-ORDER,
LGN,"DEKRUP,DEKLAHER + BEARING",December 2025,-,0.0,0.0,0.0,,,,,SET,0.0,0.0,0.0,0.0,,,STOK HABIS / RE-ORDER,
LGN,PACKING SILINDERCOP,December 2025,-,0.0,0.0,0.0,,,,,SET,0.0,0.0,0.0,0.0,,,STOK HABIS / RE-ORDER,
LGN,DEKRUP REPAIR FORKLIFT,December 2025,-,0.0,0.0,0.0,,,,,PCE,0.0,0.0,0.0,0.0,,,STOK HABIS / RE-ORDER,
LGN,HOUSING  ROLLER DIA 520X50MM MC DS,December 2025,-,0.0,0.0,0.0,,,,,PCE,0.0,0.0,0.0,0.0,,,STOK HABIS / RE-ORDER,
LGN,"SHAFT GEAR REKONDISI DIA  221,16MM",December 2025,-,0.0,0.0,0.0,,,,,NIU,0.0,0.0,0.0,0.0,,,STOK HABIS / RE-ORDER,
LGN,ROLLER BEARING DIA 70X70MM MATERIAL STAVAC ,December 2025,-,0.0,0.0,0.0,,,,,PCE,0.0,0.0,0.0,0.0,,,STOK HABIS / RE-ORDER,
LGN,"RING ROLLER T3X38,5X515",December 2025,-,0.0,0.0,0.0,,,,,PCE,0.0,0.0,0.0,0.0,,,STOK HABIS / RE-ORDER,
LGN,BEARING OUTPUT + GEAR,December 2025,-,0.0,0.0,0.0,,,,,PCE,0.0,0.0,0.0,0.0,,,STOK HABIS / RE-ORDER,
LGN,BENANA ROLL D=75X1185 P.AS=1400 RECOVER REPAIR MC BLOWN,December 2025,-,0.0,0.0,0.0,,,,,PCE,0.0,0.0,0.0,0.0,,,STOK HABIS / RE-ORDER,
LGN,"AIR SAHFT 3"" D=75X3909 P.AS 9309 REPAIR MC DS",December 2025,-,2.0,0.0,0.0,,,,,SET,2.0,2.0,2.0,0.0,,,AMAN,
LGN,COVER MAGNETIC 9 LAYER 8 BAR/MAGNET HOPER 9 BAR,December 2025,-,0.0,0.0,0.0,,,,,PCE,0.0,0.0,0.0,0.0,,,STOK HABIS / RE-ORDER,
LGN,OIL COOLER KOMPRESSOR LINGHEIN REPAIR,December 2025,-,0.0,0.0,0.0,,,,,SET,0.0,0.0,0.0,0.0,,,STOK HABIS / RE-ORDER,
LGN,"AS ROLL SPINDLE 2"" REPAIR AD",December 2025,-,2.0,0.0,0.0,,,,,PCE,2.0,2.0,2.0,0.0,,,AMAN,
D2,SLEEVE CHUCK REPAIR,December 2025,-,3.0,0.0,0.0,,,,,PCE,4.0,3.0,3.0,-1.0,,,AMAN,
D2,SLEEVE CHUCK REPAIR,December 2025,-,0.0,0.0,0.0,,,,,PCE,0.0,0.0,0.0,0.0,,,STOK HABIS / RE-ORDER,
D2,STOPER CORE 18X120X120MM SML REPAIR,December 2025,-,0.0,0.0,0.0,,,,,PCE,0.0,0.0,0.0,0.0,,,STOK HABIS / RE-ORDER,
LGN,AC PORTABLE,December 2025,-,0.0,0.0,0.0,,,,,NIU,0.0,0.0,0.0,0.0,,,STOK HABIS / RE-ORDER,
LGN,PLC POWER SUPPLY INPUT PLC MODULE FOR EQUIPMENT 2711P-RD17C,December 2025,-,0.0,0.0,0.0,,,,,PCE,0.0,0.0,0.0,0.0,,,STOK HABIS / RE-ORDER,
LGN,PLC POWER SUPPLY INPUT PLC MODULE FOR EQUIPMENT 22711P-RP1,December 2025,-,0.0,0.0,0.0,,,,,PCE,0.0,0.0,0.0,0.0,,,STOK HABIS / RE-ORDER,
LGN,PLC POWER SUPPLY INPUT PLC MODULE FOR EQUIPMENT 2711P-RN15S,December 2025,-,0.0,0.0,0.0,,,,,PCE,0.0,0.0,0.0,0.0,,,STOK HABIS / RE-ORDER,
LGN,FILTER PVC WARNA HITAM SIZE 1550X540X150MM,December 2025,-,0.0,0.0,0.0,,,,,PCE,0.0,0.0,0.0,0.0,,,STOK HABIS / RE-ORDER,
LGN,RECOVERY VALUE VRA24L,December 2025,-,1.0,0.0,0.0,,,,,NIU,1.0,1.0,1.0,0.0,,,AMAN,
LGN,TABUNG REFRIGRAN CAP.50 KG,December 2025,-,2.0,0.0,0.0,,,,,NIU,2.0,2.0,2.0,0.0,,,AMAN,
LGN,PRE FILTER HFII-T-018,December 2025,-,1.0,0.0,0.0,,,,,PCE,1.0,1.0,1.0,0.0,,,AMAN,
LGN,AFTER FILTER HFII-A-018,December 2025,-,1.0,0.0,0.0,,,,,PCE,1.0,1.0,1.0,0.0,,,AMAN,
LGN,"AIR SHAFT UK  1166X2165X2""MAX LOAD 80KG MULTI BLANDDER SML1",December 2025,-,0.0,0.0,0.0,,,,,PCE,0.0,0.0,0.0,0.0,,,STOK HABIS / RE-ORDER,
LGN,"AIR SHAFT UK  1166X2165X3""MAX LOAD 80KG LUG SML1",December 2025,-,1.0,0.0,0.0,,,,,PCE,1.0,1.0,1.0,0.0,,,AMAN,
LGN,65022058 ROTATING UNION DN 65 4400 RXB2F,December 2025,-,0.0,0.0,0.0,,,,,PCE,0.0,0.0,0.0,0.0,,,STOK HABIS / RE-ORDER,
LGN,PRESS ROLL MESIN BLOWING UK 240X1200MM NBR 70-75,December 2025,-,0.0,0.0,0.0,,,,,PCE,0.0,0.0,0.0,0.0,,,STOK HABIS / RE-ORDER,
LGN,PRESS ROLL MESIN BLOWING UK 120X1200MM NBR 60-65,December 2025,-,0.0,0.0,0.0,,,,,PCE,0.0,0.0,0.0,0.0,,,STOK HABIS / RE-ORDER,
LGN,SLEEP ROLL BANANA RECOVER D=100X2700MM,December 2025,-,0.0,0.0,0.0,,,,,PCE,0.0,0.0,0.0,0.0,,,STOK HABIS / RE-ORDER,
LGN,FILTER COOLING TOWER UK M5X94CM & 95CMX94CM,December 2025,-,0.0,0.0,0.0,,,,,NIU,0.0,0.0,0.0,0.0,,,STOK HABIS / RE-ORDER,
LGN,AS ULIR PIPA M12 D=18X56MM,December 2025,-,0.0,0.0,0.0,,,,,PCE,0.0,0.0,0.0,0.0,,,STOK HABIS / RE-ORDER,
LGN,"AIR SHAFT UK 3464X3905X3"" DS",December 2025,-,0.0,0.0,0.0,,,,,PCE,0.0,0.0,0.0,0.0,,,STOK HABIS / RE-ORDER,
LGN,6325293 VECTOR FREQUENCY INVERTER FU LENZE E84AVSCE2234B0,December 2025,-,0.0,0.0,0.0,,,,,NIU,0.0,0.0,0.0,0.0,,,STOK HABIS / RE-ORDER,
LGN,"65023886 WINDING SHAFT WICKELWELLE 3""WB1650 ROHLING 1/834955",December 2025,-,2.0,0.0,0.0,,,,,PCE,2.0,2.0,2.0,0.0,,,AMAN,
LGN,AIR SHAFT D=75X3909 P.AS 3909,December 2025,-,0.0,0.0,0.0,,,,,SET,0.0,0.0,0.0,0.0,,,STOK HABIS / RE-ORDER,
LGN,"AIR SHAFT 1823X2""",December 2025,-,0.0,0.0,0.0,,,,,SET,2.0,0.0,0.0,-2.0,,,STOK HABIS / RE-ORDER,
LGN,"AIR SHAFT D=75,4X3905.4MM",December 2025,-,0.0,0.0,0.0,,,,,SET,1.0,0.0,0.0,-1.0,,,STOK HABIS / RE-ORDER,
LGN,CABLE CHAINFLEX CF9.10.25 25E1.0 MC DS,December 2025,-,0.0,0.0,0.0,,,,,METER,0.0,0.0,0.0,0.0,,,STOK HABIS / RE-ORDER,
LGN,FILTER BLOK 52X155X15CM,December 2025,-,0.0,0.0,0.0,,,,,NIU,0.0,0.0,0.0,0.0,,,STOK HABIS / RE-ORDER,
LGN,MAINE LINE FILTER AFF75B-20DT,December 2025,-,0.0,0.0,0.0,,,,,PCE,0.0,0.0,0.0,0.0,,,STOK HABIS / RE-ORDER,
LGN,MIST SEPARATOR SMC AM 850-20D-T,December 2025,-,0.0,0.0,0.0,,,,,PCE,0.0,0.0,0.0,0.0,,,STOK HABIS / RE-ORDER,
LGN,MIST SEPARATOR SMC AM 650,December 2025,-,0.0,0.0,0.0,,,,,PCE,0.0,0.0,0.0,0.0,,,STOK HABIS / RE-ORDER,
LGN,PRESS ROLL MESIN BLOWING UK 240X1200MM NBR 70-75(REPAIR),December 2025,-,0.0,0.0,0.0,,,,,PCE,0.0,0.0,0.0,0.0,,,STOK HABIS / RE-ORDER,
LGN,PRESS ROLL MESIN BLOWING UK 120X1200MM NBR 60-65(REPAIR),December 2025,-,1.0,0.0,0.0,,,,,PCE,1.0,1.0,1.0,0.0,,,AMAN,
LGN,PRESS ROLL D=163X1650MM SML 2-5 RECOVER ,December 2025,-,0.0,0.0,0.0,,,,,PCE,0.0,0.0,0.0,0.0,,,STOK HABIS / RE-ORDER,
LGN,DRUM ROLL D=160MMX1000MM SELESAI REPAIR,December 2025,-,0.0,0.0,0.0,,,,,PCE,0.0,0.0,0.0,0.0,,,STOK HABIS / RE-ORDER,
LGN,ARMATUR MOTOR SIEMENS TYPE1PH8 286-1AF102BVI-2,December 2025,-,0.0,0.0,0.0,,,,,UNIT,0.0,0.0,0.0,0.0,,,STOK HABIS / RE-ORDER,
LGN,BATTOM HOOK CHAIN BLACK 2T MC CORE,December 2025,-,0.0,0.0,0.0,,,,,UNIT,0.0,0.0,0.0,0.0,,,STOK HABIS / RE-ORDER,
LGN,RANTAI CHAIN BLOCK 2T MC CORE,December 2025,-,0.0,0.0,0.0,,,,,METER,0.0,0.0,0.0,0.0,,,STOK HABIS / RE-ORDER,
LGN,DIE REPAIR MC BLOWN,December 2025,-,0.0,0.0,0.0,,,,,NIU,0.0,0.0,0.0,0.0,,,STOK HABIS / RE-ORDER,
LGN,POMPA SUMBER SUBLE AM 106A,December 2025,-,0.0,0.0,0.0,,,,,NIU,0.0,0.0,0.0,0.0,,,STOK HABIS / RE-ORDER,
LGN,BLOWER RESIN (REPAIR),December 2025,-,0.0,0.0,0.0,,,,,NIU,0.0,0.0,0.0,0.0,,,STOK HABIS / RE-ORDER,
LGN,CONTROL TRANSFORMER/ TRAFO REWINDER,December 2025,-,0.0,0.0,0.0,,,,,NIU,0.0,0.0,0.0,0.0,,,STOK HABIS / RE-ORDER,
LGN,GEAR BOX AUGER MC DS SPARE,December 2025,-,1.0,0.0,0.0,,,,,SET,1.0,1.0,1.0,0.0,,,AMAN,
D1,"COOLING FAN DUCTED 10"" 220 JASON FAN JT28082 MC SML",December 2025,-,2.0,0.0,0.0,,,,,PCE,2.0,2.0,2.0,0.0,,,AMAN,
LGN,SLIDING TEFLON 25X25X710MM BAWAH,December 2025,-,1.0,0.0,0.0,,,,,PCE,2.0,1.0,1.0,-1.0,,,AMAN,
LGN,SLIDING TEFLON 25X28X700MM ATAS,December 2025,-,0.0,0.0,0.0,,,,,PCE,2.0,0.0,0.0,-2.0,,,STOK HABIS / RE-ORDER,
LGN,"SELANG FLEXIBEL 6""",December 2025,-,0.6,0.0,0.0,,,,,METER,0.6,0.6,0.6,0.0,,,AMAN,
LGN,"SELANG FLEXIBEL 8""",December 2025,-,6.0,0.0,0.0,,,,,METER,6.0,6.0,6.0,0.0,,,AMAN,
LGN,"SELANG RESIN 5""",December 2025,-,6.0,0.0,0.0,,,,,METER,6.0,6.0,6.0,0.0,,,AMAN,
LGN,"SELANG ELASTIS( FLEXIBLE 2"" RESIN)",December 2025,-,3.85,0.0,0.0,,,,,METER,3.85,3.85,3.85,0.0,,,AMAN,
LGN,"SELANG ELASTIS (FLEXIBLE 6""RESIN)PUTIH",December 2025,-,7.7,0.0,0.0,,,,,METER,7.7,7.7,7.7,0.0,,,AMAN,
LGN,"SELANG POMPA STEM 1/4""X10METER",December 2025,-,0.0,0.0,0.0,,,,,METER,0.0,0.0,0.0,0.0,,,STOK HABIS / RE-ORDER,
LGN,"PIPA PVC 1""",December 2025,-,0.0,0.0,0.0,,,,,PCE,0.0,0.0,0.0,0.0,,,STOK HABIS / RE-ORDER,
LGN,"PIPA PVC 3/4""",December 2025,-,0.0,0.0,0.0,,,,,PCE,0.0,0.0,0.0,0.0,,,STOK HABIS / RE-ORDER,
LGN,"SELANG FLEXIBLE HOSE 3"" ",December 2025,-,6.0,0.0,0.0,,,,,METER,6.0,6.0,6.0,0.0,,,AMAN,
LGN,NILON BLOK PUSHER 1 MX 18 CM,December 2025,-,0.0,0.0,0.0,,,,,METER,0.0,0.0,0.0,0.0,,,STOK HABIS / RE-ORDER,
LGN,"NILON BIRU D=75X100CM MC CORE 3""",December 2025,-,0.0,0.0,0.0,,,,,PCE,0.0,0.0,0.0,0.0,,,STOK HABIS / RE-ORDER,
LGN,NILON BIRU D=38X1000CM MC CORE,December 2025,-,0.0,0.0,0.0,,,,,PCE,0.0,0.0,0.0,0.0,,,STOK HABIS / RE-ORDER,
LGN,NILON BIRU D=40X1000CM MC CORE,December 2025,-,0.0,0.0,0.0,,,,,PCE,0.0,0.0,0.0,0.0,,,STOK HABIS / RE-ORDER,
LGN,"SELANG FLEXIBLE HOSE 4"" (EREMA)",December 2025,-,3.5,0.0,0.0,,,,,METER,3.5,3.5,3.5,0.0,,,AMAN,
LGN,"SELANG FLEXIBLE HOSE RESIN 4"" (BLOWN)",December 2025,-,10.4,0.0,0.0,,,,,METER,10.4,10.4,10.4,0.0,,,AMAN,
LGN,"SELANG FLEXIBLE HOSE RESIN 4"" BIRU",December 2025,-,3.0,0.0,0.0,,,,,METER,3.0,3.0,3.0,0.0,,,AMAN,
LGN,"SELANG FLEXIBLE HOSE 1 1/2""MONDEA",December 2025,-,4.0,0.0,0.0,,,,,METER,4.0,4.0,4.0,0.0,,,AMAN,
LGN,TRFLON DUDUKAN CORE UK 70X73X+30MM,December 2025,-,31.0,0.0,0.0,,,,,PCE,31.0,31.0,31.0,0.0,,,AMAN,
LGN,"SELANG VACUM BOX ANTI PANAS 8""",December 2025,-,2.0,0.0,0.0,,,,,METER,2.0,2.0,2.0,0.0,,,AMAN,
LGN,"SELANG VACUM BOX ANTI PANAS 6""",December 2025,-,3.8999999999999995,0.0,0.0,,,,,METER,4.699999999999999,3.8999999999999995,3.8999999999999995,-0.7999999999999998,,,AMAN,
LGN,"SELANG VACUM BOX ANTI PANAS 2,5""-3""",December 2025,-,8.030000000000001,0.0,0.0,,,,,METER,2.6300000000000003,8.030000000000001,8.030000000000001,5.4,,,AMAN,
LGN,"SELANG AIR MAXXFLEX 2"" 250 PSI",December 2025,-,10.0,0.0,0.0,,,,,METER,10.0,10.0,10.0,0.0,,,AMAN,
LGN,RING PLAT 16MM STENLIS,December 2025,-,0.0,0.0,0.0,,,,,PCE,0.0,0.0,0.0,0.0,,,STOK HABIS / RE-ORDER,
LGN,PIPA STENLISH D=38X1M,December 2025,-,0.0,0.0,0.0,,,,,PCE,0.0,0.0,0.0,0.0,,,STOK HABIS / RE-ORDER,
LGN,"SELANG ANGIN D=8,5X14MM (PVC)",December 2025,-,0.0,0.0,0.0,,,,,METER,0.0,0.0,0.0,0.0,,,STOK HABIS / RE-ORDER,
LGN,NILON 16MMX150MMX120 CM,December 2025,-,0.0,0.0,0.0,,,,,PCE,0.0,0.0,0.0,0.0,,,STOK HABIS / RE-ORDER,
LGN,NILON 70 MMX125MMX120CM,December 2025,-,0.0,0.0,0.0,,,,,PCE,0.0,0.0,0.0,0.0,,,STOK HABIS / RE-ORDER,
LGN,NILON DISTANCE BLOK P.360MMX L.120MMXT.70,December 2025,-,0.0,0.0,0.0,,,,,PCE,0.0,0.0,0.0,0.0,,,STOK HABIS / RE-ORDER,
LGN,BAUT STENLIS 16X45,December 2025,-,0.0,0.0,0.0,,,,,PCE,0.0,0.0,0.0,0.0,,,STOK HABIS / RE-ORDER,
D2,BAUT 10.9 16X55,December 2025,-,28.0,0.0,0.0,,,,,PCE,29.0,28.0,28.0,-1.0,,,AMAN,
LGN,AS PONG D=60MMX50CM,December 2025,-,0.0,0.0,0.0,,,,,BATANG,0.0,0.0,0.0,0.0,,,STOK HABIS / RE-ORDER,
LGN,AS KUNINGAN D=10MMX50CM,December 2025,-,0.0,0.0,0.0,,,,,BATANG,0.0,0.0,0.0,0.0,,,STOK HABIS / RE-ORDER,
LGN,BAUT L M30X240MM,December 2025,-,4.0,0.0,0.0,,,,,PCE,4.0,4.0,4.0,0.0,,,AMAN,
LGN,BAUT L M16X90MM,December 2025,-,0.0,0.0,0.0,,,,,PCE,0.0,0.0,0.0,0.0,,,STOK HABIS / RE-ORDER,
D2,"BAUT M 24X90X3,0 NGR",December 2025,-,0.0,0.0,0.0,,,,,PCE,0.0,0.0,0.0,0.0,,,STOK HABIS / RE-ORDER,
D2,"BAUT M 24X120X3,0 NGR",December 2025,-,1.0,0.0,0.0,,,,,PCE,1.0,1.0,1.0,0.0,,,AMAN,
D2,PER TEKAN D=13MM,December 2025,-,0.8,0.0,0.0,,,,,METER,0.8,0.8,0.8,0.0,,,AMAN,
LGN,HOLO 30X30X6,December 2025,-,0.0,0.0,0.0,,,,,PCE,0.0,0.0,0.0,0.0,,,STOK HABIS / RE-ORDER,
LGN,AS BRONZ D=22X50CM,December 2025,-,0.0,0.0,0.0,,,,,BATANG,0.0,0.0,0.0,0.0,,,STOK HABIS / RE-ORDER,
LGN,RELL RANTAI CRAIN GD.CORE,December 2025,-,0.0,0.0,0.0,,,,,PCE,0.0,0.0,0.0,0.0,,,STOK HABIS / RE-ORDER,
LGN,BUSHING RANTAI CRAIN GD.CORE,December 2025,-,0.0,0.0,0.0,,,,,PCE,0.0,0.0,0.0,0.0,,,STOK HABIS / RE-ORDER,
LGN,FLANGE RANTAI CRAIN GD.CORE,December 2025,-,0.0,0.0,0.0,,,,,PCE,0.0,0.0,0.0,0.0,,,STOK HABIS / RE-ORDER,
LGN,SLIDING RANTAI CRAIN GD.CORE,December 2025,-,0.0,0.0,0.0,,,,,PCE,0.0,0.0,0.0,0.0,,,STOK HABIS / RE-ORDER,
LGN,RODA SLIDING RANTAI CRAIN GD.CORE,December 2025,-,0.0,0.0,0.0,,,,,PCE,0.0,0.0,0.0,0.0,,,STOK HABIS / RE-ORDER,
LGN,BAUT L M12X35 STAINLESS,December 2025,-,0.0,0.0,0.0,,,,,PCE,0.0,0.0,0.0,0.0,,,STOK HABIS / RE-ORDER,
LGN,BAUT L M12X25 STAINLESS,December 2025,-,0.0,0.0,0.0,,,,,PCE,0.0,0.0,0.0,0.0,,,STOK HABIS / RE-ORDER,
LGN,BAUT L M 16X32 STAINLESS,December 2025,-,0.0,0.0,0.0,,,,,PCE,0.0,0.0,0.0,0.0,,,STOK HABIS / RE-ORDER,
LGN,REPAIR COVER POMPA MAT S/S,December 2025,-,0.0,0.0,0.0,,,,,PCE,0.0,0.0,0.0,0.0,,,STOK HABIS / RE-ORDER,
LGN,"WATER  FLY KITZ 4""",December 2025,-,3.0,0.0,0.0,,,,,PCE,3.0,3.0,3.0,0.0,,,AMAN,
LGN,"FLANG BESI 4"" LUBANG 8MM",December 2025,-,0.0,0.0,0.0,,,,,PCE,0.0,0.0,0.0,0.0,,,STOK HABIS / RE-ORDER,
LGN,"END  FLANG PPR 4""",December 2025,-,0.0,0.0,0.0,,,,,PCE,0.0,0.0,0.0,0.0,,,STOK HABIS / RE-ORDER,
LGN,BAUT M16X80MM STAINLESS,December 2025,-,0.0,0.0,0.0,,,,,PCE,0.0,0.0,0.0,0.0,,,STOK HABIS / RE-ORDER,
LGN,BAUT M16X100MM STAINLESS,December 2025,-,0.0,0.0,0.0,,,,,PCE,0.0,0.0,0.0,0.0,,,STOK HABIS / RE-ORDER,
LGN,AS LONG DRAT PUTIH M10 (100CM),December 2025,-,0.0,0.0,0.0,,,,,BATANG,0.0,0.0,0.0,0.0,,,STOK HABIS / RE-ORDER,
LGN,BAUT M20X60MM KOMPRESSOR,December 2025,-,0.0,0.0,0.0,,,,,PCE,0.0,0.0,0.0,0.0,,,STOK HABIS / RE-ORDER,
LGN,MUR M20,December 2025,-,0.0,0.0,0.0,,,,,PCE,0.0,0.0,0.0,0.0,,,STOK HABIS / RE-ORDER,
LGN,"AS TEMBAGA 1""X1M",December 2025,-,0.58,0.0,0.0,,,,,METER,0.58,0.58,0.58,0.0,,,AMAN,
LGN,"FLANGE 6"" (BESI) L: 8 TITIK",December 2025,-,0.0,0.0,0.0,,,,,PCE,0.0,0.0,0.0,0.0,,,STOK HABIS / RE-ORDER,
LGN,BAUT STAINLES M10X20MM,December 2025,-,0.0,0.0,0.0,,,,,PCE,0.0,0.0,0.0,0.0,,,STOK HABIS / RE-ORDER,
LGN,MUR M10 STAINLES,December 2025,-,0.0,0.0,0.0,,,,,PCE,0.0,0.0,0.0,0.0,,,STOK HABIS / RE-ORDER,
LGN,RELL SLAIDING MC LANTECH REPAIR,December 2025,-,0.0,0.0,0.0,,,,,NIU,0.0,0.0,0.0,0.0,,,STOK HABIS / RE-ORDER,
LGN,"FLANGE 4"" PVC",December 2025,-,0.0,0.0,0.0,,,,,PCE,0.0,0.0,0.0,0.0,,,STOK HABIS / RE-ORDER,
LGN,"RAGUM 8""",December 2025,-,0.0,0.0,0.0,,,,,UNIT,0.0,0.0,0.0,0.0,,,STOK HABIS / RE-ORDER,
LGN,WATER PUMP,December 2025,-,0.0,0.0,0.0,,,,,UNIT,0.0,0.0,0.0,0.0,,,STOK HABIS / RE-ORDER,
LGN,KIPAS RADIATOR,December 2025,-,0.0,0.0,0.0,,,,,PCE,0.0,0.0,0.0,0.0,,,STOK HABIS / RE-ORDER,
LGN,PIPA TEMBAGA 10MM,December 2025,-,2.0,0.0,0.0,,,,,METER,2.0,2.0,2.0,0.0,,,AMAN,
LGN,PIPA TEMBAGA DLM=28MM,December 2025,-,0.0,0.0,0.0,,,,,METER,0.0,0.0,0.0,0.0,,,STOK HABIS / RE-ORDER,
LGN,REDUCER TEMBAGA 35MMX28MM,December 2025,-,2.0,0.0,0.0,,,,,PCE,2.0,2.0,2.0,0.0,,,AMAN,
LGN,SOCK TEMBAGA D=28MM,December 2025,-,4.0,0.0,0.0,,,,,PCE,4.0,4.0,4.0,0.0,,,AMAN,
LGN,KABEL DUCK,December 2025,-,0.0,0.0,0.0,,,,,METER,0.0,0.0,0.0,0.0,,,STOK HABIS / RE-ORDER,
LGN,WATER PUMP FORKLIFT TOYOTA 4Y,December 2025,-,0.0,0.0,0.0,,,,,UNIT,0.0,0.0,0.0,0.0,,,STOK HABIS / RE-ORDER,
LGN,VELK FORKLIFT 6.50-10,December 2025,-,0.0,0.0,0.0,,,,,SET,0.0,0.0,0.0,0.0,,,STOK HABIS / RE-ORDER,
LGN,"SELANG ANGIN D=8,5MMX17 WARNA KUNING MC SML1",December 2025,-,20.0,0.0,0.0,,,,,METER,20.0,20.0,20.0,0.0,,,AMAN,
LGN,EYE WASHER,December 2025,-,0.0,0.0,0.0,,,,,SET,0.0,0.0,0.0,0.0,,,STOK HABIS / RE-ORDER,
LGN,"SELANG MAXXFLEX 250 PSI 4"" SML1",December 2025,-,6.0,0.0,0.0,,,,,METER,6.0,6.0,6.0,0.0,,,AMAN,
LGN,"KUNCI TORSI 3/4"" 1000 NEUTON",December 2025,-,0.0,0.0,0.0,,,,,PCE,0.0,0.0,0.0,0.0,,,STOK HABIS / RE-ORDER,
LGN,TEFLON PUSHER UNTUK STOPER PANJANG 1 M,December 2025,-,3.0,0.0,0.0,,,,,LEMBAR,3.0,3.0,3.0,0.0,,,AMAN,
LGN,BAUT L TANAM INCHI M16X95MM ,December 2025,-,0.0,0.0,0.0,,,,,PCE,0.0,0.0,0.0,0.0,,,STOK HABIS / RE-ORDER,
LGN,MUR M 16 INCHI,December 2025,-,0.0,0.0,0.0,,,,,PCE,0.0,0.0,0.0,0.0,,,STOK HABIS / RE-ORDER,
LGN,TEFLON T=80MMX130MMX38CM,December 2025,-,5.0,0.0,0.0,,,,,PCE,5.0,5.0,5.0,0.0,,,AMAN,
LGN,5161065/BEARING THRUST,December 2025,-,1.0,0.0,0.0,,,,,PCE,1.0,1.0,1.0,0.0,,,AMAN,
LGN,FREON REFRIGERANT 22,December 2025,-,0.0,0.0,0.0,,,,,PCE,0.0,0.0,0.0,0.0,,,STOK HABIS / RE-ORDER,
LGN,Filter Extruder Mesh 20,December 2025,-,4.199999999999999,0.0,0.0,,,,,METER,5.699999999999999,4.199999999999999,4.199999999999999,-1.5,,,AMAN,
LGN,Filter Extruder Mesh 40,December 2025,-,11.2,0.0,0.0,,,,,METER,13.2,11.2,11.2,-2.0,,,AMAN,
LGN,Filter Extruder Mesh 80,December 2025,-,10.9,0.0,0.0,,,,,METER,12.4,10.9,10.9,-1.5,,,AMAN,
LGN,CAT MELAMINE,December 2025,-,0.0,0.0,0.0,,,,,PCE,0.0,0.0,0.0,0.0,,,STOK HABIS / RE-ORDER,
LGN,THINNER Super Quality 1 galonn,December 2025,-,0.0,0.0,0.0,,,,,PCE,2.0,0.0,0.0,-2.0,,,STOK HABIS / RE-ORDER,
LGN,CAT KOLAM,December 2025,-,0.0,0.0,0.0,,,,,KG,0.0,0.0,0.0,0.0,,,STOK HABIS / RE-ORDER,
LGN,CAT AVIAN HITAM,December 2025,-,0.0,0.0,0.0,,,,,PCE,0.0,0.0,0.0,0.0,,,STOK HABIS / RE-ORDER,
LGN,CAT AVIAN KUNING,December 2025,-,0.0,0.0,0.0,,,,,PCE,0.0,0.0,0.0,0.0,,,STOK HABIS / RE-ORDER,
LGN,CAT AVIAN BIRU,December 2025,-,0.0,0.0,0.0,,,,,PCE,0.0,0.0,0.0,0.0,,,STOK HABIS / RE-ORDER,
LGN,CAT AVIAN HIJAU ,December 2025,-,0.0,0.0,0.0,,,,,PCE,0.0,0.0,0.0,0.0,,,STOK HABIS / RE-ORDER,
LGN,CAT AVIAN PUTIH,December 2025,-,0.0,0.0,0.0,,,,,PCE,0.0,0.0,0.0,0.0,,,STOK HABIS / RE-ORDER,
LGN,CAT AVIAN ORANGE,December 2025,-,0.0,0.0,0.0,,,,,PCE,0.0,0.0,0.0,0.0,,,STOK HABIS / RE-ORDER,
LGN,CAT KANGAROO HAMMER TONE FINISH (avian),December 2025,-,0.0,0.0,0.0,,,,,PCE,0.0,0.0,0.0,0.0,,,STOK HABIS / RE-ORDER,
LGN,CAT (KUNING) FTALIT,December 2025,-,0.0,0.0,0.0,,,,,PCE,0.0,0.0,0.0,0.0,,,STOK HABIS / RE-ORDER,
LGN,CAT (HITAM) FTALIT,December 2025,-,0.0,0.0,0.0,,,,,PCE,0.0,0.0,0.0,0.0,,,STOK HABIS / RE-ORDER,
LGN,CAT (BIRU) FTALIT,December 2025,-,0.0,0.0,0.0,,,,,PCE,0.0,0.0,0.0,0.0,,,STOK HABIS / RE-ORDER,
LGN,CAT BESI NIP 2000,December 2025,-,0.0,0.0,0.0,,,,,PCE,0.0,0.0,0.0,0.0,,,STOK HABIS / RE-ORDER,
LGN,PACKING TBA 1MM,December 2025,-,0.4999999999999999,0.0,0.0,,,,,METER,0.4999999999999999,0.4999999999999999,0.4999999999999999,0.0,,,AMAN,
LGN,"PACKING HITAM  0,2 MM MC DS",December 2025,-,2.0,0.0,0.0,,,,,METER,2.0,2.0,2.0,0.0,,,AMAN,
LGN,PACKING HITAM 2MM MC DS ,December 2025,-,0.35000000000000003,0.0,0.0,,,,,METER,0.35000000000000003,0.35000000000000003,0.35000000000000003,0.0,,,AMAN,
LGN,PACKING KARET VITON 2MM,December 2025,-,1.0,0.0,0.0,,,,,METER,1.0,1.0,1.0,0.0,,,AMAN,
LGN,PACKING KARET NBR 2MM,December 2025,-,1.9500000000000002,0.0,0.0,,,,,METER,1.85,1.9500000000000002,1.9500000000000002,0.10000000000000009,,,AMAN,
LGN,MOBIL TEM SHC 100 @ 16 KG (1 PAIL ),December 2025,-,17.0,0.0,0.0,,,,,KG,17.0,17.0,17.0,0.0,,,AMAN,
LGN,MOBILITH SHC 460 @ 16 KG ( 1 PAIL),December 2025,-,8.5,0.0,0.0,,,,,KG,8.5,8.5,8.5,0.0,,,AMAN,
LGN,MOBILUX EP 2 @ 16 KG (1 PAIL),December 2025,-,1.5,0.0,0.0,,,,,KG,1.5,1.5,1.5,0.0,,,AMAN,
LGN,TIRAI,December 2025,-,0.0,0.0,0.0,,,,,ROLL,0.0,0.0,0.0,0.0,,,STOK HABIS / RE-ORDER,
LGN,"COOLANT AMPS (5,5 LITER)",December 2025,-,0.0,0.0,0.0,,,,,CAN,0.0,0.0,0.0,0.0,,,STOK HABIS / RE-ORDER,
LGN,COOLANT ASTM (5 LITER),December 2025,-,0.0,0.0,0.0,,,,,CAN,0.0,0.0,0.0,0.0,,,STOK HABIS / RE-ORDER,
LGN,OIL BUBUT,December 2025,-,0.0,0.0,0.0,,,,,LITER,0.0,0.0,0.0,0.0,,,STOK HABIS / RE-ORDER,
LGN,PAKING TBA 2MM,December 2025,-,0.3,0.0,0.0,,,,,METER,0.3,0.3,0.3,0.0,,,AMAN,
LGN,POLYURITANE SHEET,December 2025,-,0.38,0.0,0.0,,,,,METER,0.38,0.38,0.38,0.0,,,AMAN,
LGN,BENSIN,December 2025,-,0.0,0.0,0.0,,,,,LITER,0.0,0.0,0.0,0.0,,,STOK HABIS / RE-ORDER,
LGN,CUTTEN PAD 6MMX100MMX150MM,December 2025,-,0.2699999999999996,0.0,0.0,,,,,METER,0.2699999999999996,0.2699999999999996,0.2699999999999996,0.0,,,AMAN,
LGN,CUTTEN PAD 6MMX1000MMX2100MM,December 2025,-,0.86,0.0,0.0,,,,,METER,0.91,0.86,0.86,-0.050000000000000044,,,AMAN,
LGN,MOBIL GREASE UNIREX TM 'N 3,December 2025,-,15.5,0.0,0.0,,,,,KG,15.5,15.5,15.5,0.0,,,AMAN,
LGN,THINNER POLYURITHANE,December 2025,-,0.0,0.0,0.0,,,,,PCE,0.0,0.0,0.0,0.0,,,STOK HABIS / RE-ORDER,
LGN,"KARET PAKING 1MX0,5X130",December 2025,-,0.0,0.0,0.0,,,,,METER,0.0,0.0,0.0,0.0,,,STOK HABIS / RE-ORDER,
LGN,BROMUS,December 2025,-,0.0,0.0,0.0,,,,,LITER,0.0,0.0,0.0,0.0,,,STOK HABIS / RE-ORDER,
LGN,VINIL 700 CMX14CMX3MM,December 2025,-,2.0,0.0,0.0,,,,,ROLL,2.0,2.0,2.0,0.0,,,AMAN,
LGN,CAT DASAR KANSAI ABU-ABU(PRIMER)155,December 2025,-,0.0,0.0,0.0,,,,,PCE,0.0,0.0,0.0,0.0,,,STOK HABIS / RE-ORDER,
LGN,CAT KANSAI 461 ABU-ABU,December 2025,-,0.0,0.0,0.0,,,,,PCE,0.0,0.0,0.0,0.0,,,STOK HABIS / RE-ORDER,
LGN,CAT DASR JOTUN (BESI),December 2025,-,0.0,0.0,0.0,,,,,KALENG,0.0,0.0,0.0,0.0,,,STOK HABIS / RE-ORDER,
LGN,OLI KOMPRESOR SUNISO,December 2025,-,3.0,0.0,0.0,,,,,PCE,3.0,3.0,3.0,0.0,,,AMAN,
LGN,"TEFLON  TEBAL 16MMXL=15,5CMXP=120 CM UNTUK PUSHER",December 2025,-,0.0,0.0,0.0,,,,,PCE,0.0,0.0,0.0,0.0,,,STOK HABIS / RE-ORDER,
LGN,PLAT BORDES 3MM,December 2025,-,0.0,0.0,0.0,,,,,PCE,0.0,0.0,0.0,0.0,,,STOK HABIS / RE-ORDER,
LGN,BOX PANEL UK : 100X70X30CM,December 2025,-,0.0,0.0,0.0,,,,,NIU,0.0,0.0,0.0,0.0,,,STOK HABIS / RE-ORDER,
LGN,BOX PANEL UK 25X40X60,December 2025,-,0.0,0.0,0.0,,,,,NIU,0.0,0.0,0.0,0.0,,,STOK HABIS / RE-ORDER,
LGN,BOX PANEL  60X40X20CM,December 2025,-,0.0,0.0,0.0,,,,,NIU,0.0,0.0,0.0,0.0,,,STOK HABIS / RE-ORDER,
LGN,BOX PANEL 40X30X20,December 2025,-,0.0,0.0,0.0,,,,,NIU,0.0,0.0,0.0,0.0,,,STOK HABIS / RE-ORDER,
LGN,BOX PANEL 35X25X15,December 2025,-,0.0,0.0,0.0,,,,,NIU,0.0,0.0,0.0,0.0,,,STOK HABIS / RE-ORDER,
LGN,KABEL 4X10MM,December 2025,-,0.0,0.0,0.0,,,,,METER,0.0,0.0,0.0,0.0,,,STOK HABIS / RE-ORDER,
LGN,TEFLON HITAM CARBON  1MMX1M ,December 2025,-,0.19999999999999996,0.0,0.0,,,,,METER,0.19999999999999996,0.19999999999999996,0.19999999999999996,0.0,,,AMAN,
LGN,KABEL POWER 1X35MM (NYY),December 2025,-,0.0,0.0,0.0,,,,,METER,0.0,0.0,0.0,0.0,,,STOK HABIS / RE-ORDER,
LGN,RELL KABEL PVC DS KP 40-80 R50,December 2025,-,1.0,0.0,0.0,,,,,METER,1.0,1.0,1.0,0.0,,,AMAN,
LGN,PLAT GALVALUM L:90CM,December 2025,-,0.0,0.0,0.0,,,,,METER,0.0,0.0,0.0,0.0,,,STOK HABIS / RE-ORDER,
LGN,FREON 134A,December 2025,-,0.0,0.0,0.0,,,,,PCE,0.0,0.0,0.0,0.0,,,STOK HABIS / RE-ORDER,
LGN,TURBIN CLEANER AR-120CC,December 2025,-,0.0,2160000.0,0.0,,,,,PAIL,0.0,0.0,0.0,0.0,,,STOK HABIS / RE-ORDER,
LGN,TREFLON PUTIH TEBAL 6MMX109CMX99CM DIE,December 2025,-,0.0,0.0,0.0,,,,,LEMBAR,0.0,0.0,0.0,0.0,,,STOK HABIS / RE-ORDER,
LGN,REFRIGRANT R-407 (LOT),December 2025,-,0.0,0.0,0.0,,,,,LOT,0.0,0.0,0.0,0.0,,,STOK HABIS / RE-ORDER,
LGN,PLAT KUNINGAN 3MMX30MM,December 2025,-,0.0,0.0,0.0,,,,,METER,0.0,0.0,0.0,0.0,,,STOK HABIS / RE-ORDER,
LGN,BAHAN PONG D=32MM,December 2025,-,0.0,0.0,0.0,,,,,METER,0.0,0.0,0.0,0.0,,,STOK HABIS / RE-ORDER,
LGN,TEFLON 3MMX1MX3M,December 2025,-,3.0,0.0,0.0,,,,,METER,3.0,3.0,3.0,0.0,,,AMAN,
LGN,BAHAN  KARET VITON/PAKING VITON,December 2025,-,0.0,0.0,0.0,,,,,METER,0.0,0.0,0.0,0.0,,,STOK HABIS / RE-ORDER,
LGN,RIPRO SC68 OIL SCREW COMPRESSOR,December 2025,-,0.0,0.0,0.0,,,,,PAIL,0.0,0.0,0.0,0.0,,,STOK HABIS / RE-ORDER,
LGN,SHINEDEN SF54-3DS-2-60- SIZE 240X160X67&123CM,December 2025,-,0.0,0.0,0.0,,,,,NIU,0.0,0.0,0.0,0.0,,,STOK HABIS / RE-ORDER,
LGN,SHINEDEN LR54-3DS-2-60- SIZE 146X146X80CM,December 2025,-,0.0,0.0,0.0,,,,,NIU,0.0,0.0,0.0,0.0,,,STOK HABIS / RE-ORDER,
LGN,MATERIAL PART2,December 2025,-,0.0,0.0,0.0,,,,,LOT,0.0,0.0,0.0,0.0,,,STOK HABIS / RE-ORDER,
LGN,OLI TRAKNU SUPER HYDRO VG32 PAIL 20L,December 2025,-,0.0,0.0,0.0,,,,,PAIL,0.0,0.0,0.0,0.0,,,STOK HABIS / RE-ORDER,
LGN,PLAT 2MM D= LUBANG 6MM 12X1M,December 2025,-,0.0,0.0,0.0,,,,,METER,0.0,0.0,0.0,0.0,,,STOK HABIS / RE-ORDER,
LGN,FILTER VACUM RESIN DLU:235XDLM:125MMXT.450MM SML 2-5,December 2025,-,8.0,0.0,0.0,,,,,PCE,8.0,8.0,8.0,0.0,,,AMAN,
LGN,FILTER VACUM RESIN  DONALDSON  P181035 DLM:125MMXDLU:235XT.255 MC DS,December 2025,-,5.0,0.0,0.0,,,,,PCE,5.0,5.0,5.0,0.0,,,AMAN,
LGN,FILTER VACUM RESIN  JIMCO JAE-88046  DLM:195MMXDLU:305XT.355 MC DS,December 2025,-,2.0,0.0,0.0,,,,,PCE,2.0,2.0,2.0,0.0,,,AMAN,
LGN,BUSA DAKRON 30MMX2MX20M,December 2025,-,0.0,0.0,0.0,,,,,ROLL,0.0,0.0,0.0,0.0,,,STOK HABIS / RE-ORDER,
LGN,KARET PAKING 5MM NBR,December 2025,-,2.0,0.0,0.0,,,,,METER,0.40000000000000024,2.0,2.0,1.5999999999999996,,,AMAN,
LGN,EPOXY PROPAN  MX-98-2K SB BASE A,December 2025,-,0.0,0.0,0.0,,,,,PAIL,0.0,0.0,0.0,0.0,,,STOK HABIS / RE-ORDER,
LGN,HARDENER PROPAN  MX-98-2K SB ,December 2025,-,0.0,0.0,0.0,,,,,PCE,0.0,0.0,0.0,0.0,,,STOK HABIS / RE-ORDER,
LGN,OLI DISEL MEDITRANS PERTAMINA SAE 40,December 2025,-,0.0,0.0,0.0,,,,,GALON,0.0,0.0,0.0,0.0,,,STOK HABIS / RE-ORDER,
LGN(3),MOTOR KVH145THR5376BA MARATHON UNTUK BC,December 2025,-,1.0,0.0,0.0,,,,,PCE,1.0,1.0,1.0,0.0,,,AMAN,
LGN4,SERVO DRIVE ALLEN BRADLEY (SERVISAN) 2089-DSD-HV220 SC ULTRA 3000,December 2025,-,0.0,0.0,0.0,,,,,NIU,0.0,0.0,0.0,0.0,,,STOK HABIS / RE-ORDER,
LGN5,"PARKER DRIVE""CLASSIC AUTOMATION"" USA WAYBILL 2102582285",December 2025,-,0.0,0.0,0.0,,,,,NIU,0.0,0.0,0.0,0.0,,,STOK HABIS / RE-ORDER,
LGND,TOOTHED BELT ZAHNRIEMEN AT10-3-7020 65014267,December 2025,-,0.0,22349.73,0.0,,,,,PCE,0.0,0.0,0.0,0.0,,,STOK HABIS / RE-ORDER,
LGND,TOOTHED BELT ZAHNRIEMEN AT10-23-4420-1034 2/82  65008439,December 2025,-,0.0,15449770.0,0.0,,,,,PCE,0.0,0.0,0.0,0.0,,,STOK HABIS / RE-ORDER,
LGND,KABEL CCTV,December 2025,-,0.0,0.0,0.0,,,,,METER,0.0,0.0,0.0,0.0,,,STOK HABIS / RE-ORDER,
LGND,Coolant Top One 4 liter(smua merk coolant),December 2025,-,0.0,0.0,0.0,,,,,CAN,0.0,0.0,0.0,0.0,,,STOK HABIS / RE-ORDER,
LGND,SUPER COOL RADIATOR COOLANT  anti karat (5 liter),December 2025,-,3.0,0.0,0.0,,,,,CAN,3.0,3.0,3.0,0.0,,,AMAN,
LGN,POLYWOOD 12MM,December 2025,-,0.0,0.0,0.0,,,,,LEMBAR,0.0,0.0,0.0,0.0,,,STOK HABIS / RE-ORDER,
LGN,MC HAND SEALER MANUAL  ,December 2025,-,1.0,0.0,0.0,,,,,NIU,1.0,1.0,1.0,0.0,,,AMAN,
LGN,MC STEM REBOTEC,December 2025,-,0.0,0.0,0.0,,,,,NIU,0.0,0.0,0.0,0.0,,,STOK HABIS / RE-ORDER,
PRD,VFD 2098-DSD-HV220 DRIVE WINDER BC,December 2025,-,0.0,0.0,0.0,,,,,NIU,0.0,0.0,0.0,0.0,,,STOK HABIS / RE-ORDER,
PRD,FOLDING ASSEMBLY untuk Blown,December 2025,-,1.0,0.0,0.0,,,,,NIU,1.0,1.0,1.0,0.0,,,AMAN,
PRD,GRINDER TRIM TOP untuk Blown,December 2025,-,1.0,0.0,0.0,,,,,NIU,1.0,1.0,1.0,0.0,,,AMAN,
PRD,MESIN REWINDING(APAC CHINA) UK 1 METER,December 2025,-,1.0,0.0,0.0,,,,,NIU,1.0,1.0,1.0,0.0,,,AMAN,
PRD,SEMI AUTO REWINDING & SILITING MACHINE MODEL ARS-1000,December 2025,-,1.0,104000000.0,104000000.0,,,,,NIU,1.0,1.0,1.0,0.0,,,AMAN,
PRD,SEMI AUTO REWINDING & SILITING MACHINE MODEL ARS-500F,December 2025,-,5.0,46000000.0,230000000.0,,,,,NIU,5.0,5.0,5.0,0.0,,,AMAN,
PRD,FILM BLOWING MACHINE FRAME,December 2025,-,1.0,0.0,0.0,,,,,SET,1.0,1.0,1.0,0.0,,,AMAN,
PRD,BANDARRA BLOWN FILM LINE CONTAINS AS BELOW,December 2025,-,1.0,0.0,0.0,,,,,NIU,1.0,1.0,1.0,0.0,,,AMAN,
PRD,MIXING SILO ORANGE,December 2025,-,1.0,0.0,0.0,,,,,NIU,1.0,1.0,1.0,0.0,,,AMAN,
PRD,HOLO WRAP REWINDER SIZE;500MM,December 2025,-,1.0,0.0,0.0,,,,,NIU,1.0,1.0,1.0,0.0,,,AMAN,
PRD,HOLO WRAP REWINDER SIZE;1000MM,December 2025,-,1.0,0.0,0.0,,,,,NIU,1.0,1.0,1.0,0.0,,,AMAN,
PRD,"ISOLATION TRANSFORMER ""CENTRADO""K-13  1600.00 KVAUNTUK MC DS",December 2025,-,1.0,247000000.0,247000000.0,,,,,NIU,1.0,1.0,1.0,0.0,,,AMAN,
PRD,"STABILIZER ""YORITSU""  1600.00 KVA UNTUK MC DS",December 2025,-,1.0,1150000000.0,1150000000.0,,,,,NIU,1.0,1.0,1.0,0.0,,,AMAN,
PRD,MESIN CUTTING PLASTIK PE1500,December 2025,-,0.0,0.0,0.0,,,,,NIU,0.0,0.0,0.0,0.0,,,STOK HABIS / RE-ORDER,
PRD,MESIN BAND SEALER COUNTINEU,December 2025,-,1.0,0.0,0.0,,,,,NIU,1.0,1.0,1.0,0.0,,,AMAN,
PRODUKSI,NOZAKI BAG MAKING MACHINE INCLUDING ACCESSORIES JAPAN HS NP.8422-4000,December 2025,-,2.0,0.0,0.0,,,,,NIU,2.0,2.0,2.0,0.0,,,AMAN,
PRODUKSI,REWINDER CHINA HS NO.8422-4000,December 2025,-,1.0,0.0,0.0,,,,,NIU,1.0,1.0,1.0,0.0,,,AMAN,
PRD,COMPRESSOR  H2NG244GPEF,December 2025,-,0.0,14009985.0,0.0,,,,,NIU,0.0,0.0,0.0,0.0,,,STOK HABIS / RE-ORDER,
PRD,COMPRESSOR  ZR380KCE-TWD-523,December 2025,-,0.0,24676.62,0.0,,,,,NIU,0.0,0.0,0.0,0.0,,,STOK HABIS / RE-ORDER,
PRD,WESTAIR SCREW COMPRESSOR WSD 37  LINGHEIN,December 2025,-,1.0,89000000.0,89000000.0,,,,,NIU,1.0,1.0,1.0,0.0,,,AMAN,
PRD,AIR COOLED SCREW CHILLER,December 2025,-,1.0,558000.0,558000.0,,,,,NIU,1.0,1.0,1.0,0.0,,,AMAN,
PRD,AIR COOLED SCREW CHILLER HS 8418.69,December 2025,-,2.0,0.0,0.0,,,,,NIU,2.0,2.0,2.0,0.0,,,AMAN,
PRD,AIR DRYER MODEL HAD-15.0BNF,December 2025,-,1.0,0.0,0.0,,,,,NIU,1.0,1.0,1.0,0.0,,,AMAN,
PRD,AIR PRESSURE TANK  4000L  TANGKI UDARA,December 2025,-,1.0,0.0,0.0,,,,,NIU,1.0,1.0,1.0,0.0,,,AMAN,
PRD,SCREW COMPRESSOR REPAIR,December 2025,-,0.0,0.0,0.0,,,,,NIU,0.0,0.0,0.0,0.0,,,STOK HABIS / RE-ORDER,
PRD,SEHD ENERGY-EFFICENT HOPPERS DRYERS MODEL SEHD-200-CE,December 2025,-,1.0,0.0,0.0,,,,,SET,1.0,1.0,1.0,0.0,,,AMAN,
PRD,MODEL SAL-820G-CE INCLUDE SINGLE HOPPER RECEIVER,December 2025,-,1.0,0.0,0.0,,,,,SET,1.0,1.0,1.0,0.0,,,AMAN,
PRD CORE,MESIN  PRESS PONS MESS MANUAL,December 2025,-,1.0,0.0,0.0,,,,,NIU,1.0,1.0,1.0,0.0,,,AMAN,
RUANG TEHNIK,7001 129.00.000014 EP 1 OPTYSCAN HEAD,December 2025,-,0.0,0.0,0.0,,,,,PCE,0.0,0.0,0.0,0.0,,,STOK HABIS / RE-ORDER,
RVBL,V-Belt XPB 2060,December 2025,-,5.0,0.0,0.0,,,,,PCE,5.0,5.0,5.0,0.0,,,AMAN,
RVBL,Belt B 2600 Li/ B-104,December 2025,-,5.0,0.0,0.0,,,,,PCE,5.0,5.0,5.0,0.0,,,AMAN,
RVBL,V-BELT MITSUBITSI B-45,December 2025,-,0.0,0.0,0.0,,,,,PCE,0.0,0.0,0.0,0.0,,,STOK HABIS / RE-ORDER,
RVBL,BELT T10/1010-ST 310118,December 2025,-,0.0,0.0,0.0,,,,,PCE,0.0,0.0,0.0,0.0,,,STOK HABIS / RE-ORDER,
RVBL,V-BELT B-1270LI,December 2025,-,0.0,0.0,0.0,,,,,PCE,0.0,0.0,0.0,0.0,,,STOK HABIS / RE-ORDER,
RVBL,V-BELT B-81,December 2025,-,0.0,0.0,0.0,,,,,PCE,0.0,0.0,0.0,0.0,,,STOK HABIS / RE-ORDER,
RVBL (A),Tooth Belth ZR 420 H,December 2025,-,7.0,0.0,0.0,,,,,PCE,7.0,7.0,7.0,0.0,,,AMAN,
RVBL (A),Tooth Belt HTD 1120-8M X 30CM,December 2025,-,5.0,0.0,0.0,,,,,PCE,5.0,5.0,5.0,0.0,,,AMAN,
RVBL (A),Tooth Belt HTD 1120-8MX20CM,December 2025,-,6.0,0.0,0.0,,,,,PCE,6.0,6.0,6.0,0.0,,,AMAN,
RVBL (A),Belt 420/1067 PJ,December 2025,-,5.0,0.0,0.0,,,,,PCE,5.0,5.0,5.0,0.0,,,AMAN,
RVBL (A),Tooth Belt 880 - 8M,December 2025,-,5.0,0.0,0.0,,,,,PCE,5.0,5.0,5.0,0.0,,,AMAN,
RVBL (A),Belt PJ 1054,December 2025,-,6.0,0.0,0.0,,,,,PCE,6.0,6.0,6.0,0.0,,,AMAN,
RVBL (A),Tooth Belt HTD 776-8M,December 2025,-,6.0,0.0,0.0,,,,,PCE,7.0,6.0,6.0,-1.0,,,AMAN,
RVBL (A),Tooth Belt HTD 720-8M,December 2025,-,8.0,0.0,0.0,,,,,PCE,9.0,8.0,8.0,-1.0,,,AMAN,
RVBL (A),V-BELT HTD 720-5M,December 2025,-,6.0,0.0,0.0,,,,,PCE,6.0,6.0,6.0,0.0,,,AMAN,
RVBL (A),V-BELT HTD 740-5M,December 2025,-,0.0,0.0,0.0,,,,,PCE,0.0,0.0,0.0,0.0,,,STOK HABIS / RE-ORDER,
RVBL (A),V-BELT HTD 850-5M,December 2025,-,2.0,0.0,0.0,,,,,PCE,2.0,2.0,2.0,0.0,,,AMAN,
RVBL (A),Belt PJ 762,December 2025,-,6.0,0.0,0.0,,,,,PCE,6.0,6.0,6.0,0.0,,,AMAN,
RVBL (A),Belt PJ 813,December 2025,-,6.0,0.0,0.0,,,,,PCE,6.0,6.0,6.0,0.0,,,AMAN,
RVBL (A),Belt PJ 1092x37mm,December 2025,-,19.0,0.0,0.0,,,,,PCE,19.0,19.0,19.0,0.0,,,AMAN,
RVBL (A),Tooth Belt 281005,December 2025,-,2.0,0.0,0.0,,,,,PCE,2.0,2.0,2.0,0.0,,,AMAN,
RVBL (A),Tooth Belt GT3 880 8MGT,December 2025,-,2.0,0.0,0.0,,,,,PCE,2.0,2.0,2.0,0.0,,,AMAN,
RVBL (A),V-Belt 5480 17x1200Li(RECMF-8480 ),December 2025,-,1.0,0.0,0.0,,,,,PCE,1.0,1.0,1.0,0.0,,,AMAN,
RVBL (A),V-Belt 5490 17x1220Li,December 2025,-,0.0,0.0,0.0,,,,,PCE,0.0,0.0,0.0,0.0,,,STOK HABIS / RE-ORDER,
RVBL (A),V-Belt 5850 17x2120Li,December 2025,-,3.0,0.0,0.0,,,,,PCE,3.0,3.0,3.0,0.0,,,AMAN,
RVBL (A),V-Belt X17 2072 LP BX 80,December 2025,-,0.0,0.0,0.0,,,,,PCE,0.0,0.0,0.0,0.0,,,STOK HABIS / RE-ORDER,
RVBL (A),V-BELT BX80,December 2025,-,0.0,0.0,0.0,,,,,PCE,0.0,0.0,0.0,0.0,,,STOK HABIS / RE-ORDER,
RVBL (A),V-Belt B 197,December 2025,-,3.0,0.0,0.0,,,,,PCE,3.0,3.0,3.0,0.0,,,AMAN,
RVBL (A),V-Belt SPB 3070 LW,December 2025,-,2.0,0.0,0.0,,,,,PCE,2.0,2.0,2.0,0.0,,,AMAN,
RVBL (A),V-Belt XPA 1500 1813,December 2025,-,4.0,0.0,0.0,,,,,PCE,4.0,4.0,4.0,0.0,,,AMAN,
RVBL (A),"V-Belt 3610 12,5x1575 la",December 2025,-,3.0,0.0,0.0,,,,,PCE,3.0,3.0,3.0,0.0,,,AMAN,
RVBL (A),V-Belt 3Vx560,December 2025,-,11.0,0.0,0.0,,,,,PCE,11.0,11.0,11.0,0.0,,,AMAN,
RVBL (A),V-Belt RCMF-8470 155Li,December 2025,-,4.0,0.0,0.0,,,,,PCE,4.0,4.0,4.0,0.0,,,AMAN,
RVBL (A),V-Belt V15x1320 Le 8510,December 2025,-,1.0,0.0,0.0,,,,,PCE,1.0,1.0,1.0,0.0,,,AMAN,
RVBL (A),V Belt A 59,December 2025,-,2.0,0.0,0.0,,,,,PCE,2.0,2.0,2.0,0.0,,,AMAN,
RVBL (A),Lantech 31028794,December 2025,-,1.0,0.0,0.0,,,,,PCE,1.0,1.0,1.0,0.0,,,AMAN,
RVBL (A),V-BELT A47,December 2025,-,2.0,0.0,0.0,,,,,PCE,2.0,2.0,2.0,0.0,,,AMAN,
RVBL (A),V-BELT B- 813LI(B-33),December 2025,-,10.0,0.0,0.0,,,,,PCE,10.0,10.0,10.0,0.0,,,AMAN,
RVBL (A),V-BELT B-82,December 2025,-,6.0,0.0,0.0,,,,,PCE,6.0,6.0,6.0,0.0,,,AMAN,
RVBL (A),V-BELT MITSUBOSHI B-125,December 2025,-,4.0,0.0,0.0,,,,,PCE,4.0,4.0,4.0,0.0,,,AMAN,
RVBL(A),TOOTH BELT HTD 1304-8M,December 2025,-,4.0,0.0,0.0,,,,,PCE,4.0,4.0,4.0,0.0,,,AMAN,
RVBL(A),TOOTHBELT 420,December 2025,-,5.0,0.0,0.0,,,,,PCE,5.0,5.0,5.0,0.0,,,AMAN,
RVBL (B),V-Belt XPA 1557,December 2025,-,1.0,0.0,0.0,,,,,PCE,1.0,1.0,1.0,0.0,,,AMAN,
RVBL (B),Tooth Belt 300L,December 2025,-,2.0,0.0,0.0,,,,,PCE,2.0,2.0,2.0,0.0,,,AMAN,
RVBL (B),V-Belt A 63,December 2025,-,1.0,0.0,0.0,,,,,PCE,1.0,1.0,1.0,0.0,,,AMAN,
RVBL (B),V-Belt B 61,December 2025,-,4.0,0.0,0.0,,,,,PCE,4.0,4.0,4.0,0.0,,,AMAN,
RVBL (B),V-BELT B 63,December 2025,-,3.0,0.0,0.0,,,,,PCE,3.0,3.0,3.0,0.0,,,AMAN,
RVBL (B),V-Belt B 46,December 2025,-,2.0,0.0,0.0,,,,,PCE,2.0,2.0,2.0,0.0,,,AMAN,
RVBL (B),V-Belt XPB 2020,December 2025,-,9.0,0.0,0.0,,,,,PCE,9.0,9.0,9.0,0.0,,,AMAN,
RVBL (B),V-Belt A 65,December 2025,-,1.0,0.0,0.0,,,,,PCE,1.0,1.0,1.0,0.0,,,AMAN,
RVBL (B),V-Belt B 34,December 2025,-,7.0,0.0,0.0,,,,,PCE,7.0,7.0,7.0,0.0,,,AMAN,
RVBL (B),V-Belt B 44,December 2025,-,5.0,0.0,0.0,,,,,PCE,5.0,5.0,5.0,0.0,,,AMAN,
RVBL (B),V-Belt XPA 1132,December 2025,-,6.0,0.0,0.0,,,,,PCE,6.0,6.0,6.0,0.0,,,AMAN,
RVBL (B),Belt PJ 1092 5AX13CM,December 2025,-,8.0,0.0,0.0,,,,,PCE,8.0,8.0,8.0,0.0,,,AMAN,
RVBL (B),V-Belt A 61,December 2025,-,3.0,0.0,0.0,,,,,PCE,3.0,3.0,3.0,0.0,,,AMAN,
RVBL (B),Belt HTD 2104-8M,December 2025,-,2.0,0.0,0.0,,,,,PCE,2.0,2.0,2.0,0.0,,,AMAN,
RVBL (B),HTD 1245 3M,December 2025,-,1.0,0.0,0.0,,,,,PCE,1.0,1.0,1.0,0.0,,,AMAN,
RVBL (B),V-BELT B-51  Mitsuboshi Set Free,December 2025,-,10.0,0.0,0.0,,,,,PCE,10.0,10.0,10.0,0.0,,,AMAN,
RVBL (B),RECMF-8420 25 23LI,December 2025,-,4.0,0.0,0.0,,,,,PCE,2.0,4.0,4.0,2.0,,,AMAN,
RVBL (B),Belt ZR 150 L,December 2025,-,2.0,0.0,0.0,,,,,PCE,2.0,2.0,2.0,0.0,,,AMAN,
RVBL (B),Belt ZR 120 L,December 2025,-,3.0,0.0,0.0,,,,,PCE,3.0,3.0,3.0,0.0,,,AMAN,
RVBL (B),Belt A-46,December 2025,-,4.0,0.0,0.0,,,,,PCE,4.0,4.0,4.0,0.0,,,AMAN,
RVBL (B),V-BELT A-35,December 2025,-,1.0,0.0,0.0,,,,,PCE,1.0,1.0,1.0,0.0,,,AMAN,
RVBL (B),Optibelt ZR 1100H,December 2025,-,2.0,0.0,0.0,,,,,PCE,2.0,2.0,2.0,0.0,,,AMAN,
RVBL (B),V15X1090Le 8420,December 2025,-,2.0,0.0,0.0,,,,,PCE,2.0,2.0,2.0,0.0,,,AMAN,
RVBL (B),Optibelt ZR 202 L,December 2025,-,3.0,0.0,0.0,,,,,PCE,3.0,3.0,3.0,0.0,,,AMAN,
RVBL (B),Belt 405 L,December 2025,-,2.0,0.0,0.0,,,,,PCE,2.0,2.0,2.0,0.0,,,AMAN,
RVBL (B),V-BELT ZR-390 L,December 2025,-,2.0,0.0,0.0,,,,,PCE,2.0,2.0,2.0,0.0,,,AMAN,
RVBL (B),V-BELT A-37,December 2025,-,5.0,0.0,0.0,,,,,PCE,5.0,5.0,5.0,0.0,,,AMAN,
RVBL (B),V-BELT  A-23,December 2025,-,2.0,0.0,0.0,,,,,PCE,2.0,2.0,2.0,0.0,,,AMAN,
RVBL (B),V-BELT A49,December 2025,-,1.0,0.0,0.0,,,,,PCE,1.0,1.0,1.0,0.0,,,AMAN,
RVBL (B),V-BELT MITSUBOSHI B-50,December 2025,-,6.0,0.0,0.0,,,,,PCE,6.0,6.0,6.0,0.0,,,AMAN,
RVBL (B),V-BELT B-49,December 2025,-,1.0,0.0,0.0,,,,,PCE,1.0,1.0,1.0,0.0,,,AMAN,
RVBL (B),V-BELT MITSUBOSHI B-48,December 2025,-,4.0,0.0,0.0,,,,,PCE,4.0,4.0,4.0,0.0,,,AMAN,
RVBL (B),V-BELT MITSUBOSHI B-86,December 2025,-,8.0,0.0,0.0,,,,,PCE,8.0,8.0,8.0,0.0,,,AMAN,
RVBL (B),V-BELT MITSUBOSHI B-93,December 2025,-,12.0,0.0,0.0,,,,,PCE,12.0,12.0,12.0,0.0,,,AMAN,
RVBL (B),V-BELT B-1194LI(B-47),December 2025,-,10.0,0.0,0.0,,,,,PCE,10.0,10.0,10.0,0.0,,,AMAN,
RVBL (B),V-BELT  B-1092LI,December 2025,-,2.0,0.0,0.0,,,,,PCE,2.0,2.0,2.0,0.0,,,AMAN,
RVBL (B),V-BELT HTD 780-5M,December 2025,-,3.0,0.0,0.0,,,,,PCE,3.0,3.0,3.0,0.0,,,AMAN,
RVBL (B),V-BELT 325-5M,December 2025,-,7.0,0.0,0.0,,,,,PCE,7.0,7.0,7.0,0.0,,,AMAN,
RVBL (B),V-BELT 130XL,December 2025,-,3.0,0.0,0.0,,,,,PCE,3.0,3.0,3.0,0.0,,,AMAN,
RVBL (B),V-BELT HTD  800  - 5M,December 2025,-,2.0,0.0,0.0,,,,,PCE,2.0,2.0,2.0,0.0,,,AMAN,
RVBL (B),V-BELT HTD  825 - 5M,December 2025,-,4.0,0.0,0.0,,,,,PCE,4.0,4.0,4.0,0.0,,,AMAN,
RVBL (B),V-BELT B-103 ,December 2025,-,2.0,0.0,0.0,,,,,PCE,2.0,2.0,2.0,0.0,,,AMAN,
RVBL(B),V-BELT XPB 2150,December 2025,-,8.0,0.0,0.0,,,,,PCE,8.0,8.0,8.0,0.0,,,AMAN,
RVBL(B),V-BELT 1050-5M,December 2025,-,1.0,0.0,0.0,,,,,PCE,1.0,1.0,1.0,0.0,,,AMAN,
RVBL(B),OPTIBELT OMEGA 1125-5M,December 2025,-,1.0,0.0,0.0,,,,,PCE,1.0,1.0,1.0,0.0,,,AMAN,
RVBL(B),V- BELT HTD 1100-5M,December 2025,-,2.0,0.0,0.0,,,,,PCE,2.0,2.0,2.0,0.0,,,AMAN,
RVBL(B),V-BELT HTD 900-5M,December 2025,-,2.0,0.0,0.0,,,,,PCE,2.0,2.0,2.0,0.0,,,AMAN,
RVBL(B),V-BELT HTD 775-5M,December 2025,-,2.0,0.0,0.0,,,,,PCE,2.0,2.0,2.0,0.0,,,AMAN,
RVBL(B),V-BELT HTD 565-5M,December 2025,-,1.0,0.0,0.0,,,,,PCE,1.0,1.0,1.0,0.0,,,AMAN,
RVBL(B),V-BELT HTD 1135-5M,December 2025,-,1.0,0.0,0.0,,,,,PCE,1.0,1.0,1.0,0.0,,,AMAN,
RVBL(B),V-BELT HTD 1160-5M,December 2025,-,0.0,0.0,0.0,,,,,PCE,0.0,0.0,0.0,0.0,,,STOK HABIS / RE-ORDER,
RVBL(B),V-BELT TP 1800-8M NH SML1,December 2025,-,1.0,0.0,0.0,,,,,PCE,1.0,1.0,1.0,0.0,,,AMAN,
RVBL(B),OPTIBELT OMEGA 1890-14M,December 2025,-,2.0,0.0,0.0,,,,,PCE,2.0,2.0,2.0,0.0,,,AMAN,
RVBL(B),V-BELT A-32,December 2025,-,1.0,0.0,0.0,,,,,PCE,1.0,1.0,1.0,0.0,,,AMAN,
RVBL(B),V-BELT A-53,December 2025,-,2.0,0.0,0.0,,,,,PCE,2.0,2.0,2.0,0.0,,,AMAN,
RVBL(B),V-BELT C-60,December 2025,-,0.0,0.0,0.0,,,,,PCE,0.0,0.0,0.0,0.0,,,STOK HABIS / RE-ORDER,
RVBL(B),V-BELT 360H NOZAKI,December 2025,-,4.0,0.0,0.0,,,,,PCE,4.0,4.0,4.0,0.0,,,AMAN,
RVBL(B),THOOTH BELT 310H NOZAKI,December 2025,-,1.0,0.0,0.0,,,,,PCE,1.0,1.0,1.0,0.0,,,AMAN,
RVBL(B),V-BELT 240XL 375J,December 2025,-,2.0,0.0,0.0,,,,,PCE,2.0,2.0,2.0,0.0,,,AMAN,
-,"BARANG IMPOR YANG ADA DATA BC 2.3,BC4.0 DAN PACKING LIST",December 2025,-,0.0,0.0,0.0,,,,,,0.0,0.0,0.0,0.0,,,STOK HABIS / RE-ORDER,
-,"BARANG YANG SUDAH  DI BUAT KAN KODE DI APPAC TETAPI TIDAK ADA DATA BC 2.3,BC 4.0 DAN PACKING LIST",December 2025,-,0.0,0.0,0.0,,,,,,0.0,0.0,0.0,0.0,,,STOK HABIS / RE-ORDER,
